/*******************************************************************************
 * Size: 40 px
 * Bpp: 8
 * Opts: --bpp 8 --size 40 --no-compress --font C:\Users\Admin\Desktop\impact.ttf --symbols ° --range 32-127 --format lvgl
 ******************************************************************************/

#ifdef __has_include
    #if __has_include("lvgl.h")
        #ifndef LV_LVGL_H_INCLUDE_SIMPLE
            #define LV_LVGL_H_INCLUDE_SIMPLE
        #endif
    #endif
#endif

#ifdef LV_LVGL_H_INCLUDE_SIMPLE
    #include "lvgl.h"
#else
    #include "lvgl.h"
#endif

#ifndef UI_FONT_IMPACT_40
#define UI_FONT_IMPACT_40 1
#endif

#if UI_FONT_IMPACT_40

/*-----------------
 *    BITMAPS
 *----------------*/

/*Store the image of the glyphs*/
static LV_ATTRIBUTE_LARGE_CONST const uint8_t glyph_bitmap[] = {
    /* U+0020 " " */

    /* U+0021 "!" */
    0x92, 0xff, 0xff, 0xff, 0xff, 0xff, 0xff, 0xff,
    0xff, 0xc, 0x84, 0xff, 0xff, 0xff, 0xff, 0xff,
    0xff, 0xff, 0xfe, 0x1, 0x76, 0xff, 0xff, 0xff,
    0xff, 0xff, 0xff, 0xff, 0xf2, 0x0, 0x69, 0xff,
    0xff, 0xff, 0xff, 0xff, 0xff, 0xff, 0xe4, 0x0,
    0x5b, 0xff, 0xff, 0xff, 0xff, 0xff, 0xff, 0xff,
    0xd7, 0x0, 0x4d, 0xff, 0xff, 0xff, 0xff, 0xff,
    0xff, 0xff, 0xc9, 0x0, 0x40, 0xff, 0xff, 0xff,
    0xff, 0xff, 0xff, 0xff, 0xbc, 0x0, 0x32, 0xff,
    0xff, 0xff, 0xff, 0xff, 0xff, 0xff, 0xae, 0x0,
    0x24, 0xff, 0xff, 0xff, 0xff, 0xff, 0xff, 0xff,
    0xa1, 0x0, 0x17, 0xff, 0xff, 0xff, 0xff, 0xff,
    0xff, 0xff, 0x93, 0x0, 0x9, 0xff, 0xff, 0xff,
    0xff, 0xff, 0xff, 0xff, 0x86, 0x0, 0x0, 0xfb,
    0xff, 0xff, 0xff, 0xff, 0xff, 0xff, 0x78, 0x0,
    0x0, 0xee, 0xff, 0xff, 0xff, 0xff, 0xff, 0xff,
    0x6b, 0x0, 0x0, 0xe0, 0xff, 0xff, 0xff, 0xff,
    0xff, 0xff, 0x5d, 0x0, 0x0, 0xd3, 0xff, 0xff,
    0xff, 0xff, 0xff, 0xff, 0x50, 0x0, 0x0, 0xc5,
    0xff, 0xff, 0xff, 0xff, 0xff, 0xff, 0x42, 0x0,
    0x0, 0xb7, 0xff, 0xff, 0xff, 0xff, 0xff, 0xff,
    0x35, 0x0, 0x0, 0xaa, 0xff, 0xff, 0xff, 0xff,
    0xff, 0xff, 0x27, 0x0, 0x0, 0x9c, 0xff, 0xff,
    0xff, 0xff, 0xff, 0xff, 0x1a, 0x0, 0x0, 0x8e,
    0xff, 0xff, 0xff, 0xff, 0xff, 0xff, 0xc, 0x0,
    0x0, 0x81, 0xff, 0xff, 0xff, 0xff, 0xff, 0xfe,
    0x1, 0x0, 0x0, 0x73, 0xff, 0xff, 0xff, 0xff,
    0xff, 0xf2, 0x0, 0x0, 0x0, 0x65, 0xff, 0xff,
    0xff, 0xff, 0xff, 0xe4, 0x0, 0x0, 0x0, 0x58,
    0xff, 0xff, 0xff, 0xff, 0xff, 0xd7, 0x0, 0x0,
    0x0, 0x1a, 0x58, 0x58, 0x58, 0x58, 0x58, 0x46,
    0x0, 0x0, 0x0, 0x72, 0x78, 0x78, 0x78, 0x78,
    0x78, 0x78, 0x34, 0x0, 0x0, 0xf4, 0xff, 0xff,
    0xff, 0xff, 0xff, 0xff, 0x70, 0x0, 0x0, 0xf4,
    0xff, 0xff, 0xff, 0xff, 0xff, 0xff, 0x70, 0x0,
    0x0, 0xf4, 0xff, 0xff, 0xff, 0xff, 0xff, 0xff,
    0x70, 0x0, 0x0, 0xf4, 0xff, 0xff, 0xff, 0xff,
    0xff, 0xff, 0x70, 0x0, 0x0, 0xf4, 0xff, 0xff,
    0xff, 0xff, 0xff, 0xff, 0x70, 0x0, 0x0, 0xf4,
    0xff, 0xff, 0xff, 0xff, 0xff, 0xff, 0x70, 0x0,

    /* U+0022 "\"" */
    0x4c, 0xff, 0xff, 0xff, 0xff, 0xff, 0xb0, 0x0,
    0xe4, 0xff, 0xff, 0xff, 0xff, 0xff, 0x14, 0x4c,
    0xff, 0xff, 0xff, 0xff, 0xff, 0xb0, 0x0, 0xe4,
    0xff, 0xff, 0xff, 0xff, 0xff, 0x14, 0x4c, 0xff,
    0xff, 0xff, 0xff, 0xff, 0xb0, 0x0, 0xe4, 0xff,
    0xff, 0xff, 0xff, 0xff, 0x14, 0x4c, 0xff, 0xff,
    0xff, 0xff, 0xff, 0xb0, 0x0, 0xe4, 0xff, 0xff,
    0xff, 0xff, 0xff, 0x14, 0x4b, 0xff, 0xff, 0xff,
    0xff, 0xff, 0xaf, 0x0, 0xe3, 0xff, 0xff, 0xff,
    0xff, 0xff, 0x13, 0x32, 0xff, 0xff, 0xff, 0xff,
    0xff, 0x98, 0x0, 0xca, 0xff, 0xff, 0xff, 0xff,
    0xf8, 0x3, 0x6, 0xfa, 0xff, 0xff, 0xff, 0xff,
    0x6d, 0x0, 0x99, 0xff, 0xff, 0xff, 0xff, 0xd1,
    0x0, 0x0, 0xd1, 0xff, 0xff, 0xff, 0xff, 0x43,
    0x0, 0x69, 0xff, 0xff, 0xff, 0xff, 0xa7, 0x0,
    0x0, 0xa1, 0xff, 0xff, 0xff, 0xff, 0x18, 0x0,
    0x39, 0xff, 0xff, 0xff, 0xff, 0x7c, 0x0, 0x0,
    0x70, 0xff, 0xff, 0xff, 0xee, 0x0, 0x0, 0xa,
    0xfd, 0xff, 0xff, 0xff, 0x52, 0x0, 0x0, 0x1f,
    0x68, 0x68, 0x68, 0x54, 0x0, 0x0, 0x0, 0x5d,
    0x68, 0x68, 0x68, 0x15, 0x0,

    /* U+0023 "#" */
    0x0, 0x0, 0x0, 0x0, 0x0, 0x0, 0x0, 0x0,
    0xbf, 0xff, 0xff, 0xf0, 0x1, 0x0, 0x0, 0x0,
    0x0, 0x0, 0x26, 0xff, 0xff, 0xff, 0x89, 0x0,
    0x0, 0x0, 0x0, 0x0, 0x0, 0x0, 0x0, 0x0,
    0x1, 0xf1, 0xff, 0xff, 0xbc, 0x0, 0x0, 0x0,
    0x0, 0x0, 0x0, 0x5a, 0xff, 0xff, 0xff, 0x56,
    0x0, 0x0, 0x0, 0x0, 0x0, 0x0, 0x0, 0x0,
    0x0, 0x28, 0xff, 0xff, 0xff, 0x88, 0x0, 0x0,
    0x0, 0x0, 0x0, 0x0, 0x8d, 0xff, 0xff, 0xff,
    0x22, 0x0, 0x0, 0x0, 0x0, 0x0, 0x0, 0x0,
    0x0, 0x0, 0x5c, 0xff, 0xff, 0xff, 0x53, 0x0,
    0x0, 0x0, 0x0, 0x0, 0x0, 0xc1, 0xff, 0xff,
    0xee, 0x0, 0x0, 0x0, 0x0, 0x0, 0x0, 0x0,
    0x0, 0x0, 0x0, 0x91, 0xff, 0xff, 0xff, 0x1f,
    0x0, 0x0, 0x0, 0x0, 0x0, 0x1, 0xf2, 0xff,
    0xff, 0xbb, 0x0, 0x0, 0x0, 0x0, 0x0, 0x0,
    0x0, 0x0, 0x0, 0x0, 0xc5, 0xff, 0xff, 0xea,
    0x0, 0x0, 0x0, 0x0, 0x0, 0x0, 0x28, 0xff,
    0xff, 0xff, 0x88, 0x0, 0x0, 0x0, 0x0, 0x0,
    0x0, 0x0, 0x0, 0x0, 0x3, 0xf5, 0xff, 0xff,
    0xb6, 0x0, 0x0, 0x0, 0x0, 0x0, 0x0, 0x5b,
    0xff, 0xff, 0xff, 0x54, 0x0, 0x0, 0x0, 0x0,
    0x0, 0x0, 0x0, 0x0, 0x0, 0x2e, 0xff, 0xff,
    0xff, 0x82, 0x0, 0x0, 0x0, 0x0, 0x0, 0x0,
    0x8e, 0xff, 0xff, 0xff, 0x21, 0x0, 0x0, 0x0,
    0x4c, 0xff, 0xff, 0xff, 0xff, 0xff, 0xff, 0xff,
    0xff, 0xff, 0xff, 0xff, 0xff, 0xff, 0xff, 0xff,
    0xff, 0xff, 0xff, 0xff, 0xff, 0xff, 0xff, 0xff,
    0x5c, 0x4c, 0xff, 0xff, 0xff, 0xff, 0xff, 0xff,
    0xff, 0xff, 0xff, 0xff, 0xff, 0xff, 0xff, 0xff,
    0xff, 0xff, 0xff, 0xff, 0xff, 0xff, 0xff, 0xff,
    0xff, 0x5c, 0x4c, 0xff, 0xff, 0xff, 0xff, 0xff,
    0xff, 0xff, 0xff, 0xff, 0xff, 0xff, 0xff, 0xff,
    0xff, 0xff, 0xff, 0xff, 0xff, 0xff, 0xff, 0xff,
    0xff, 0xff, 0x5c, 0x3c, 0xcc, 0xcc, 0xcc, 0xcc,
    0xcc, 0xff, 0xff, 0xff, 0xef, 0xcc, 0xcc, 0xcc,
    0xcc, 0xcc, 0xcc, 0xdf, 0xff, 0xff, 0xff, 0xdb,
    0xcc, 0xcc, 0xcc, 0x49, 0x0, 0x0, 0x0, 0x0,
    0x0, 0x20, 0xff, 0xff, 0xff, 0x90, 0x0, 0x0,
    0x0, 0x0, 0x0, 0x0, 0x7f, 0xff, 0xff, 0xff,
    0x30, 0x0, 0x0, 0x0, 0x0, 0x0, 0x0, 0x0,
    0x0, 0x0, 0x53, 0xff, 0xff, 0xff, 0x5e, 0x0,
    0x0, 0x0, 0x0, 0x0, 0x0, 0xb1, 0xff, 0xff,
    0xf8, 0x5, 0x0, 0x0, 0x0, 0x0, 0x0, 0x0,
    0x0, 0x0, 0x0, 0x86, 0xff, 0xff, 0xff, 0x2b,
    0x0, 0x0, 0x0, 0x0, 0x0, 0x0, 0xe3, 0xff,
    0xff, 0xcb, 0x0, 0x0, 0x0, 0x0, 0x0, 0x0,
    0x0, 0x0, 0x0, 0x0, 0xb9, 0xff, 0xff, 0xf6,
    0x3, 0x0, 0x0, 0x0, 0x0, 0x0, 0x14, 0xff,
    0xff, 0xff, 0x99, 0x0, 0x0, 0x0, 0x0, 0x0,
    0x0, 0x0, 0x0, 0x0, 0x0, 0xeb, 0xff, 0xff,
    0xc7, 0x0, 0x0, 0x0, 0x0, 0x0, 0x0, 0x46,
    0xff, 0xff, 0xff, 0x67, 0x0, 0x0, 0x0, 0x0,
    0x0, 0x0, 0x0, 0x0, 0x0, 0x1f, 0xff, 0xff,
    0xff, 0x95, 0x0, 0x0, 0x0, 0x0, 0x0, 0x0,
    0x77, 0xff, 0xff, 0xff, 0x35, 0x0, 0x0, 0x0,
    0x0, 0x0, 0x4c, 0xff, 0xff, 0xff, 0xff, 0xff,
    0xff, 0xff, 0xff, 0xff, 0xff, 0xff, 0xff, 0xff,
    0xff, 0xff, 0xff, 0xff, 0xff, 0xff, 0xff, 0xff,
    0xff, 0xff, 0x5c, 0x4c, 0xff, 0xff, 0xff, 0xff,
    0xff, 0xff, 0xff, 0xff, 0xff, 0xff, 0xff, 0xff,
    0xff, 0xff, 0xff, 0xff, 0xff, 0xff, 0xff, 0xff,
    0xff, 0xff, 0xff, 0x5c, 0x4c, 0xff, 0xff, 0xff,
    0xff, 0xff, 0xff, 0xff, 0xff, 0xff, 0xff, 0xff,
    0xff, 0xff, 0xff, 0xff, 0xff, 0xff, 0xff, 0xff,
    0xff, 0xff, 0xff, 0xff, 0x5c, 0x3b, 0xc8, 0xc8,
    0xc8, 0xff, 0xff, 0xff, 0xee, 0xc8, 0xc8, 0xc8,
    0xc8, 0xc8, 0xc8, 0xda, 0xff, 0xff, 0xff, 0xdd,
    0xc8, 0xc8, 0xc8, 0xc8, 0xc8, 0x47, 0x0, 0x0,
    0x0, 0x21, 0xff, 0xff, 0xff, 0x8c, 0x0, 0x0,
    0x0, 0x0, 0x0, 0x0, 0x75, 0xff, 0xff, 0xff,
    0x3e, 0x0, 0x0, 0x0, 0x0, 0x0, 0x0, 0x0,
    0x0, 0x0, 0x59, 0xff, 0xff, 0xff, 0x56, 0x0,
    0x0, 0x0, 0x0, 0x0, 0x0, 0xae, 0xff, 0xff,
    0xfb, 0xa, 0x0, 0x0, 0x0, 0x0, 0x0, 0x0,
    0x0, 0x0, 0x0, 0x92, 0xff, 0xff, 0xff, 0x20,
    0x0, 0x0, 0x0, 0x0, 0x0, 0x0, 0xe7, 0xff,
    0xff, 0xcc, 0x0, 0x0, 0x0, 0x0, 0x0, 0x0,
    0x0, 0x0, 0x0, 0x0, 0xca, 0xff, 0xff, 0xe9,
    0x0, 0x0, 0x0, 0x0, 0x0, 0x0, 0x20, 0xff,
    0xff, 0xff, 0x93, 0x0, 0x0, 0x0, 0x0, 0x0,
    0x0, 0x0, 0x0, 0x0, 0x8, 0xfa, 0xff, 0xff,
    0xb3, 0x0, 0x0, 0x0, 0x0, 0x0, 0x0, 0x59,
    0xff, 0xff, 0xff, 0x5a, 0x0, 0x0, 0x0, 0x0,
    0x0, 0x0, 0x0, 0x0, 0x0, 0x3b, 0xff, 0xff,
    0xff, 0x7d, 0x0, 0x0, 0x0, 0x0, 0x0, 0x0,
    0x92, 0xff, 0xff, 0xff, 0x21, 0x0, 0x0, 0x0,
    0x0, 0x0, 0x0, 0x0, 0x0, 0x0, 0x74, 0xff,
    0xff, 0xff, 0x47, 0x0, 0x0, 0x0, 0x0, 0x0,
    0x0, 0xcb, 0xff, 0xff, 0xe8, 0x0, 0x0, 0x0,
    0x0, 0x0, 0x0, 0x0, 0x0,

    /* U+0024 "$" */
    0x0, 0x0, 0x0, 0x0, 0x0, 0x0, 0x0, 0x0,
    0x61, 0x68, 0x68, 0x49, 0x0, 0x0, 0x0, 0x0,
    0x0, 0x0, 0x0, 0x0, 0x0, 0x0, 0x0, 0x0,
    0x0, 0x0, 0x0, 0x0, 0xf0, 0xff, 0xff, 0xb4,
    0x0, 0x0, 0x0, 0x0, 0x0, 0x0, 0x0, 0x0,
    0x0, 0x0, 0x0, 0x0, 0x0, 0x0, 0x0, 0x0,
    0xf0, 0xff, 0xff, 0xb4, 0x0, 0x0, 0x0, 0x0,
    0x0, 0x0, 0x0, 0x0, 0x0, 0x0, 0x0, 0x0,
    0x3, 0x43, 0x8b, 0xba, 0xfd, 0xff, 0xff, 0xf0,
    0xac, 0x72, 0x1c, 0x0, 0x0, 0x0, 0x0, 0x0,
    0x0, 0x0, 0x0, 0x61, 0xe3, 0xff, 0xff, 0xff,
    0xff, 0xff, 0xff, 0xff, 0xff, 0xff, 0xfd, 0x9c,
    0x12, 0x0, 0x0, 0x0, 0x0, 0x3, 0xa4, 0xff,
    0xff, 0xff, 0xff, 0xff, 0xff, 0xff, 0xff, 0xff,
    0xff, 0xff, 0xff, 0xff, 0xd7, 0x19, 0x0, 0x0,
    0x0, 0x8a, 0xff, 0xff, 0xff, 0xff, 0xff, 0xff,
    0xff, 0xff, 0xff, 0xff, 0xff, 0xff, 0xff, 0xff,
    0xff, 0xbd, 0x0, 0x0, 0x22, 0xfc, 0xff, 0xff,
    0xff, 0xff, 0xff, 0xff, 0xff, 0xff, 0xff, 0xff,
    0xff, 0xff, 0xff, 0xff, 0xff, 0xff, 0x44, 0x0,
    0x84, 0xff, 0xff, 0xff, 0xff, 0xff, 0xff, 0xff,
    0x9f, 0xf, 0x78, 0xff, 0xff, 0xff, 0xff, 0xff,
    0xff, 0xff, 0x9e, 0x0, 0xc2, 0xff, 0xff, 0xff,
    0xff, 0xff, 0xff, 0xff, 0x35, 0x0, 0x16, 0xff,
    0xff, 0xff, 0xff, 0xff, 0xff, 0xff, 0xd4, 0x0,
    0xdf, 0xff, 0xff, 0xff, 0xff, 0xff, 0xff, 0xff,
    0x23, 0x0, 0x2, 0xff, 0xff, 0xff, 0xff, 0xff,
    0xff, 0xff, 0xed, 0x0, 0xea, 0xff, 0xff, 0xff,
    0xff, 0xff, 0xff, 0xff, 0x3b, 0x0, 0x0, 0xfc,
    0xff, 0xff, 0xff, 0xff, 0xff, 0xff, 0xf9, 0x0,
    0xd5, 0xff, 0xff, 0xff, 0xff, 0xff, 0xff, 0xff,
    0x93, 0x0, 0x0, 0xcc, 0xd0, 0xd0, 0xd0, 0xd0,
    0xd0, 0xd0, 0xc1, 0x0, 0xba, 0xff, 0xff, 0xff,
    0xff, 0xff, 0xff, 0xff, 0xff, 0x82, 0x3, 0x0,
    0x0, 0x0, 0x0, 0x0, 0x0, 0x0, 0x0, 0x0,
    0x78, 0xff, 0xff, 0xff, 0xff, 0xff, 0xff, 0xff,
    0xff, 0xff, 0xc5, 0x26, 0x0, 0x0, 0x0, 0x0,
    0x0, 0x0, 0x0, 0x0, 0x23, 0xff, 0xff, 0xff,
    0xff, 0xff, 0xff, 0xff, 0xff, 0xff, 0xff, 0xf7,
    0x79, 0x4, 0x0, 0x0, 0x0, 0x0, 0x0, 0x0,
    0x0, 0xa6, 0xff, 0xff, 0xff, 0xff, 0xff, 0xff,
    0xff, 0xff, 0xff, 0xff, 0xff, 0xd1, 0x35, 0x0,
    0x0, 0x0, 0x0, 0x0, 0x0, 0x1b, 0xef, 0xff,
    0xff, 0xff, 0xff, 0xff, 0xff, 0xff, 0xff, 0xff,
    0xff, 0xff, 0xfc, 0x87, 0x5, 0x0, 0x0, 0x0,
    0x0, 0x0, 0x3c, 0xf6, 0xff, 0xff, 0xff, 0xff,
    0xff, 0xff, 0xff, 0xff, 0xff, 0xff, 0xff, 0xff,
    0xc6, 0x16, 0x0, 0x0, 0x0, 0x0, 0x0, 0x36,
    0xe0, 0xff, 0xff, 0xff, 0xff, 0xff, 0xff, 0xff,
    0xff, 0xff, 0xff, 0xff, 0xff, 0xc8, 0x8, 0x0,
    0x0, 0x0, 0x0, 0x0, 0xf, 0xa4, 0xff, 0xff,
    0xff, 0xff, 0xff, 0xff, 0xff, 0xff, 0xff, 0xff,
    0xff, 0xff, 0x7e, 0x0, 0x0, 0x0, 0x0, 0x0,
    0x0, 0x0, 0x52, 0xe8, 0xff, 0xff, 0xff, 0xff,
    0xff, 0xff, 0xff, 0xff, 0xff, 0xff, 0xf0, 0xd,
    0x0, 0x0, 0x0, 0x0, 0x0, 0x0, 0x0, 0x12,
    0xa5, 0xff, 0xff, 0xff, 0xff, 0xff, 0xff, 0xff,
    0xff, 0xff, 0xff, 0x51, 0x0, 0x0, 0x0, 0x0,
    0x0, 0x0, 0x0, 0x0, 0x0, 0x68, 0xfe, 0xff,
    0xff, 0xff, 0xff, 0xff, 0xff, 0xff, 0xff, 0x95,
    0xa8, 0xcc, 0xcc, 0xcc, 0xcc, 0xcc, 0xcc, 0xcc,
    0xc, 0x0, 0x8d, 0xff, 0xff, 0xff, 0xff, 0xff,
    0xff, 0xff, 0xff, 0xb3, 0xd3, 0xff, 0xff, 0xff,
    0xff, 0xff, 0xff, 0xff, 0x10, 0x0, 0x2d, 0xff,
    0xff, 0xff, 0xff, 0xff, 0xff, 0xff, 0xff, 0xc7,
    0xca, 0xff, 0xff, 0xff, 0xff, 0xff, 0xff, 0xff,
    0x10, 0x0, 0x7, 0xff, 0xff, 0xff, 0xff, 0xff,
    0xff, 0xff, 0xff, 0xcd, 0xbb, 0xff, 0xff, 0xff,
    0xff, 0xff, 0xff, 0xff, 0x12, 0x0, 0x0, 0xf5,
    0xff, 0xff, 0xff, 0xff, 0xff, 0xff, 0xff, 0xbd,
    0xa2, 0xff, 0xff, 0xff, 0xff, 0xff, 0xff, 0xff,
    0x1b, 0x0, 0x0, 0xee, 0xff, 0xff, 0xff, 0xff,
    0xff, 0xff, 0xff, 0xa0, 0x6e, 0xff, 0xff, 0xff,
    0xff, 0xff, 0xff, 0xff, 0x2d, 0x0, 0x3, 0xfa,
    0xff, 0xff, 0xff, 0xff, 0xff, 0xff, 0xff, 0x6b,
    0x2c, 0xff, 0xff, 0xff, 0xff, 0xff, 0xff, 0xff,
    0x81, 0x4, 0x6b, 0xff, 0xff, 0xff, 0xff, 0xff,
    0xff, 0xff, 0xfd, 0x1f, 0x0, 0xc2, 0xff, 0xff,
    0xff, 0xff, 0xff, 0xff, 0xff, 0xfd, 0xff, 0xff,
    0xff, 0xff, 0xff, 0xff, 0xff, 0xff, 0xb0, 0x0,
    0x0, 0x34, 0xf7, 0xff, 0xff, 0xff, 0xff, 0xff,
    0xff, 0xff, 0xff, 0xff, 0xff, 0xff, 0xff, 0xff,
    0xff, 0xf3, 0x1f, 0x0, 0x0, 0x0, 0x51, 0xf5,
    0xff, 0xff, 0xff, 0xff, 0xff, 0xff, 0xff, 0xff,
    0xff, 0xff, 0xff, 0xff, 0xf4, 0x40, 0x0, 0x0,
    0x0, 0x0, 0x0, 0x2b, 0xbe, 0xff, 0xff, 0xff,
    0xff, 0xff, 0xff, 0xff, 0xff, 0xff, 0xff, 0xc2,
    0x29, 0x0, 0x0, 0x0, 0x0, 0x0, 0x0, 0x0,
    0x0, 0x37, 0x8d, 0xc2, 0xfd, 0xff, 0xff, 0xfb,
    0xcd, 0x92, 0x37, 0x0, 0x0, 0x0, 0x0, 0x0,
    0x0, 0x0, 0x0, 0x0, 0x0, 0x0, 0x0, 0x0,
    0xf0, 0xff, 0xff, 0xb4, 0x0, 0x0, 0x0, 0x0,
    0x0, 0x0, 0x0, 0x0, 0x0, 0x0, 0x0, 0x0,
    0x0, 0x0, 0x0, 0x0, 0xf0, 0xff, 0xff, 0xb4,
    0x0, 0x0, 0x0, 0x0, 0x0, 0x0, 0x0, 0x0,
    0x0, 0x0, 0x0, 0x0, 0x0, 0x0, 0x0, 0x0,
    0xf0, 0xff, 0xff, 0xb4, 0x0, 0x0, 0x0, 0x0,
    0x0, 0x0, 0x0, 0x0,

    /* U+0025 "%" */
    0x0, 0x0, 0xf, 0x76, 0xc7, 0xe9, 0xf9, 0xe5,
    0xc1, 0x6b, 0xa, 0x0, 0x0, 0x0, 0x0, 0x0,
    0x0, 0x0, 0x9c, 0xff, 0xff, 0x5c, 0x0, 0x0,
    0x0, 0x0, 0x0, 0x0, 0x0, 0x28, 0xe1, 0xff,
    0xff, 0xff, 0xff, 0xff, 0xff, 0xff, 0xd8, 0x23,
    0x0, 0x0, 0x0, 0x0, 0x0, 0x9, 0xf1, 0xff,
    0xf3, 0xa, 0x0, 0x0, 0x0, 0x0, 0x0, 0x0,
    0x0, 0xc8, 0xff, 0xff, 0xff, 0xff, 0xdf, 0xff,
    0xff, 0xff, 0xff, 0xc7, 0x0, 0x0, 0x0, 0x0,
    0x0, 0x59, 0xff, 0xff, 0x9f, 0x0, 0x0, 0x0,
    0x0, 0x0, 0x0, 0x0, 0x1a, 0xff, 0xff, 0xff,
    0xff, 0xc7, 0x0, 0xba, 0xff, 0xff, 0xff, 0xff,
    0x22, 0x0, 0x0, 0x0, 0x0, 0xb8, 0xff, 0xff,
    0x41, 0x0, 0x0, 0x0, 0x0, 0x0, 0x0, 0x0,
    0x3c, 0xff, 0xff, 0xff, 0xff, 0xb1, 0x0, 0xa9,
    0xff, 0xff, 0xff, 0xff, 0x47, 0x0, 0x0, 0x0,
    0x1a, 0xfc, 0xff, 0xe1, 0x1, 0x0, 0x0, 0x0,
    0x0, 0x0, 0x0, 0x0, 0x49, 0xff, 0xff, 0xff,
    0xff, 0xb0, 0x0, 0xa8, 0xff, 0xff, 0xff, 0xff,
    0x54, 0x0, 0x0, 0x0, 0x76, 0xff, 0xff, 0x84,
    0x0, 0x0, 0x0, 0x0, 0x0, 0x0, 0x0, 0x0,
    0x4c, 0xff, 0xff, 0xff, 0xff, 0xb0, 0x0, 0xa8,
    0xff, 0xff, 0xff, 0xff, 0x58, 0x0, 0x0, 0x0,
    0xd4, 0xff, 0xff, 0x26, 0x0, 0x0, 0x0, 0x0,
    0x0, 0x0, 0x0, 0x0, 0x4c, 0xff, 0xff, 0xff,
    0xff, 0xb0, 0x0, 0xa8, 0xff, 0xff, 0xff, 0xff,
    0x58, 0x0, 0x0, 0x33, 0xff, 0xff, 0xc7, 0x0,
    0x0, 0x0, 0x0, 0x0, 0x0, 0x0, 0x0, 0x0,
    0x4c, 0xff, 0xff, 0xff, 0xff, 0xb0, 0x0, 0xa8,
    0xff, 0xff, 0xff, 0xff, 0x58, 0x0, 0x0, 0x92,
    0xff, 0xff, 0x68, 0x0, 0x0, 0x0, 0x0, 0x0,
    0x0, 0x0, 0x0, 0x0, 0x4c, 0xff, 0xff, 0xff,
    0xff, 0xb0, 0x0, 0xa8, 0xff, 0xff, 0xff, 0xff,
    0x58, 0x0, 0x5, 0xeb, 0xff, 0xf8, 0x11, 0x0,
    0x0, 0x0, 0x0, 0x0, 0x0, 0x0, 0x0, 0x0,
    0x4c, 0xff, 0xff, 0xff, 0xff, 0xb0, 0x0, 0xa8,
    0xff, 0xff, 0xff, 0xff, 0x58, 0x0, 0x50, 0xff,
    0xff, 0xac, 0x0, 0x0, 0x0, 0x0, 0x0, 0x0,
    0x0, 0x0, 0x0, 0x0, 0x4a, 0xff, 0xff, 0xff,
    0xff, 0xb0, 0x0, 0xa8, 0xff, 0xff, 0xff, 0xff,
    0x55, 0x0, 0xae, 0xff, 0xff, 0x4d, 0x0, 0x0,
    0x0, 0x0, 0x0, 0x0, 0x0, 0x0, 0x0, 0x0,
    0x3b, 0xff, 0xff, 0xff, 0xff, 0xb0, 0x0, 0xa9,
    0xff, 0xff, 0xff, 0xff, 0x4a, 0x13, 0xf9, 0xff,
    0xea, 0x4, 0x0, 0x0, 0x0, 0x0, 0x0, 0x0,
    0x0, 0x0, 0x0, 0x0, 0x1b, 0xff, 0xff, 0xff,
    0xff, 0xbf, 0x0, 0xbf, 0xff, 0xff, 0xff, 0xff,
    0x2a, 0x6c, 0xff, 0xff, 0x90, 0x0, 0x0, 0x0,
    0x0, 0x0, 0x0, 0x0, 0x0, 0x0, 0x0, 0x0,
    0x0, 0xca, 0xff, 0xff, 0xff, 0xff, 0xde, 0xff,
    0xff, 0xff, 0xff, 0xd8, 0x1, 0xcb, 0xff, 0xff,
    0x32, 0x0, 0x0, 0x0, 0x0, 0x0, 0x0, 0x0,
    0x0, 0x0, 0x0, 0x0, 0x0, 0x29, 0xe1, 0xff,
    0xff, 0xff, 0xff, 0xff, 0xff, 0xff, 0xe9, 0x34,
    0x29, 0xff, 0xff, 0xd3, 0x0, 0xf, 0x66, 0xae,
    0xc9, 0xcc, 0xb3, 0x7c, 0x1d, 0x0, 0x0, 0x0,
    0x0, 0x0, 0x11, 0x82, 0xcb, 0xf0, 0xfd, 0xed,
    0xd0, 0x82, 0x18, 0x0, 0x88, 0xff, 0xff, 0x75,
    0x38, 0xe4, 0xff, 0xff, 0xff, 0xff, 0xff, 0xff,
    0xf9, 0x6b, 0x0, 0x0, 0x0, 0x0, 0x0, 0x0,
    0x0, 0x0, 0x0, 0x0, 0x0, 0x0, 0x0, 0x2,
    0xe4, 0xff, 0xfc, 0x29, 0xe6, 0xff, 0xff, 0xff,
    0xff, 0xff, 0xff, 0xff, 0xff, 0xff, 0x49, 0x0,
    0x0, 0x0, 0x0, 0x0, 0x0, 0x0, 0x0, 0x0,
    0x0, 0x0, 0x0, 0x46, 0xff, 0xff, 0xb8, 0x5c,
    0xff, 0xff, 0xff, 0xff, 0x89, 0x23, 0xff, 0xff,
    0xff, 0xff, 0xb9, 0x0, 0x0, 0x0, 0x0, 0x0,
    0x0, 0x0, 0x0, 0x0, 0x0, 0x0, 0x0, 0xa5,
    0xff, 0xff, 0x5a, 0x87, 0xff, 0xff, 0xff, 0xff,
    0x63, 0x0, 0xfe, 0xff, 0xff, 0xff, 0xe8, 0x0,
    0x0, 0x0, 0x0, 0x0, 0x0, 0x0, 0x0, 0x0,
    0x0, 0x0, 0xd, 0xf6, 0xff, 0xf1, 0x9, 0x9a,
    0xff, 0xff, 0xff, 0xff, 0x60, 0x0, 0xfc, 0xff,
    0xff, 0xff, 0xfc, 0x0, 0x0, 0x0, 0x0, 0x0,
    0x0, 0x0, 0x0, 0x0, 0x0, 0x0, 0x62, 0xff,
    0xff, 0x9d, 0x0, 0x9f, 0xff, 0xff, 0xff, 0xff,
    0x60, 0x0, 0xfc, 0xff, 0xff, 0xff, 0xff, 0x3,
    0x0, 0x0, 0x0, 0x0, 0x0, 0x0, 0x0, 0x0,
    0x0, 0x0, 0xc1, 0xff, 0xff, 0x3e, 0x0, 0xa0,
    0xff, 0xff, 0xff, 0xff, 0x60, 0x0, 0xfc, 0xff,
    0xff, 0xff, 0xff, 0x4, 0x0, 0x0, 0x0, 0x0,
    0x0, 0x0, 0x0, 0x0, 0x0, 0x21, 0xfe, 0xff,
    0xdf, 0x1, 0x0, 0xa0, 0xff, 0xff, 0xff, 0xff,
    0x60, 0x0, 0xfc, 0xff, 0xff, 0xff, 0xff, 0x4,
    0x0, 0x0, 0x0, 0x0, 0x0, 0x0, 0x0, 0x0,
    0x0, 0x7f, 0xff, 0xff, 0x81, 0x0, 0x0, 0xa0,
    0xff, 0xff, 0xff, 0xff, 0x60, 0x0, 0xfc, 0xff,
    0xff, 0xff, 0xff, 0x4, 0x0, 0x0, 0x0, 0x0,
    0x0, 0x0, 0x0, 0x0, 0x0, 0xdc, 0xff, 0xff,
    0x24, 0x0, 0x0, 0xa0, 0xff, 0xff, 0xff, 0xff,
    0x60, 0x0, 0xfc, 0xff, 0xff, 0xff, 0xff, 0x4,
    0x0, 0x0, 0x0, 0x0, 0x0, 0x0, 0x0, 0x0,
    0x3c, 0xff, 0xff, 0xc4, 0x0, 0x0, 0x0, 0xa0,
    0xff, 0xff, 0xff, 0xff, 0x60, 0x0, 0xfc, 0xff,
    0xff, 0xff, 0xff, 0x3, 0x0, 0x0, 0x0, 0x0,
    0x0, 0x0, 0x0, 0x0, 0x9b, 0xff, 0xff, 0x66,
    0x0, 0x0, 0x0, 0x9b, 0xff, 0xff, 0xff, 0xff,
    0x60, 0x0, 0xfc, 0xff, 0xff, 0xff, 0xff, 0x0,
    0x0, 0x0, 0x0, 0x0, 0x0, 0x0, 0x0, 0x9,
    0xf0, 0xff, 0xf8, 0x10, 0x0, 0x0, 0x0, 0x8c,
    0xff, 0xff, 0xff, 0xff, 0x61, 0x0, 0xfd, 0xff,
    0xff, 0xff, 0xf1, 0x0, 0x0, 0x0, 0x0, 0x0,
    0x0, 0x0, 0x0, 0x59, 0xff, 0xff, 0xa9, 0x0,
    0x0, 0x0, 0x0, 0x63, 0xff, 0xff, 0xff, 0xff,
    0x73, 0x14, 0xff, 0xff, 0xff, 0xff, 0xcc, 0x0,
    0x0, 0x0, 0x0, 0x0, 0x0, 0x0, 0x0, 0xb8,
    0xff, 0xff, 0x4b, 0x0, 0x0, 0x0, 0x0, 0x18,
    0xf2, 0xff, 0xff, 0xff, 0xf9, 0xed, 0xff, 0xff,
    0xff, 0xff, 0x72, 0x0, 0x0, 0x0, 0x0, 0x0,
    0x0, 0x0, 0x19, 0xfc, 0xff, 0xe8, 0x4, 0x0,
    0x0, 0x0, 0x0, 0x0, 0x4f, 0xf5, 0xff, 0xff,
    0xff, 0xff, 0xff, 0xff, 0xff, 0xae, 0x5, 0x0,
    0x0, 0x0, 0x0, 0x0, 0x0, 0x0, 0x75, 0xff,
    0xff, 0x8e, 0x0, 0x0, 0x0, 0x0, 0x0, 0x0,
    0x0, 0x27, 0x98, 0xd8, 0xf6, 0xfa, 0xe3, 0xb9,
    0x57, 0x1, 0x0, 0x0, 0x0, 0x0, 0x0, 0x0,
    0x0, 0x0, 0x5e, 0x80, 0x80, 0x23, 0x0, 0x0,
    0x0, 0x0, 0x0, 0x0, 0x0, 0x0, 0x0, 0x0,
    0x0, 0x0, 0x0, 0x0, 0x0, 0x0, 0x0, 0x0,

    /* U+0026 "&" */
    0x0, 0x0, 0x0, 0x0, 0x0, 0x2, 0x52, 0xa2,
    0xd9, 0xf0, 0xfa, 0xe8, 0xbc, 0x71, 0xc, 0x0,
    0x0, 0x0, 0x0, 0x0, 0x0, 0x0, 0x0, 0x0,
    0x0, 0x0, 0x0, 0x0, 0x2f, 0xd6, 0xff, 0xff,
    0xff, 0xff, 0xff, 0xff, 0xff, 0xff, 0xea, 0x42,
    0x0, 0x0, 0x0, 0x0, 0x0, 0x0, 0x0, 0x0,
    0x0, 0x0, 0x0, 0x37, 0xf6, 0xff, 0xff, 0xff,
    0xff, 0xff, 0xff, 0xff, 0xff, 0xff, 0xff, 0xfa,
    0x3e, 0x0, 0x0, 0x0, 0x0, 0x0, 0x0, 0x0,
    0x0, 0x0, 0xb, 0xe6, 0xff, 0xff, 0xff, 0xff,
    0xff, 0xff, 0xff, 0xff, 0xff, 0xff, 0xff, 0xff,
    0xe4, 0x8, 0x0, 0x0, 0x0, 0x0, 0x0, 0x0,
    0x0, 0x0, 0x75, 0xff, 0xff, 0xff, 0xff, 0xff,
    0xff, 0x9e, 0x74, 0xf3, 0xff, 0xff, 0xff, 0xff,
    0xff, 0x65, 0x0, 0x0, 0x0, 0x0, 0x0, 0x0,
    0x0, 0x0, 0xc7, 0xff, 0xff, 0xff, 0xff, 0xff,
    0xf2, 0x3, 0x0, 0x7f, 0xff, 0xff, 0xff, 0xff,
    0xff, 0xad, 0x0, 0x0, 0x0, 0x0, 0x0, 0x0,
    0x0, 0x0, 0xf5, 0xff, 0xff, 0xff, 0xff, 0xff,
    0xe9, 0x0, 0x0, 0x61, 0xff, 0xff, 0xff, 0xff,
    0xff, 0xd0, 0x0, 0x0, 0x0, 0x0, 0x0, 0x0,
    0x0, 0x6, 0xff, 0xff, 0xff, 0xff, 0xff, 0xff,
    0xfe, 0x1a, 0x0, 0x91, 0xff, 0xff, 0xff, 0xff,
    0xff, 0xd7, 0x0, 0x0, 0x0, 0x0, 0x0, 0x0,
    0x0, 0x0, 0xf3, 0xff, 0xff, 0xff, 0xff, 0xff,
    0xff, 0x89, 0xe, 0xee, 0xff, 0xff, 0xff, 0xff,
    0xff, 0xbf, 0x0, 0x0, 0x0, 0x0, 0x0, 0x0,
    0x0, 0x0, 0xcf, 0xff, 0xff, 0xff, 0xff, 0xff,
    0xff, 0xfc, 0xbf, 0xff, 0xff, 0xff, 0xff, 0xff,
    0xff, 0x83, 0x0, 0x0, 0x0, 0x0, 0x0, 0x0,
    0x0, 0x0, 0x7c, 0xff, 0xff, 0xff, 0xff, 0xff,
    0xff, 0xff, 0xff, 0xff, 0xff, 0xff, 0xff, 0xff,
    0xfd, 0x2a, 0x0, 0x0, 0x0, 0x0, 0x0, 0x0,
    0x0, 0x0, 0x16, 0xec, 0xff, 0xff, 0xff, 0xff,
    0xff, 0xff, 0xff, 0xff, 0xff, 0xff, 0xff, 0xff,
    0x9e, 0x0, 0x0, 0x0, 0x0, 0x0, 0x0, 0x0,
    0x0, 0x0, 0x0, 0x52, 0xfc, 0xff, 0xff, 0xff,
    0xff, 0xff, 0xff, 0xff, 0xff, 0xff, 0xff, 0xd5,
    0xd, 0x0, 0x0, 0x0, 0x0, 0x0, 0x0, 0x0,
    0x0, 0x0, 0x0, 0x0, 0x56, 0xfe, 0xff, 0xff,
    0xff, 0xff, 0xff, 0xff, 0xff, 0xff, 0xff, 0xa1,
    0x0, 0x0, 0x0, 0x0, 0x0, 0x0, 0x0, 0x0,
    0x0, 0x0, 0x0, 0x48, 0xda, 0xff, 0xff, 0xff,
    0xff, 0xff, 0xff, 0xff, 0xff, 0xff, 0xff, 0xfd,
    0x2b, 0x0, 0x0, 0x0, 0x0, 0x0, 0x0, 0x0,
    0x0, 0x0, 0x76, 0xff, 0xff, 0xff, 0xff, 0xff,
    0xff, 0xff, 0xff, 0xff, 0xff, 0xff, 0xff, 0xff,
    0xb1, 0x0, 0x0, 0x0, 0x0, 0x9, 0x32, 0x0,
    0x0, 0x4d, 0xff, 0xff, 0xff, 0xff, 0xff, 0xff,
    0xff, 0xff, 0xff, 0xff, 0xff, 0xff, 0xff, 0xff,
    0xff, 0x3b, 0x0, 0x0, 0x3b, 0xda, 0x80, 0x0,
    0x0, 0xcf, 0xff, 0xff, 0xff, 0xff, 0xff, 0xff,
    0xff, 0xff, 0xff, 0xff, 0xff, 0xff, 0xff, 0xff,
    0xff, 0xc3, 0x9, 0x8d, 0xfd, 0xff, 0x80, 0x0,
    0x18, 0xff, 0xff, 0xff, 0xff, 0xff, 0xff, 0xff,
    0xed, 0x4c, 0xfa, 0xff, 0xff, 0xff, 0xff, 0xff,
    0xff, 0xff, 0xe6, 0xff, 0xff, 0xff, 0x80, 0x0,
    0x3e, 0xff, 0xff, 0xff, 0xff, 0xff, 0xff, 0xff,
    0x6e, 0x0, 0x8e, 0xff, 0xff, 0xff, 0xff, 0xff,
    0xff, 0xff, 0xff, 0xff, 0xff, 0xff, 0x80, 0x0,
    0x48, 0xff, 0xff, 0xff, 0xff, 0xff, 0xff, 0xff,
    0x25, 0x0, 0xf, 0xe9, 0xff, 0xff, 0xff, 0xff,
    0xff, 0xff, 0xff, 0xff, 0xff, 0xff, 0x7f, 0x0,
    0x3a, 0xff, 0xff, 0xff, 0xff, 0xff, 0xff, 0xff,
    0x28, 0x0, 0x0, 0x64, 0xff, 0xff, 0xff, 0xff,
    0xff, 0xff, 0xff, 0xff, 0xff, 0xa0, 0x11, 0x0,
    0x15, 0xff, 0xff, 0xff, 0xff, 0xff, 0xff, 0xff,
    0x85, 0x0, 0x0, 0x4e, 0xfc, 0xff, 0xff, 0xff,
    0xff, 0xff, 0xff, 0xff, 0x7f, 0x0, 0x0, 0x0,
    0x0, 0xd3, 0xff, 0xff, 0xff, 0xff, 0xff, 0xff,
    0xff, 0xd8, 0xe4, 0xff, 0xff, 0xff, 0xff, 0xff,
    0xff, 0xff, 0xff, 0xff, 0xcf, 0x1, 0x0, 0x0,
    0x0, 0x6e, 0xff, 0xff, 0xff, 0xff, 0xff, 0xff,
    0xff, 0xff, 0xff, 0xff, 0xff, 0xff, 0xff, 0xff,
    0xff, 0xff, 0xff, 0xff, 0xff, 0x4f, 0x0, 0x0,
    0x0, 0x7, 0xd7, 0xff, 0xff, 0xff, 0xff, 0xff,
    0xff, 0xff, 0xff, 0xff, 0xff, 0xff, 0xff, 0xff,
    0xff, 0xff, 0xff, 0xff, 0xff, 0xcd, 0x0, 0x0,
    0x0, 0x0, 0x2c, 0xeb, 0xff, 0xff, 0xff, 0xff,
    0xff, 0xff, 0xff, 0xff, 0xff, 0xdc, 0x5d, 0xf0,
    0xff, 0xff, 0xff, 0xff, 0xff, 0xff, 0x4d, 0x0,
    0x0, 0x0, 0x0, 0x24, 0xb8, 0xff, 0xff, 0xff,
    0xff, 0xff, 0xff, 0xcc, 0x63, 0x6, 0x0, 0x7e,
    0xff, 0xff, 0xff, 0xff, 0xff, 0xff, 0xcb, 0x0,
    0x0, 0x0, 0x0, 0x0, 0x0, 0x21, 0x5f, 0x77,
    0x72, 0x56, 0x1a, 0x0, 0x0, 0x0, 0x0, 0x0,
    0x0, 0x0, 0x0, 0x0, 0x0, 0x0, 0x0, 0x0,

    /* U+0027 "'" */
    0x4c, 0xff, 0xff, 0xff, 0xff, 0xff, 0xb0, 0x4c,
    0xff, 0xff, 0xff, 0xff, 0xff, 0xb0, 0x4c, 0xff,
    0xff, 0xff, 0xff, 0xff, 0xb0, 0x4c, 0xff, 0xff,
    0xff, 0xff, 0xff, 0xb0, 0x4b, 0xff, 0xff, 0xff,
    0xff, 0xff, 0xaf, 0x32, 0xff, 0xff, 0xff, 0xff,
    0xff, 0x98, 0x6, 0xfa, 0xff, 0xff, 0xff, 0xff,
    0x6d, 0x0, 0xd1, 0xff, 0xff, 0xff, 0xff, 0x43,
    0x0, 0xa1, 0xff, 0xff, 0xff, 0xff, 0x18, 0x0,
    0x70, 0xff, 0xff, 0xff, 0xee, 0x0, 0x0, 0x1f,
    0x68, 0x68, 0x68, 0x54, 0x0,

    /* U+0028 "(" */
    0x0, 0x0, 0xe, 0x6b, 0xaf, 0xd8, 0xef, 0xfa,
    0xff, 0xff, 0xd0, 0x0, 0x31, 0xe7, 0xff, 0xff,
    0xff, 0xff, 0xff, 0xff, 0xff, 0xd0, 0x0, 0xd1,
    0xff, 0xff, 0xff, 0xff, 0xff, 0xff, 0xff, 0xff,
    0xd0, 0x18, 0xff, 0xff, 0xff, 0xff, 0xff, 0xff,
    0xff, 0xff, 0xff, 0xd0, 0x3a, 0xff, 0xff, 0xff,
    0xff, 0xff, 0xff, 0xff, 0x84, 0x3e, 0x2b, 0x4c,
    0xff, 0xff, 0xff, 0xff, 0xff, 0xff, 0xe9, 0x0,
    0x0, 0x0, 0x57, 0xff, 0xff, 0xff, 0xff, 0xff,
    0xff, 0xd2, 0x0, 0x0, 0x0, 0x5a, 0xff, 0xff,
    0xff, 0xff, 0xff, 0xff, 0xcc, 0x0, 0x0, 0x0,
    0x5c, 0xff, 0xff, 0xff, 0xff, 0xff, 0xff, 0xcc,
    0x0, 0x0, 0x0, 0x5c, 0xff, 0xff, 0xff, 0xff,
    0xff, 0xff, 0xcc, 0x0, 0x0, 0x0, 0x5c, 0xff,
    0xff, 0xff, 0xff, 0xff, 0xff, 0xcc, 0x0, 0x0,
    0x0, 0x5c, 0xff, 0xff, 0xff, 0xff, 0xff, 0xff,
    0xcc, 0x0, 0x0, 0x0, 0x5c, 0xff, 0xff, 0xff,
    0xff, 0xff, 0xff, 0xcc, 0x0, 0x0, 0x0, 0x5c,
    0xff, 0xff, 0xff, 0xff, 0xff, 0xff, 0xcc, 0x0,
    0x0, 0x0, 0x5c, 0xff, 0xff, 0xff, 0xff, 0xff,
    0xff, 0xcc, 0x0, 0x0, 0x0, 0x5c, 0xff, 0xff,
    0xff, 0xff, 0xff, 0xff, 0xcc, 0x0, 0x0, 0x0,
    0x5c, 0xff, 0xff, 0xff, 0xff, 0xff, 0xff, 0xcc,
    0x0, 0x0, 0x0, 0x5c, 0xff, 0xff, 0xff, 0xff,
    0xff, 0xff, 0xcc, 0x0, 0x0, 0x0, 0x5c, 0xff,
    0xff, 0xff, 0xff, 0xff, 0xff, 0xcc, 0x0, 0x0,
    0x0, 0x5c, 0xff, 0xff, 0xff, 0xff, 0xff, 0xff,
    0xcc, 0x0, 0x0, 0x0, 0x5c, 0xff, 0xff, 0xff,
    0xff, 0xff, 0xff, 0xcc, 0x0, 0x0, 0x0, 0x5c,
    0xff, 0xff, 0xff, 0xff, 0xff, 0xff, 0xcc, 0x0,
    0x0, 0x0, 0x5c, 0xff, 0xff, 0xff, 0xff, 0xff,
    0xff, 0xcc, 0x0, 0x0, 0x0, 0x5c, 0xff, 0xff,
    0xff, 0xff, 0xff, 0xff, 0xcc, 0x0, 0x0, 0x0,
    0x5a, 0xff, 0xff, 0xff, 0xff, 0xff, 0xff, 0xcc,
    0x0, 0x0, 0x0, 0x57, 0xff, 0xff, 0xff, 0xff,
    0xff, 0xff, 0xd2, 0x0, 0x0, 0x0, 0x4c, 0xff,
    0xff, 0xff, 0xff, 0xff, 0xff, 0xe7, 0x0, 0x0,
    0x0, 0x39, 0xff, 0xff, 0xff, 0xff, 0xff, 0xff,
    0xff, 0x86, 0x42, 0x2e, 0x17, 0xff, 0xff, 0xff,
    0xff, 0xff, 0xff, 0xff, 0xff, 0xff, 0xd0, 0x0,
    0xcd, 0xff, 0xff, 0xff, 0xff, 0xff, 0xff, 0xff,
    0xff, 0xd0, 0x0, 0x2e, 0xe5, 0xff, 0xff, 0xff,
    0xff, 0xff, 0xff, 0xff, 0xd0, 0x0, 0x0, 0xd,
    0x6b, 0xb0, 0xd9, 0xf0, 0xfb, 0xff, 0xff, 0xd0,

    /* U+0029 ")" */
    0x4c, 0xff, 0xff, 0xfd, 0xf6, 0xe5, 0xc6, 0x93,
    0x3b, 0x0, 0x0, 0x4c, 0xff, 0xff, 0xff, 0xff,
    0xff, 0xff, 0xff, 0xff, 0x99, 0x1, 0x4c, 0xff,
    0xff, 0xff, 0xff, 0xff, 0xff, 0xff, 0xff, 0xff,
    0x51, 0x4c, 0xff, 0xff, 0xff, 0xff, 0xff, 0xff,
    0xff, 0xff, 0xff, 0x99, 0xf, 0x38, 0x4e, 0xd4,
    0xff, 0xff, 0xff, 0xff, 0xff, 0xff, 0xbc, 0x0,
    0x0, 0x0, 0x5f, 0xff, 0xff, 0xff, 0xff, 0xff,
    0xff, 0xcf, 0x0, 0x0, 0x0, 0x48, 0xff, 0xff,
    0xff, 0xff, 0xff, 0xff, 0xd9, 0x0, 0x0, 0x0,
    0x41, 0xff, 0xff, 0xff, 0xff, 0xff, 0xff, 0xdd,
    0x0, 0x0, 0x0, 0x40, 0xff, 0xff, 0xff, 0xff,
    0xff, 0xff, 0xe0, 0x0, 0x0, 0x0, 0x40, 0xff,
    0xff, 0xff, 0xff, 0xff, 0xff, 0xe0, 0x0, 0x0,
    0x0, 0x40, 0xff, 0xff, 0xff, 0xff, 0xff, 0xff,
    0xe0, 0x0, 0x0, 0x0, 0x40, 0xff, 0xff, 0xff,
    0xff, 0xff, 0xff, 0xe0, 0x0, 0x0, 0x0, 0x40,
    0xff, 0xff, 0xff, 0xff, 0xff, 0xff, 0xe0, 0x0,
    0x0, 0x0, 0x40, 0xff, 0xff, 0xff, 0xff, 0xff,
    0xff, 0xe0, 0x0, 0x0, 0x0, 0x40, 0xff, 0xff,
    0xff, 0xff, 0xff, 0xff, 0xe0, 0x0, 0x0, 0x0,
    0x40, 0xff, 0xff, 0xff, 0xff, 0xff, 0xff, 0xe0,
    0x0, 0x0, 0x0, 0x40, 0xff, 0xff, 0xff, 0xff,
    0xff, 0xff, 0xe0, 0x0, 0x0, 0x0, 0x40, 0xff,
    0xff, 0xff, 0xff, 0xff, 0xff, 0xe0, 0x0, 0x0,
    0x0, 0x40, 0xff, 0xff, 0xff, 0xff, 0xff, 0xff,
    0xe0, 0x0, 0x0, 0x0, 0x40, 0xff, 0xff, 0xff,
    0xff, 0xff, 0xff, 0xe0, 0x0, 0x0, 0x0, 0x40,
    0xff, 0xff, 0xff, 0xff, 0xff, 0xff, 0xe0, 0x0,
    0x0, 0x0, 0x40, 0xff, 0xff, 0xff, 0xff, 0xff,
    0xff, 0xe0, 0x0, 0x0, 0x0, 0x40, 0xff, 0xff,
    0xff, 0xff, 0xff, 0xff, 0xe0, 0x0, 0x0, 0x0,
    0x40, 0xff, 0xff, 0xff, 0xff, 0xff, 0xff, 0xe0,
    0x0, 0x0, 0x0, 0x41, 0xff, 0xff, 0xff, 0xff,
    0xff, 0xff, 0xdd, 0x0, 0x0, 0x0, 0x47, 0xff,
    0xff, 0xff, 0xff, 0xff, 0xff, 0xd9, 0x0, 0x0,
    0x0, 0x5e, 0xff, 0xff, 0xff, 0xff, 0xff, 0xff,
    0xcf, 0x10, 0x3b, 0x51, 0xd5, 0xff, 0xff, 0xff,
    0xff, 0xff, 0xff, 0xbc, 0x4c, 0xff, 0xff, 0xff,
    0xff, 0xff, 0xff, 0xff, 0xff, 0xff, 0x99, 0x4c,
    0xff, 0xff, 0xff, 0xff, 0xff, 0xff, 0xff, 0xff,
    0xff, 0x51, 0x4c, 0xff, 0xff, 0xff, 0xff, 0xff,
    0xff, 0xff, 0xff, 0x98, 0x1, 0x4c, 0xff, 0xff,
    0xfd, 0xf7, 0xe6, 0xc7, 0x93, 0x3a, 0x0, 0x0,

    /* U+002A "*" */
    0x0, 0x0, 0x0, 0x0, 0x94, 0xff, 0xe0, 0x0,
    0x0, 0x0, 0x0, 0x0, 0x0, 0x0, 0x0, 0x94,
    0xff, 0xe0, 0x0, 0x0, 0x0, 0x0, 0x0, 0x87,
    0x72, 0x1d, 0x94, 0xff, 0xe0, 0xd, 0x5e, 0xa2,
    0x1, 0x10, 0xf9, 0xff, 0xfe, 0xf1, 0xff, 0xfa,
    0xf6, 0xff, 0xff, 0x40, 0x33, 0xe4, 0xff, 0xff,
    0xff, 0xff, 0xff, 0xff, 0xff, 0xf6, 0x62, 0x0,
    0x3, 0x4c, 0xd3, 0xff, 0xff, 0xff, 0xf2, 0x76,
    0x12, 0x0, 0x0, 0x0, 0x1c, 0xf0, 0xff, 0xff,
    0xff, 0xfe, 0x40, 0x0, 0x0, 0x0, 0x0, 0xb8,
    0xff, 0xff, 0x9d, 0xf9, 0xff, 0xe1, 0xe, 0x0,
    0x0, 0x20, 0xec, 0xff, 0xba, 0x1, 0x6d, 0xff,
    0xfc, 0x4f, 0x0, 0x0, 0x0, 0x1b, 0xaa, 0x18,
    0x0, 0x0, 0x97, 0x41, 0x0, 0x0,

    /* U+002B "+" */
    0x0, 0x0, 0x0, 0x0, 0x0, 0x0, 0x0, 0x2c,
    0x3c, 0x3c, 0x3c, 0x3c, 0x1, 0x0, 0x0, 0x0,
    0x0, 0x0, 0x0, 0x0, 0x0, 0x0, 0x0, 0x0,
    0x0, 0x0, 0x0, 0xbc, 0xff, 0xff, 0xff, 0xff,
    0x8, 0x0, 0x0, 0x0, 0x0, 0x0, 0x0, 0x0,
    0x0, 0x0, 0x0, 0x0, 0x0, 0x0, 0x0, 0xbc,
    0xff, 0xff, 0xff, 0xff, 0x8, 0x0, 0x0, 0x0,
    0x0, 0x0, 0x0, 0x0, 0x0, 0x0, 0x0, 0x0,
    0x0, 0x0, 0x0, 0xbc, 0xff, 0xff, 0xff, 0xff,
    0x8, 0x0, 0x0, 0x0, 0x0, 0x0, 0x0, 0x0,
    0x0, 0x0, 0x0, 0x0, 0x0, 0x0, 0x0, 0xbc,
    0xff, 0xff, 0xff, 0xff, 0x8, 0x0, 0x0, 0x0,
    0x0, 0x0, 0x0, 0x0, 0x0, 0x0, 0x0, 0x0,
    0x0, 0x0, 0x0, 0xbc, 0xff, 0xff, 0xff, 0xff,
    0x8, 0x0, 0x0, 0x0, 0x0, 0x0, 0x0, 0x0,
    0x0, 0x0, 0x0, 0x0, 0x0, 0x0, 0x0, 0xbc,
    0xff, 0xff, 0xff, 0xff, 0x8, 0x0, 0x0, 0x0,
    0x0, 0x0, 0x0, 0x0, 0x0, 0x0, 0x0, 0x0,
    0x0, 0x0, 0x0, 0xbc, 0xff, 0xff, 0xff, 0xff,
    0x8, 0x0, 0x0, 0x0, 0x0, 0x0, 0x0, 0x0,
    0xc0, 0xff, 0xff, 0xff, 0xff, 0xff, 0xff, 0xff,
    0xff, 0xff, 0xff, 0xff, 0xff, 0xff, 0xff, 0xff,
    0xff, 0xff, 0xff, 0x14, 0xc0, 0xff, 0xff, 0xff,
    0xff, 0xff, 0xff, 0xff, 0xff, 0xff, 0xff, 0xff,
    0xff, 0xff, 0xff, 0xff, 0xff, 0xff, 0xff, 0x14,
    0xc0, 0xff, 0xff, 0xff, 0xff, 0xff, 0xff, 0xff,
    0xff, 0xff, 0xff, 0xff, 0xff, 0xff, 0xff, 0xff,
    0xff, 0xff, 0xff, 0x14, 0xc0, 0xff, 0xff, 0xff,
    0xff, 0xff, 0xff, 0xff, 0xff, 0xff, 0xff, 0xff,
    0xff, 0xff, 0xff, 0xff, 0xff, 0xff, 0xff, 0x14,
    0xa8, 0xe0, 0xe0, 0xe0, 0xe0, 0xe0, 0xe0, 0xf7,
    0xff, 0xff, 0xff, 0xff, 0xe1, 0xe0, 0xe0, 0xe0,
    0xe0, 0xe0, 0xe0, 0x11, 0x0, 0x0, 0x0, 0x0,
    0x0, 0x0, 0x0, 0xbc, 0xff, 0xff, 0xff, 0xff,
    0x8, 0x0, 0x0, 0x0, 0x0, 0x0, 0x0, 0x0,
    0x0, 0x0, 0x0, 0x0, 0x0, 0x0, 0x0, 0xbc,
    0xff, 0xff, 0xff, 0xff, 0x8, 0x0, 0x0, 0x0,
    0x0, 0x0, 0x0, 0x0, 0x0, 0x0, 0x0, 0x0,
    0x0, 0x0, 0x0, 0xbc, 0xff, 0xff, 0xff, 0xff,
    0x8, 0x0, 0x0, 0x0, 0x0, 0x0, 0x0, 0x0,
    0x0, 0x0, 0x0, 0x0, 0x0, 0x0, 0x0, 0xbc,
    0xff, 0xff, 0xff, 0xff, 0x8, 0x0, 0x0, 0x0,
    0x0, 0x0, 0x0, 0x0, 0x0, 0x0, 0x0, 0x0,
    0x0, 0x0, 0x0, 0xbc, 0xff, 0xff, 0xff, 0xff,
    0x8, 0x0, 0x0, 0x0, 0x0, 0x0, 0x0, 0x0,
    0x0, 0x0, 0x0, 0x0, 0x0, 0x0, 0x0, 0xbc,
    0xff, 0xff, 0xff, 0xff, 0x8, 0x0, 0x0, 0x0,
    0x0, 0x0, 0x0, 0x0, 0x0, 0x0, 0x0, 0x0,
    0x0, 0x0, 0x0, 0xbc, 0xff, 0xff, 0xff, 0xff,
    0x8, 0x0, 0x0, 0x0, 0x0, 0x0, 0x0, 0x0,

    /* U+002C "," */
    0x18, 0x54, 0x54, 0x54, 0x54, 0x54, 0x4c, 0xff,
    0xff, 0xff, 0xff, 0xff, 0x4c, 0xff, 0xff, 0xff,
    0xff, 0xff, 0x4c, 0xff, 0xff, 0xff, 0xff, 0xfe,
    0x4c, 0xff, 0xff, 0xff, 0xff, 0xf0, 0x4c, 0xff,
    0xff, 0xff, 0xff, 0xdd, 0x4c, 0xff, 0xff, 0xff,
    0xff, 0xa9, 0x0, 0x22, 0xff, 0xff, 0xff, 0x5a,
    0x16, 0xc9, 0xff, 0xff, 0xcb, 0x2, 0x4c, 0xff,
    0xff, 0xd1, 0x15, 0x0, 0x4c, 0xe0, 0x78, 0x6,
    0x0, 0x0, 0x6, 0x0, 0x0, 0x0, 0x0, 0x0,

    /* U+002D "-" */
    0x2b, 0x94, 0x94, 0x94, 0x94, 0x94, 0x94, 0x94,
    0x94, 0x94, 0x94, 0xb, 0x4c, 0xff, 0xff, 0xff,
    0xff, 0xff, 0xff, 0xff, 0xff, 0xff, 0xff, 0x14,
    0x4c, 0xff, 0xff, 0xff, 0xff, 0xff, 0xff, 0xff,
    0xff, 0xff, 0xff, 0x14, 0x4c, 0xff, 0xff, 0xff,
    0xff, 0xff, 0xff, 0xff, 0xff, 0xff, 0xff, 0x14,
    0x4c, 0xff, 0xff, 0xff, 0xff, 0xff, 0xff, 0xff,
    0xff, 0xff, 0xff, 0x14, 0x4c, 0xff, 0xff, 0xff,
    0xff, 0xff, 0xff, 0xff, 0xff, 0xff, 0xff, 0x14,

    /* U+002E "." */
    0x2d, 0x98, 0x98, 0x98, 0x98, 0x98, 0x63, 0x4c,
    0xff, 0xff, 0xff, 0xff, 0xff, 0xa8, 0x4c, 0xff,
    0xff, 0xff, 0xff, 0xff, 0xa8, 0x4c, 0xff, 0xff,
    0xff, 0xff, 0xff, 0xa8, 0x4c, 0xff, 0xff, 0xff,
    0xff, 0xff, 0xa8, 0x4c, 0xff, 0xff, 0xff, 0xff,
    0xff, 0xa8, 0x4c, 0xff, 0xff, 0xff, 0xff, 0xff,
    0xa8,

    /* U+002F "/" */
    0x0, 0x0, 0x0, 0x0, 0x0, 0x0, 0x0, 0x0,
    0x0, 0x33, 0x80, 0x80, 0x80, 0x80, 0x80, 0x43,
    0x0, 0x0, 0x0, 0x0, 0x0, 0x0, 0x0, 0x0,
    0x0, 0x9d, 0xff, 0xff, 0xff, 0xff, 0xff, 0x50,
    0x0, 0x0, 0x0, 0x0, 0x0, 0x0, 0x0, 0x0,
    0x0, 0xe4, 0xff, 0xff, 0xff, 0xff, 0xfa, 0xd,
    0x0, 0x0, 0x0, 0x0, 0x0, 0x0, 0x0, 0x0,
    0x2d, 0xff, 0xff, 0xff, 0xff, 0xff, 0xc0, 0x0,
    0x0, 0x0, 0x0, 0x0, 0x0, 0x0, 0x0, 0x0,
    0x75, 0xff, 0xff, 0xff, 0xff, 0xff, 0x79, 0x0,
    0x0, 0x0, 0x0, 0x0, 0x0, 0x0, 0x0, 0x0,
    0xbd, 0xff, 0xff, 0xff, 0xff, 0xff, 0x31, 0x0,
    0x0, 0x0, 0x0, 0x0, 0x0, 0x0, 0x0, 0xb,
    0xf9, 0xff, 0xff, 0xff, 0xff, 0xe8, 0x1, 0x0,
    0x0, 0x0, 0x0, 0x0, 0x0, 0x0, 0x0, 0x4d,
    0xff, 0xff, 0xff, 0xff, 0xff, 0xa2, 0x0, 0x0,
    0x0, 0x0, 0x0, 0x0, 0x0, 0x0, 0x0, 0x95,
    0xff, 0xff, 0xff, 0xff, 0xff, 0x5a, 0x0, 0x0,
    0x0, 0x0, 0x0, 0x0, 0x0, 0x0, 0x0, 0xdd,
    0xff, 0xff, 0xff, 0xff, 0xfe, 0x15, 0x0, 0x0,
    0x0, 0x0, 0x0, 0x0, 0x0, 0x0, 0x26, 0xff,
    0xff, 0xff, 0xff, 0xff, 0xcb, 0x0, 0x0, 0x0,
    0x0, 0x0, 0x0, 0x0, 0x0, 0x0, 0x6e, 0xff,
    0xff, 0xff, 0xff, 0xff, 0x83, 0x0, 0x0, 0x0,
    0x0, 0x0, 0x0, 0x0, 0x0, 0x0, 0xb6, 0xff,
    0xff, 0xff, 0xff, 0xff, 0x3c, 0x0, 0x0, 0x0,
    0x0, 0x0, 0x0, 0x0, 0x0, 0x7, 0xf5, 0xff,
    0xff, 0xff, 0xff, 0xf0, 0x4, 0x0, 0x0, 0x0,
    0x0, 0x0, 0x0, 0x0, 0x0, 0x46, 0xff, 0xff,
    0xff, 0xff, 0xff, 0xac, 0x0, 0x0, 0x0, 0x0,
    0x0, 0x0, 0x0, 0x0, 0x0, 0x8e, 0xff, 0xff,
    0xff, 0xff, 0xff, 0x65, 0x0, 0x0, 0x0, 0x0,
    0x0, 0x0, 0x0, 0x0, 0x0, 0xd6, 0xff, 0xff,
    0xff, 0xff, 0xff, 0x1d, 0x0, 0x0, 0x0, 0x0,
    0x0, 0x0, 0x0, 0x0, 0x1e, 0xff, 0xff, 0xff,
    0xff, 0xff, 0xd5, 0x0, 0x0, 0x0, 0x0, 0x0,
    0x0, 0x0, 0x0, 0x0, 0x67, 0xff, 0xff, 0xff,
    0xff, 0xff, 0x8e, 0x0, 0x0, 0x0, 0x0, 0x0,
    0x0, 0x0, 0x0, 0x0, 0xaf, 0xff, 0xff, 0xff,
    0xff, 0xff, 0x46, 0x0, 0x0, 0x0, 0x0, 0x0,
    0x0, 0x0, 0x0, 0x4, 0xf1, 0xff, 0xff, 0xff,
    0xff, 0xf6, 0x8, 0x0, 0x0, 0x0, 0x0, 0x0,
    0x0, 0x0, 0x0, 0x3f, 0xff, 0xff, 0xff, 0xff,
    0xff, 0xb7, 0x0, 0x0, 0x0, 0x0, 0x0, 0x0,
    0x0, 0x0, 0x0, 0x87, 0xff, 0xff, 0xff, 0xff,
    0xff, 0x6f, 0x0, 0x0, 0x0, 0x0, 0x0, 0x0,
    0x0, 0x0, 0x0, 0xcf, 0xff, 0xff, 0xff, 0xff,
    0xff, 0x28, 0x0, 0x0, 0x0, 0x0, 0x0, 0x0,
    0x0, 0x0, 0x18, 0xfe, 0xff, 0xff, 0xff, 0xff,
    0xe0, 0x0, 0x0, 0x0, 0x0, 0x0, 0x0, 0x0,
    0x0, 0x0, 0x5f, 0xff, 0xff, 0xff, 0xff, 0xff,
    0x98, 0x0, 0x0, 0x0, 0x0, 0x0, 0x0, 0x0,
    0x0, 0x0, 0xa8, 0xff, 0xff, 0xff, 0xff, 0xff,
    0x51, 0x0, 0x0, 0x0, 0x0, 0x0, 0x0, 0x0,
    0x0, 0x2, 0xec, 0xff, 0xff, 0xff, 0xff, 0xfb,
    0xe, 0x0, 0x0, 0x0, 0x0, 0x0, 0x0, 0x0,
    0x0, 0x38, 0xff, 0xff, 0xff, 0xff, 0xff, 0xc1,
    0x0, 0x0, 0x0, 0x0, 0x0, 0x0, 0x0, 0x0,
    0x0, 0x80, 0xff, 0xff, 0xff, 0xff, 0xff, 0x7a,
    0x0, 0x0, 0x0, 0x0, 0x0, 0x0, 0x0, 0x0,
    0x0, 0xc8, 0xff, 0xff, 0xff, 0xff, 0xff, 0x32,
    0x0, 0x0, 0x0, 0x0, 0x0, 0x0, 0x0, 0x0,
    0x12, 0xfd, 0xff, 0xff, 0xff, 0xff, 0xe9, 0x1,
    0x0, 0x0, 0x0, 0x0, 0x0, 0x0, 0x0, 0x0,
    0x58, 0xff, 0xff, 0xff, 0xff, 0xff, 0xa3, 0x0,
    0x0, 0x0, 0x0, 0x0, 0x0, 0x0, 0x0, 0x0,
    0xa0, 0xff, 0xff, 0xff, 0xff, 0xff, 0x5b, 0x0,
    0x0, 0x0, 0x0, 0x0, 0x0, 0x0, 0x0, 0x0,

    /* U+0030 "0" */
    0x0, 0x0, 0x0, 0x0, 0x1, 0x4a, 0x9d, 0xd1,
    0xf0, 0xfb, 0xe9, 0xd0, 0x9d, 0x4a, 0x6, 0x0,
    0x0, 0x0, 0x0, 0x0, 0x0, 0x0, 0x0, 0x38,
    0xd3, 0xff, 0xff, 0xff, 0xff, 0xff, 0xff, 0xff,
    0xff, 0xff, 0xe3, 0x5c, 0x0, 0x0, 0x0, 0x0,
    0x0, 0x0, 0x56, 0xfb, 0xff, 0xff, 0xff, 0xff,
    0xff, 0xff, 0xff, 0xff, 0xff, 0xff, 0xff, 0xff,
    0x9c, 0x1, 0x0, 0x0, 0x0, 0x2b, 0xf8, 0xff,
    0xff, 0xff, 0xff, 0xff, 0xff, 0xff, 0xff, 0xff,
    0xff, 0xff, 0xff, 0xff, 0xff, 0x76, 0x0, 0x0,
    0x0, 0xab, 0xff, 0xff, 0xff, 0xff, 0xff, 0xff,
    0xff, 0xfe, 0xff, 0xff, 0xff, 0xff, 0xff, 0xff,
    0xff, 0xf4, 0x17, 0x0, 0x9, 0xf8, 0xff, 0xff,
    0xff, 0xff, 0xff, 0xff, 0xbd, 0xc, 0x4c, 0xff,
    0xff, 0xff, 0xff, 0xff, 0xff, 0xff, 0x6c, 0x0,
    0x3a, 0xff, 0xff, 0xff, 0xff, 0xff, 0xff, 0xff,
    0x68, 0x0, 0x0, 0xf7, 0xff, 0xff, 0xff, 0xff,
    0xff, 0xff, 0xb3, 0x0, 0x61, 0xff, 0xff, 0xff,
    0xff, 0xff, 0xff, 0xff, 0x53, 0x0, 0x0, 0xe6,
    0xff, 0xff, 0xff, 0xff, 0xff, 0xff, 0xd7, 0x0,
    0x79, 0xff, 0xff, 0xff, 0xff, 0xff, 0xff, 0xff,
    0x4c, 0x0, 0x0, 0xe1, 0xff, 0xff, 0xff, 0xff,
    0xff, 0xff, 0xed, 0x0, 0x8b, 0xff, 0xff, 0xff,
    0xff, 0xff, 0xff, 0xff, 0x4c, 0x0, 0x0, 0xe0,
    0xff, 0xff, 0xff, 0xff, 0xff, 0xff, 0xf9, 0x0,
    0x92, 0xff, 0xff, 0xff, 0xff, 0xff, 0xff, 0xff,
    0x4c, 0x0, 0x0, 0xe0, 0xff, 0xff, 0xff, 0xff,
    0xff, 0xff, 0xff, 0x0, 0x97, 0xff, 0xff, 0xff,
    0xff, 0xff, 0xff, 0xff, 0x4c, 0x0, 0x0, 0xe0,
    0xff, 0xff, 0xff, 0xff, 0xff, 0xff, 0xff, 0x3,
    0x98, 0xff, 0xff, 0xff, 0xff, 0xff, 0xff, 0xff,
    0x4c, 0x0, 0x0, 0xe0, 0xff, 0xff, 0xff, 0xff,
    0xff, 0xff, 0xff, 0x4, 0x98, 0xff, 0xff, 0xff,
    0xff, 0xff, 0xff, 0xff, 0x4c, 0x0, 0x0, 0xe0,
    0xff, 0xff, 0xff, 0xff, 0xff, 0xff, 0xff, 0x4,
    0x98, 0xff, 0xff, 0xff, 0xff, 0xff, 0xff, 0xff,
    0x4c, 0x0, 0x0, 0xe0, 0xff, 0xff, 0xff, 0xff,
    0xff, 0xff, 0xff, 0x4, 0x98, 0xff, 0xff, 0xff,
    0xff, 0xff, 0xff, 0xff, 0x4c, 0x0, 0x0, 0xe0,
    0xff, 0xff, 0xff, 0xff, 0xff, 0xff, 0xff, 0x4,
    0x98, 0xff, 0xff, 0xff, 0xff, 0xff, 0xff, 0xff,
    0x4c, 0x0, 0x0, 0xe0, 0xff, 0xff, 0xff, 0xff,
    0xff, 0xff, 0xff, 0x4, 0x98, 0xff, 0xff, 0xff,
    0xff, 0xff, 0xff, 0xff, 0x4c, 0x0, 0x0, 0xe0,
    0xff, 0xff, 0xff, 0xff, 0xff, 0xff, 0xff, 0x4,
    0x98, 0xff, 0xff, 0xff, 0xff, 0xff, 0xff, 0xff,
    0x4c, 0x0, 0x0, 0xe0, 0xff, 0xff, 0xff, 0xff,
    0xff, 0xff, 0xff, 0x4, 0x98, 0xff, 0xff, 0xff,
    0xff, 0xff, 0xff, 0xff, 0x4c, 0x0, 0x0, 0xe0,
    0xff, 0xff, 0xff, 0xff, 0xff, 0xff, 0xff, 0x4,
    0x98, 0xff, 0xff, 0xff, 0xff, 0xff, 0xff, 0xff,
    0x4c, 0x0, 0x0, 0xe0, 0xff, 0xff, 0xff, 0xff,
    0xff, 0xff, 0xff, 0x4, 0x98, 0xff, 0xff, 0xff,
    0xff, 0xff, 0xff, 0xff, 0x4c, 0x0, 0x0, 0xe0,
    0xff, 0xff, 0xff, 0xff, 0xff, 0xff, 0xff, 0x4,
    0x98, 0xff, 0xff, 0xff, 0xff, 0xff, 0xff, 0xff,
    0x4c, 0x0, 0x0, 0xe0, 0xff, 0xff, 0xff, 0xff,
    0xff, 0xff, 0xff, 0x2, 0x95, 0xff, 0xff, 0xff,
    0xff, 0xff, 0xff, 0xff, 0x4c, 0x0, 0x0, 0xe0,
    0xff, 0xff, 0xff, 0xff, 0xff, 0xff, 0xfe, 0x0,
    0x8e, 0xff, 0xff, 0xff, 0xff, 0xff, 0xff, 0xff,
    0x4c, 0x0, 0x0, 0xe0, 0xff, 0xff, 0xff, 0xff,
    0xff, 0xff, 0xf6, 0x0, 0x7d, 0xff, 0xff, 0xff,
    0xff, 0xff, 0xff, 0xff, 0x4e, 0x0, 0x0, 0xe3,
    0xff, 0xff, 0xff, 0xff, 0xff, 0xff, 0xe8, 0x0,
    0x61, 0xff, 0xff, 0xff, 0xff, 0xff, 0xff, 0xff,
    0x59, 0x0, 0x0, 0xef, 0xff, 0xff, 0xff, 0xff,
    0xff, 0xff, 0xce, 0x0, 0x2e, 0xff, 0xff, 0xff,
    0xff, 0xff, 0xff, 0xff, 0x76, 0x0, 0x14, 0xff,
    0xff, 0xff, 0xff, 0xff, 0xff, 0xff, 0xa2, 0x0,
    0x0, 0xd2, 0xff, 0xff, 0xff, 0xff, 0xff, 0xff,
    0xed, 0x8a, 0xc7, 0xff, 0xff, 0xff, 0xff, 0xff,
    0xff, 0xff, 0x4d, 0x0, 0x0, 0x5a, 0xff, 0xff,
    0xff, 0xff, 0xff, 0xff, 0xff, 0xff, 0xff, 0xff,
    0xff, 0xff, 0xff, 0xff, 0xff, 0xd4, 0x4, 0x0,
    0x0, 0x0, 0xb2, 0xff, 0xff, 0xff, 0xff, 0xff,
    0xff, 0xff, 0xff, 0xff, 0xff, 0xff, 0xff, 0xff,
    0xf8, 0x32, 0x0, 0x0, 0x0, 0x0, 0x9, 0xb4,
    0xff, 0xff, 0xff, 0xff, 0xff, 0xff, 0xff, 0xff,
    0xff, 0xff, 0xff, 0xf2, 0x42, 0x0, 0x0, 0x0,
    0x0, 0x0, 0x0, 0x2, 0x59, 0xd0, 0xff, 0xff,
    0xff, 0xff, 0xff, 0xff, 0xff, 0xf7, 0x9d, 0x1e,
    0x0, 0x0, 0x0, 0x0, 0x0, 0x0, 0x0, 0x0,
    0x0, 0x0, 0x15, 0x4d, 0x65, 0x75, 0x79, 0x65,
    0x42, 0x8, 0x0, 0x0, 0x0, 0x0, 0x0, 0x0,

    /* U+0031 "1" */
    0x0, 0x0, 0x0, 0x0, 0x0, 0x0, 0x0, 0x0,
    0x8b, 0xff, 0xff, 0xff, 0xff, 0x94, 0x0, 0x0,
    0x0, 0x0, 0x0, 0x0, 0x0, 0x7e, 0xff, 0xff,
    0xff, 0xff, 0xff, 0x94, 0x0, 0x0, 0x0, 0x0,
    0x0, 0x12, 0xae, 0xff, 0xff, 0xff, 0xff, 0xff,
    0xff, 0x94, 0x0, 0x0, 0x0, 0x9, 0x6d, 0xe5,
    0xff, 0xff, 0xff, 0xff, 0xff, 0xff, 0xff, 0x94,
    0x5, 0x42, 0x8d, 0xe9, 0xff, 0xff, 0xff, 0xff,
    0xff, 0xff, 0xff, 0xff, 0xff, 0x94, 0xbe, 0xff,
    0xff, 0xff, 0xff, 0xff, 0xff, 0xff, 0xff, 0xff,
    0xff, 0xff, 0xff, 0x94, 0xc4, 0xff, 0xff, 0xff,
    0xff, 0xff, 0xff, 0xff, 0xff, 0xff, 0xff, 0xff,
    0xff, 0x94, 0xc4, 0xff, 0xff, 0xff, 0xff, 0xff,
    0xff, 0xff, 0xff, 0xff, 0xff, 0xff, 0xff, 0x94,
    0xa5, 0xda, 0xe4, 0xf8, 0xff, 0xff, 0xff, 0xff,
    0xff, 0xff, 0xff, 0xff, 0xff, 0x94, 0x0, 0x0,
    0x0, 0x3, 0x45, 0xeb, 0xff, 0xff, 0xff, 0xff,
    0xff, 0xff, 0xff, 0x94, 0x0, 0x0, 0x0, 0x0,
    0x0, 0x81, 0xff, 0xff, 0xff, 0xff, 0xff, 0xff,
    0xff, 0x94, 0x0, 0x0, 0x0, 0x0, 0x0, 0x62,
    0xff, 0xff, 0xff, 0xff, 0xff, 0xff, 0xff, 0x94,
    0x0, 0x0, 0x0, 0x0, 0x0, 0x58, 0xff, 0xff,
    0xff, 0xff, 0xff, 0xff, 0xff, 0x94, 0x0, 0x0,
    0x0, 0x0, 0x0, 0x52, 0xff, 0xff, 0xff, 0xff,
    0xff, 0xff, 0xff, 0x94, 0x0, 0x0, 0x0, 0x0,
    0x0, 0x50, 0xff, 0xff, 0xff, 0xff, 0xff, 0xff,
    0xff, 0x94, 0x0, 0x0, 0x0, 0x0, 0x0, 0x50,
    0xff, 0xff, 0xff, 0xff, 0xff, 0xff, 0xff, 0x94,
    0x0, 0x0, 0x0, 0x0, 0x0, 0x50, 0xff, 0xff,
    0xff, 0xff, 0xff, 0xff, 0xff, 0x94, 0x0, 0x0,
    0x0, 0x0, 0x0, 0x50, 0xff, 0xff, 0xff, 0xff,
    0xff, 0xff, 0xff, 0x94, 0x0, 0x0, 0x0, 0x0,
    0x0, 0x50, 0xff, 0xff, 0xff, 0xff, 0xff, 0xff,
    0xff, 0x94, 0x0, 0x0, 0x0, 0x0, 0x0, 0x50,
    0xff, 0xff, 0xff, 0xff, 0xff, 0xff, 0xff, 0x94,
    0x0, 0x0, 0x0, 0x0, 0x0, 0x50, 0xff, 0xff,
    0xff, 0xff, 0xff, 0xff, 0xff, 0x94, 0x0, 0x0,
    0x0, 0x0, 0x0, 0x50, 0xff, 0xff, 0xff, 0xff,
    0xff, 0xff, 0xff, 0x94, 0x0, 0x0, 0x0, 0x0,
    0x0, 0x50, 0xff, 0xff, 0xff, 0xff, 0xff, 0xff,
    0xff, 0x94, 0x0, 0x0, 0x0, 0x0, 0x0, 0x50,
    0xff, 0xff, 0xff, 0xff, 0xff, 0xff, 0xff, 0x94,
    0x0, 0x0, 0x0, 0x0, 0x0, 0x50, 0xff, 0xff,
    0xff, 0xff, 0xff, 0xff, 0xff, 0x94, 0x0, 0x0,
    0x0, 0x0, 0x0, 0x50, 0xff, 0xff, 0xff, 0xff,
    0xff, 0xff, 0xff, 0x94, 0x0, 0x0, 0x0, 0x0,
    0x0, 0x50, 0xff, 0xff, 0xff, 0xff, 0xff, 0xff,
    0xff, 0x94, 0x0, 0x0, 0x0, 0x0, 0x0, 0x50,
    0xff, 0xff, 0xff, 0xff, 0xff, 0xff, 0xff, 0x94,
    0x0, 0x0, 0x0, 0x0, 0x0, 0x50, 0xff, 0xff,
    0xff, 0xff, 0xff, 0xff, 0xff, 0x94, 0x0, 0x0,
    0x0, 0x0, 0x0, 0x50, 0xff, 0xff, 0xff, 0xff,
    0xff, 0xff, 0xff, 0x94, 0x0, 0x0, 0x0, 0x0,
    0x0, 0x50, 0xff, 0xff, 0xff, 0xff, 0xff, 0xff,
    0xff, 0x94, 0x0, 0x0, 0x0, 0x0, 0x0, 0x50,
    0xff, 0xff, 0xff, 0xff, 0xff, 0xff, 0xff, 0x94,

    /* U+0032 "2" */
    0x0, 0x0, 0x0, 0x0, 0x2b, 0x81, 0xc5, 0xdf,
    0xf2, 0xe7, 0xd5, 0xa7, 0x69, 0x10, 0x0, 0x0,
    0x0, 0x0, 0x0, 0x0, 0x0, 0xb, 0x96, 0xfd,
    0xff, 0xff, 0xff, 0xff, 0xff, 0xff, 0xff, 0xff,
    0xf2, 0x7d, 0x2, 0x0, 0x0, 0x0, 0x0, 0x7,
    0xbb, 0xff, 0xff, 0xff, 0xff, 0xff, 0xff, 0xff,
    0xff, 0xff, 0xff, 0xff, 0xff, 0xb4, 0x5, 0x0,
    0x0, 0x0, 0x8c, 0xff, 0xff, 0xff, 0xff, 0xff,
    0xff, 0xff, 0xff, 0xff, 0xff, 0xff, 0xff, 0xff,
    0xff, 0x94, 0x0, 0x0, 0x1f, 0xf9, 0xff, 0xff,
    0xff, 0xff, 0xff, 0xff, 0xff, 0xff, 0xff, 0xff,
    0xff, 0xff, 0xff, 0xff, 0xfe, 0x30, 0x0, 0x76,
    0xff, 0xff, 0xff, 0xff, 0xff, 0xff, 0xc4, 0x19,
    0x29, 0xde, 0xff, 0xff, 0xff, 0xff, 0xff, 0xff,
    0x9f, 0x0, 0xb5, 0xff, 0xff, 0xff, 0xff, 0xff,
    0xff, 0x4d, 0x0, 0x0, 0x75, 0xff, 0xff, 0xff,
    0xff, 0xff, 0xff, 0xe6, 0x0, 0xd3, 0xff, 0xff,
    0xff, 0xff, 0xff, 0xff, 0x2a, 0x0, 0x0, 0x56,
    0xff, 0xff, 0xff, 0xff, 0xff, 0xff, 0xff, 0xa,
    0xe4, 0xff, 0xff, 0xff, 0xff, 0xff, 0xff, 0x21,
    0x0, 0x0, 0x6a, 0xff, 0xff, 0xff, 0xff, 0xff,
    0xff, 0xff, 0x1b, 0xed, 0xff, 0xff, 0xff, 0xff,
    0xff, 0xff, 0x20, 0x0, 0x0, 0xa4, 0xff, 0xff,
    0xff, 0xff, 0xff, 0xff, 0xff, 0xf, 0xef, 0xff,
    0xff, 0xff, 0xff, 0xff, 0xff, 0x20, 0x0, 0x8,
    0xf1, 0xff, 0xff, 0xff, 0xff, 0xff, 0xff, 0xed,
    0x0, 0x9d, 0xa8, 0xa8, 0xa8, 0xa8, 0xa8, 0xa8,
    0x15, 0x0, 0x61, 0xff, 0xff, 0xff, 0xff, 0xff,
    0xff, 0xff, 0xba, 0x0, 0x0, 0x0, 0x0, 0x0,
    0x0, 0x0, 0x0, 0x0, 0x1, 0xd3, 0xff, 0xff,
    0xff, 0xff, 0xff, 0xff, 0xff, 0x72, 0x0, 0x0,
    0x0, 0x0, 0x0, 0x0, 0x0, 0x0, 0x0, 0x56,
    0xff, 0xff, 0xff, 0xff, 0xff, 0xff, 0xff, 0xfc,
    0x1b, 0x0, 0x0, 0x0, 0x0, 0x0, 0x0, 0x0,
    0x0, 0x4, 0xda, 0xff, 0xff, 0xff, 0xff, 0xff,
    0xff, 0xff, 0xae, 0x0, 0x0, 0x0, 0x0, 0x0,
    0x0, 0x0, 0x0, 0x0, 0x6c, 0xff, 0xff, 0xff,
    0xff, 0xff, 0xff, 0xff, 0xfe, 0x32, 0x0, 0x0,
    0x0, 0x0, 0x0, 0x0, 0x0, 0x0, 0x10, 0xeb,
    0xff, 0xff, 0xff, 0xff, 0xff, 0xff, 0xff, 0xa6,
    0x0, 0x0, 0x0, 0x0, 0x0, 0x0, 0x0, 0x0,
    0x0, 0x8d, 0xff, 0xff, 0xff, 0xff, 0xff, 0xff,
    0xff, 0xf6, 0x1e, 0x0, 0x0, 0x0, 0x0, 0x0,
    0x0, 0x0, 0x0, 0x25, 0xf9, 0xff, 0xff, 0xff,
    0xff, 0xff, 0xff, 0xff, 0x7c, 0x0, 0x0, 0x0,
    0x0, 0x0, 0x0, 0x0, 0x0, 0x0, 0xb3, 0xff,
    0xff, 0xff, 0xff, 0xff, 0xff, 0xff, 0xda, 0x7,
    0x0, 0x0, 0x0, 0x0, 0x0, 0x0, 0x0, 0x0,
    0x47, 0xff, 0xff, 0xff, 0xff, 0xff, 0xff, 0xff,
    0xff, 0x44, 0x0, 0x0, 0x0, 0x0, 0x0, 0x0,
    0x0, 0x0, 0x5, 0xd7, 0xff, 0xff, 0xff, 0xff,
    0xff, 0xff, 0xff, 0xa3, 0x0, 0x0, 0x0, 0x0,
    0x0, 0x0, 0x0, 0x0, 0x0, 0x73, 0xff, 0xff,
    0xff, 0xff, 0xff, 0xff, 0xff, 0xec, 0x14, 0x0,
    0x0, 0x0, 0x0, 0x0, 0x0, 0x0, 0x0, 0x18,
    0xf1, 0xff, 0xff, 0xff, 0xff, 0xff, 0xff, 0xff,
    0x5d, 0x0, 0x0, 0x0, 0x0, 0x0, 0x0, 0x0,
    0x0, 0x0, 0xa1, 0xff, 0xff, 0xff, 0xff, 0xff,
    0xff, 0xff, 0xb7, 0x0, 0x0, 0x0, 0x0, 0x0,
    0x0, 0x0, 0x0, 0x0, 0x39, 0xfe, 0xff, 0xff,
    0xff, 0xff, 0xff, 0xff, 0xf2, 0x1e, 0x0, 0x0,
    0x0, 0x0, 0x0, 0x0, 0x0, 0x0, 0x2, 0xcd,
    0xff, 0xff, 0xff, 0xff, 0xff, 0xff, 0xff, 0x69,
    0x0, 0x0, 0x0, 0x0, 0x0, 0x0, 0x0, 0x0,
    0x0, 0x69, 0xff, 0xff, 0xff, 0xff, 0xff, 0xff,
    0xff, 0xf5, 0x85, 0x84, 0x84, 0x84, 0x84, 0x84,
    0x84, 0x84, 0x37, 0x0, 0xe4, 0xff, 0xff, 0xff,
    0xff, 0xff, 0xff, 0xff, 0xff, 0xff, 0xff, 0xff,
    0xff, 0xff, 0xff, 0xff, 0xff, 0x6c, 0x0, 0xf0,
    0xff, 0xff, 0xff, 0xff, 0xff, 0xff, 0xff, 0xff,
    0xff, 0xff, 0xff, 0xff, 0xff, 0xff, 0xff, 0xff,
    0x6c, 0x0, 0xf0, 0xff, 0xff, 0xff, 0xff, 0xff,
    0xff, 0xff, 0xff, 0xff, 0xff, 0xff, 0xff, 0xff,
    0xff, 0xff, 0xff, 0x6c, 0x0, 0xf0, 0xff, 0xff,
    0xff, 0xff, 0xff, 0xff, 0xff, 0xff, 0xff, 0xff,
    0xff, 0xff, 0xff, 0xff, 0xff, 0xff, 0x6c, 0x0,
    0xf0, 0xff, 0xff, 0xff, 0xff, 0xff, 0xff, 0xff,
    0xff, 0xff, 0xff, 0xff, 0xff, 0xff, 0xff, 0xff,
    0xff, 0x6c, 0x0,

    /* U+0033 "3" */
    0x0, 0x0, 0x0, 0x1c, 0x72, 0xb0, 0xda, 0xef,
    0xfb, 0xf6, 0xe8, 0xd4, 0xa5, 0x6d, 0x13, 0x0,
    0x0, 0x0, 0x0, 0x0, 0x1, 0x84, 0xf9, 0xff,
    0xff, 0xff, 0xff, 0xff, 0xff, 0xff, 0xff, 0xff,
    0xff, 0xf7, 0x85, 0x2, 0x0, 0x0, 0x0, 0x86,
    0xff, 0xff, 0xff, 0xff, 0xff, 0xff, 0xff, 0xff,
    0xff, 0xff, 0xff, 0xff, 0xff, 0xff, 0xa4, 0x0,
    0x0, 0x1b, 0xf9, 0xff, 0xff, 0xff, 0xff, 0xff,
    0xff, 0xff, 0xff, 0xff, 0xff, 0xff, 0xff, 0xff,
    0xff, 0xff, 0x56, 0x0, 0x6d, 0xff, 0xff, 0xff,
    0xff, 0xff, 0xff, 0xff, 0xff, 0xff, 0xff, 0xff,
    0xff, 0xff, 0xff, 0xff, 0xff, 0xcd, 0x0, 0xa4,
    0xff, 0xff, 0xff, 0xff, 0xff, 0xff, 0xff, 0x7d,
    0x9, 0x8d, 0xff, 0xff, 0xff, 0xff, 0xff, 0xff,
    0xff, 0x1f, 0xbf, 0xff, 0xff, 0xff, 0xff, 0xff,
    0xff, 0xff, 0x23, 0x0, 0x2f, 0xff, 0xff, 0xff,
    0xff, 0xff, 0xff, 0xff, 0x55, 0xce, 0xff, 0xff,
    0xff, 0xff, 0xff, 0xff, 0xff, 0x12, 0x0, 0x1e,
    0xff, 0xff, 0xff, 0xff, 0xff, 0xff, 0xff, 0x6e,
    0xd4, 0xff, 0xff, 0xff, 0xff, 0xff, 0xff, 0xff,
    0x10, 0x0, 0x1c, 0xff, 0xff, 0xff, 0xff, 0xff,
    0xff, 0xff, 0x7c, 0xd4, 0xff, 0xff, 0xff, 0xff,
    0xff, 0xff, 0xff, 0x10, 0x0, 0x1d, 0xff, 0xff,
    0xff, 0xff, 0xff, 0xff, 0xff, 0x75, 0x7d, 0x98,
    0x98, 0x98, 0x98, 0x98, 0x98, 0x98, 0x9, 0x0,
    0x2a, 0xff, 0xff, 0xff, 0xff, 0xff, 0xff, 0xff,
    0x5b, 0x0, 0x0, 0x0, 0x0, 0x0, 0x0, 0x0,
    0x0, 0x0, 0x0, 0x55, 0xff, 0xff, 0xff, 0xff,
    0xff, 0xff, 0xff, 0x22, 0x0, 0x0, 0x0, 0x0,
    0x0, 0x0, 0x0, 0x4, 0x10, 0x37, 0xd5, 0xff,
    0xff, 0xff, 0xff, 0xff, 0xff, 0xac, 0x0, 0x0,
    0x0, 0x0, 0x0, 0x0, 0x0, 0xd4, 0xff, 0xff,
    0xff, 0xff, 0xff, 0xff, 0xff, 0xff, 0xff, 0xbf,
    0xe, 0x0, 0x0, 0x0, 0x0, 0x0, 0x0, 0x0,
    0xd4, 0xff, 0xff, 0xff, 0xff, 0xff, 0xff, 0xff,
    0xff, 0xab, 0x3, 0x0, 0x0, 0x0, 0x0, 0x0,
    0x0, 0x0, 0x0, 0xd4, 0xff, 0xff, 0xff, 0xff,
    0xff, 0xff, 0xff, 0xff, 0xff, 0xb9, 0xf, 0x0,
    0x0, 0x0, 0x0, 0x0, 0x0, 0x0, 0xd4, 0xff,
    0xff, 0xff, 0xff, 0xff, 0xff, 0xff, 0xff, 0xff,
    0xff, 0xc0, 0x1, 0x0, 0x0, 0x0, 0x0, 0x0,
    0x0, 0x9a, 0xc1, 0xd8, 0xfd, 0xff, 0xff, 0xff,
    0xff, 0xff, 0xff, 0xff, 0xff, 0x3d, 0x0, 0x0,
    0x0, 0x0, 0x0, 0x0, 0x0, 0x0, 0x0, 0x28,
    0xe4, 0xff, 0xff, 0xff, 0xff, 0xff, 0xff, 0xff,
    0x78, 0x0, 0x0, 0x0, 0x0, 0x0, 0x0, 0x0,
    0x0, 0x0, 0x0, 0x65, 0xff, 0xff, 0xff, 0xff,
    0xff, 0xff, 0xff, 0x9b, 0xc6, 0xf0, 0xf0, 0xf0,
    0xf0, 0xf0, 0xf0, 0xf0, 0xf, 0x0, 0x2f, 0xff,
    0xff, 0xff, 0xff, 0xff, 0xff, 0xff, 0xb1, 0xd4,
    0xff, 0xff, 0xff, 0xff, 0xff, 0xff, 0xff, 0x10,
    0x0, 0x1e, 0xff, 0xff, 0xff, 0xff, 0xff, 0xff,
    0xff, 0xbd, 0xd3, 0xff, 0xff, 0xff, 0xff, 0xff,
    0xff, 0xff, 0x10, 0x0, 0x1c, 0xff, 0xff, 0xff,
    0xff, 0xff, 0xff, 0xff, 0xc3, 0xd0, 0xff, 0xff,
    0xff, 0xff, 0xff, 0xff, 0xff, 0x10, 0x0, 0x1c,
    0xff, 0xff, 0xff, 0xff, 0xff, 0xff, 0xff, 0xc5,
    0xca, 0xff, 0xff, 0xff, 0xff, 0xff, 0xff, 0xff,
    0x10, 0x0, 0x1d, 0xff, 0xff, 0xff, 0xff, 0xff,
    0xff, 0xff, 0xbd, 0xbc, 0xff, 0xff, 0xff, 0xff,
    0xff, 0xff, 0xff, 0x10, 0x0, 0x23, 0xff, 0xff,
    0xff, 0xff, 0xff, 0xff, 0xff, 0xad, 0xa7, 0xff,
    0xff, 0xff, 0xff, 0xff, 0xff, 0xff, 0x17, 0x0,
    0x31, 0xff, 0xff, 0xff, 0xff, 0xff, 0xff, 0xff,
    0x92, 0x85, 0xff, 0xff, 0xff, 0xff, 0xff, 0xff,
    0xff, 0x33, 0x0, 0x5a, 0xff, 0xff, 0xff, 0xff,
    0xff, 0xff, 0xff, 0x65, 0x50, 0xff, 0xff, 0xff,
    0xff, 0xff, 0xff, 0xff, 0xd1, 0x8e, 0xe8, 0xff,
    0xff, 0xff, 0xff, 0xff, 0xff, 0xff, 0x24, 0xa,
    0xea, 0xff, 0xff, 0xff, 0xff, 0xff, 0xff, 0xff,
    0xff, 0xff, 0xff, 0xff, 0xff, 0xff, 0xff, 0xff,
    0xc1, 0x0, 0x0, 0x55, 0xfe, 0xff, 0xff, 0xff,
    0xff, 0xff, 0xff, 0xff, 0xff, 0xff, 0xff, 0xff,
    0xff, 0xff, 0xf8, 0x31, 0x0, 0x0, 0x0, 0x5e,
    0xf6, 0xff, 0xff, 0xff, 0xff, 0xff, 0xff, 0xff,
    0xff, 0xff, 0xff, 0xff, 0xf2, 0x4a, 0x0, 0x0,
    0x0, 0x0, 0x0, 0x23, 0x9f, 0xf3, 0xff, 0xff,
    0xff, 0xff, 0xff, 0xff, 0xff, 0xf3, 0x99, 0x1c,
    0x0, 0x0, 0x0, 0x0, 0x0, 0x0, 0x0, 0x0,
    0x6, 0x39, 0x60, 0x74, 0x7d, 0x76, 0x61, 0x38,
    0x5, 0x0, 0x0, 0x0, 0x0, 0x0,

    /* U+0034 "4" */
    0x0, 0x0, 0x0, 0x0, 0x0, 0x0, 0x1e, 0xff,
    0xff, 0xff, 0xff, 0xff, 0xff, 0xff, 0xff, 0xff,
    0xff, 0x80, 0x0, 0x0, 0x0, 0x0, 0x0, 0x0,
    0x0, 0x0, 0x71, 0xff, 0xff, 0xff, 0xff, 0xff,
    0xff, 0xff, 0xff, 0xff, 0xff, 0x80, 0x0, 0x0,
    0x0, 0x0, 0x0, 0x0, 0x0, 0x0, 0xc4, 0xff,
    0xff, 0xff, 0xff, 0xff, 0xff, 0xff, 0xff, 0xff,
    0xff, 0x80, 0x0, 0x0, 0x0, 0x0, 0x0, 0x0,
    0x0, 0x19, 0xfd, 0xff, 0xff, 0xff, 0xff, 0xff,
    0xff, 0xff, 0xff, 0xff, 0xff, 0x80, 0x0, 0x0,
    0x0, 0x0, 0x0, 0x0, 0x0, 0x6a, 0xff, 0xff,
    0xff, 0xff, 0xff, 0xff, 0xff, 0xff, 0xff, 0xff,
    0xff, 0x80, 0x0, 0x0, 0x0, 0x0, 0x0, 0x0,
    0x0, 0xbd, 0xff, 0xff, 0xff, 0xff, 0xff, 0xff,
    0xff, 0xff, 0xff, 0xff, 0xff, 0x80, 0x0, 0x0,
    0x0, 0x0, 0x0, 0x0, 0x13, 0xfc, 0xff, 0xff,
    0xff, 0xff, 0xff, 0xff, 0xff, 0xff, 0xff, 0xff,
    0xff, 0x80, 0x0, 0x0, 0x0, 0x0, 0x0, 0x0,
    0x63, 0xff, 0xff, 0xff, 0xff, 0xf1, 0xff, 0xff,
    0xff, 0xff, 0xff, 0xff, 0xff, 0x80, 0x0, 0x0,
    0x0, 0x0, 0x0, 0x0, 0xb6, 0xff, 0xff, 0xff,
    0xff, 0xb3, 0xff, 0xff, 0xff, 0xff, 0xff, 0xff,
    0xff, 0x80, 0x0, 0x0, 0x0, 0x0, 0x0, 0xf,
    0xf9, 0xff, 0xff, 0xff, 0xfd, 0x75, 0xff, 0xff,
    0xff, 0xff, 0xff, 0xff, 0xff, 0x80, 0x0, 0x0,
    0x0, 0x0, 0x0, 0x5c, 0xff, 0xff, 0xff, 0xff,
    0xcd, 0x64, 0xff, 0xff, 0xff, 0xff, 0xff, 0xff,
    0xff, 0x80, 0x0, 0x0, 0x0, 0x0, 0x0, 0xaf,
    0xff, 0xff, 0xff, 0xff, 0x8c, 0x64, 0xff, 0xff,
    0xff, 0xff, 0xff, 0xff, 0xff, 0x80, 0x0, 0x0,
    0x0, 0x0, 0xb, 0xf6, 0xff, 0xff, 0xff, 0xff,
    0x4b, 0x64, 0xff, 0xff, 0xff, 0xff, 0xff, 0xff,
    0xff, 0x80, 0x0, 0x0, 0x0, 0x0, 0x55, 0xff,
    0xff, 0xff, 0xff, 0xfc, 0xe, 0x64, 0xff, 0xff,
    0xff, 0xff, 0xff, 0xff, 0xff, 0x80, 0x0, 0x0,
    0x0, 0x0, 0xa8, 0xff, 0xff, 0xff, 0xff, 0xc9,
    0x0, 0x64, 0xff, 0xff, 0xff, 0xff, 0xff, 0xff,
    0xff, 0x80, 0x0, 0x0, 0x0, 0x8, 0xf3, 0xff,
    0xff, 0xff, 0xff, 0x88, 0x0, 0x64, 0xff, 0xff,
    0xff, 0xff, 0xff, 0xff, 0xff, 0x80, 0x0, 0x0,
    0x0, 0x4e, 0xff, 0xff, 0xff, 0xff, 0xff, 0x47,
    0x0, 0x64, 0xff, 0xff, 0xff, 0xff, 0xff, 0xff,
    0xff, 0x80, 0x0, 0x0, 0x0, 0xa1, 0xff, 0xff,
    0xff, 0xff, 0xfa, 0xb, 0x0, 0x64, 0xff, 0xff,
    0xff, 0xff, 0xff, 0xff, 0xff, 0x80, 0x0, 0x0,
    0x5, 0xef, 0xff, 0xff, 0xff, 0xff, 0xc5, 0x0,
    0x0, 0x64, 0xff, 0xff, 0xff, 0xff, 0xff, 0xff,
    0xff, 0x80, 0x0, 0x0, 0x47, 0xff, 0xff, 0xff,
    0xff, 0xff, 0x84, 0x0, 0x0, 0x64, 0xff, 0xff,
    0xff, 0xff, 0xff, 0xff, 0xff, 0x80, 0x0, 0x0,
    0x9a, 0xff, 0xff, 0xff, 0xff, 0xff, 0x44, 0x0,
    0x0, 0x64, 0xff, 0xff, 0xff, 0xff, 0xff, 0xff,
    0xff, 0x80, 0x0, 0x0, 0xc4, 0xff, 0xff, 0xff,
    0xff, 0xff, 0xff, 0xff, 0xff, 0xff, 0xff, 0xff,
    0xff, 0xff, 0xff, 0xff, 0xff, 0xff, 0xff, 0xc0,
    0xc4, 0xff, 0xff, 0xff, 0xff, 0xff, 0xff, 0xff,
    0xff, 0xff, 0xff, 0xff, 0xff, 0xff, 0xff, 0xff,
    0xff, 0xff, 0xff, 0xc0, 0xc4, 0xff, 0xff, 0xff,
    0xff, 0xff, 0xff, 0xff, 0xff, 0xff, 0xff, 0xff,
    0xff, 0xff, 0xff, 0xff, 0xff, 0xff, 0xff, 0xc0,
    0xc4, 0xff, 0xff, 0xff, 0xff, 0xff, 0xff, 0xff,
    0xff, 0xff, 0xff, 0xff, 0xff, 0xff, 0xff, 0xff,
    0xff, 0xff, 0xff, 0xc0, 0xc4, 0xff, 0xff, 0xff,
    0xff, 0xff, 0xff, 0xff, 0xff, 0xff, 0xff, 0xff,
    0xff, 0xff, 0xff, 0xff, 0xff, 0xff, 0xff, 0xc0,
    0x65, 0x84, 0x84, 0x84, 0x84, 0x84, 0x84, 0x84,
    0x84, 0xb4, 0xff, 0xff, 0xff, 0xff, 0xff, 0xff,
    0xff, 0xc2, 0x84, 0x63, 0x0, 0x0, 0x0, 0x0,
    0x0, 0x0, 0x0, 0x0, 0x0, 0x64, 0xff, 0xff,
    0xff, 0xff, 0xff, 0xff, 0xff, 0x80, 0x0, 0x0,
    0x0, 0x0, 0x0, 0x0, 0x0, 0x0, 0x0, 0x0,
    0x0, 0x64, 0xff, 0xff, 0xff, 0xff, 0xff, 0xff,
    0xff, 0x80, 0x0, 0x0, 0x0, 0x0, 0x0, 0x0,
    0x0, 0x0, 0x0, 0x0, 0x0, 0x64, 0xff, 0xff,
    0xff, 0xff, 0xff, 0xff, 0xff, 0x80, 0x0, 0x0,
    0x0, 0x0, 0x0, 0x0, 0x0, 0x0, 0x0, 0x0,
    0x0, 0x64, 0xff, 0xff, 0xff, 0xff, 0xff, 0xff,
    0xff, 0x80, 0x0, 0x0, 0x0, 0x0, 0x0, 0x0,
    0x0, 0x0, 0x0, 0x0, 0x0, 0x64, 0xff, 0xff,
    0xff, 0xff, 0xff, 0xff, 0xff, 0x80, 0x0, 0x0,

    /* U+0035 "5" */
    0x4f, 0xff, 0xff, 0xff, 0xff, 0xff, 0xff, 0xff,
    0xff, 0xff, 0xff, 0xff, 0xff, 0xff, 0xff, 0xff,
    0xff, 0xa4, 0x0, 0x0, 0x54, 0xff, 0xff, 0xff,
    0xff, 0xff, 0xff, 0xff, 0xff, 0xff, 0xff, 0xff,
    0xff, 0xff, 0xff, 0xff, 0xff, 0xa4, 0x0, 0x0,
    0x59, 0xff, 0xff, 0xff, 0xff, 0xff, 0xff, 0xff,
    0xff, 0xff, 0xff, 0xff, 0xff, 0xff, 0xff, 0xff,
    0xff, 0xa4, 0x0, 0x0, 0x5f, 0xff, 0xff, 0xff,
    0xff, 0xff, 0xff, 0xff, 0xff, 0xff, 0xff, 0xff,
    0xff, 0xff, 0xff, 0xff, 0xff, 0xa4, 0x0, 0x0,
    0x64, 0xff, 0xff, 0xff, 0xff, 0xff, 0xff, 0xff,
    0xff, 0xff, 0xff, 0xff, 0xff, 0xff, 0xff, 0xff,
    0xff, 0xa4, 0x0, 0x0, 0x69, 0xff, 0xff, 0xff,
    0xff, 0xff, 0xff, 0xde, 0x2c, 0x2c, 0x2c, 0x2c,
    0x2c, 0x2c, 0x2c, 0x2c, 0x2c, 0x1c, 0x0, 0x0,
    0x6f, 0xff, 0xff, 0xff, 0xff, 0xff, 0xff, 0xd8,
    0x0, 0x0, 0x0, 0x0, 0x0, 0x0, 0x0, 0x0,
    0x0, 0x0, 0x0, 0x0, 0x74, 0xff, 0xff, 0xff,
    0xff, 0xff, 0xff, 0xd8, 0x0, 0x0, 0x0, 0x0,
    0x0, 0x0, 0x0, 0x0, 0x0, 0x0, 0x0, 0x0,
    0x79, 0xff, 0xff, 0xff, 0xff, 0xff, 0xff, 0xd8,
    0x0, 0x2e, 0xa0, 0xe2, 0xf9, 0xed, 0xc6, 0x79,
    0xe, 0x0, 0x0, 0x0, 0x7e, 0xff, 0xff, 0xff,
    0xff, 0xff, 0xff, 0xd8, 0x6c, 0xfb, 0xff, 0xff,
    0xff, 0xff, 0xff, 0xff, 0xe4, 0x2d, 0x0, 0x0,
    0x84, 0xff, 0xff, 0xff, 0xff, 0xff, 0xff, 0xfa,
    0xff, 0xff, 0xff, 0xff, 0xff, 0xff, 0xff, 0xff,
    0xff, 0xdc, 0x9, 0x0, 0x89, 0xff, 0xff, 0xff,
    0xff, 0xff, 0xff, 0xff, 0xff, 0xff, 0xff, 0xff,
    0xff, 0xff, 0xff, 0xff, 0xff, 0xff, 0x62, 0x0,
    0x8e, 0xff, 0xff, 0xff, 0xff, 0xff, 0xff, 0xff,
    0xff, 0xff, 0xff, 0xff, 0xff, 0xff, 0xff, 0xff,
    0xff, 0xff, 0xb4, 0x0, 0x94, 0xff, 0xff, 0xff,
    0xff, 0xff, 0xff, 0xff, 0xa5, 0xb, 0x4e, 0xff,
    0xff, 0xff, 0xff, 0xff, 0xff, 0xff, 0xe4, 0x0,
    0x99, 0xff, 0xff, 0xff, 0xff, 0xff, 0xff, 0xff,
    0x3b, 0x0, 0x0, 0xd7, 0xff, 0xff, 0xff, 0xff,
    0xff, 0xff, 0xff, 0xa, 0x87, 0xdc, 0xdc, 0xdc,
    0xdc, 0xdc, 0xdc, 0xdc, 0x2a, 0x0, 0x0, 0xbd,
    0xff, 0xff, 0xff, 0xff, 0xff, 0xff, 0xff, 0x1a,
    0x0, 0x0, 0x0, 0x0, 0x0, 0x0, 0x0, 0x0,
    0x0, 0x0, 0x0, 0xb8, 0xff, 0xff, 0xff, 0xff,
    0xff, 0xff, 0xff, 0x25, 0x0, 0x0, 0x0, 0x0,
    0x0, 0x0, 0x0, 0x0, 0x0, 0x0, 0x0, 0xb8,
    0xff, 0xff, 0xff, 0xff, 0xff, 0xff, 0xff, 0x2b,
    0x0, 0x0, 0x0, 0x0, 0x0, 0x0, 0x0, 0x0,
    0x0, 0x0, 0x0, 0xb8, 0xff, 0xff, 0xff, 0xff,
    0xff, 0xff, 0xff, 0x2c, 0x2f, 0x44, 0x44, 0x44,
    0x44, 0x44, 0x44, 0x44, 0xc, 0x0, 0x0, 0xb8,
    0xff, 0xff, 0xff, 0xff, 0xff, 0xff, 0xff, 0x2c,
    0xb4, 0xff, 0xff, 0xff, 0xff, 0xff, 0xff, 0xff,
    0x30, 0x0, 0x0, 0xb8, 0xff, 0xff, 0xff, 0xff,
    0xff, 0xff, 0xff, 0x2c, 0xb3, 0xff, 0xff, 0xff,
    0xff, 0xff, 0xff, 0xff, 0x30, 0x0, 0x0, 0xb8,
    0xff, 0xff, 0xff, 0xff, 0xff, 0xff, 0xff, 0x2b,
    0xad, 0xff, 0xff, 0xff, 0xff, 0xff, 0xff, 0xff,
    0x31, 0x0, 0x0, 0xb8, 0xff, 0xff, 0xff, 0xff,
    0xff, 0xff, 0xff, 0x28, 0xa4, 0xff, 0xff, 0xff,
    0xff, 0xff, 0xff, 0xff, 0x35, 0x0, 0x0, 0xbb,
    0xff, 0xff, 0xff, 0xff, 0xff, 0xff, 0xff, 0x22,
    0x8e, 0xff, 0xff, 0xff, 0xff, 0xff, 0xff, 0xff,
    0x3e, 0x0, 0x0, 0xbd, 0xff, 0xff, 0xff, 0xff,
    0xff, 0xff, 0xff, 0x17, 0x70, 0xff, 0xff, 0xff,
    0xff, 0xff, 0xff, 0xff, 0x50, 0x0, 0x0, 0xc1,
    0xff, 0xff, 0xff, 0xff, 0xff, 0xff, 0xfd, 0x4,
    0x3f, 0xff, 0xff, 0xff, 0xff, 0xff, 0xff, 0xff,
    0x7e, 0x0, 0x0, 0xd9, 0xff, 0xff, 0xff, 0xff,
    0xff, 0xff, 0xdd, 0x0, 0x7, 0xf0, 0xff, 0xff,
    0xff, 0xff, 0xff, 0xff, 0xf5, 0x8f, 0xaf, 0xff,
    0xff, 0xff, 0xff, 0xff, 0xff, 0xff, 0x95, 0x0,
    0x0, 0x8b, 0xff, 0xff, 0xff, 0xff, 0xff, 0xff,
    0xff, 0xff, 0xff, 0xff, 0xff, 0xff, 0xff, 0xff,
    0xff, 0xfc, 0x30, 0x0, 0x0, 0xd, 0xd4, 0xff,
    0xff, 0xff, 0xff, 0xff, 0xff, 0xff, 0xff, 0xff,
    0xff, 0xff, 0xff, 0xff, 0xff, 0x8c, 0x0, 0x0,
    0x0, 0x0, 0x18, 0xc4, 0xff, 0xff, 0xff, 0xff,
    0xff, 0xff, 0xff, 0xff, 0xff, 0xff, 0xff, 0xff,
    0x96, 0x1, 0x0, 0x0, 0x0, 0x0, 0x0, 0x1,
    0x5b, 0xc6, 0xfe, 0xff, 0xff, 0xff, 0xff, 0xff,
    0xff, 0xfb, 0xbe, 0x40, 0x0, 0x0, 0x0, 0x0,
    0x0, 0x0, 0x0, 0x0, 0x0, 0x0, 0x15, 0x4a,
    0x6d, 0x7b, 0x76, 0x63, 0x48, 0xe, 0x0, 0x0,
    0x0, 0x0, 0x0, 0x0,

    /* U+0036 "6" */
    0x0, 0x0, 0x0, 0x0, 0x0, 0x36, 0x83, 0xc5,
    0xe0, 0xf6, 0xf9, 0xeb, 0xca, 0x95, 0x45, 0x1,
    0x0, 0x0, 0x0, 0x0, 0x0, 0x0, 0x0, 0x28,
    0xb8, 0xff, 0xff, 0xff, 0xff, 0xff, 0xff, 0xff,
    0xff, 0xff, 0xff, 0xd1, 0x35, 0x0, 0x0, 0x0,
    0x0, 0x0, 0x38, 0xf4, 0xff, 0xff, 0xff, 0xff,
    0xff, 0xff, 0xff, 0xff, 0xff, 0xff, 0xff, 0xff,
    0xf7, 0x49, 0x0, 0x0, 0x0, 0x21, 0xee, 0xff,
    0xff, 0xff, 0xff, 0xff, 0xff, 0xff, 0xff, 0xff,
    0xff, 0xff, 0xff, 0xff, 0xff, 0xf0, 0x18, 0x0,
    0x0, 0xab, 0xff, 0xff, 0xff, 0xff, 0xff, 0xff,
    0xff, 0xff, 0xff, 0xff, 0xff, 0xff, 0xff, 0xff,
    0xff, 0xff, 0x8d, 0x0, 0x18, 0xfd, 0xff, 0xff,
    0xff, 0xff, 0xff, 0xff, 0xbd, 0xf, 0x2a, 0xe7,
    0xff, 0xff, 0xff, 0xff, 0xff, 0xff, 0xe5, 0x0,
    0x56, 0xff, 0xff, 0xff, 0xff, 0xff, 0xff, 0xff,
    0x5c, 0x0, 0x0, 0x99, 0xff, 0xff, 0xff, 0xff,
    0xff, 0xff, 0xff, 0x20, 0x75, 0xff, 0xff, 0xff,
    0xff, 0xff, 0xff, 0xff, 0x4e, 0x0, 0x0, 0x8c,
    0xff, 0xff, 0xff, 0xff, 0xff, 0xff, 0xff, 0x43,
    0x82, 0xff, 0xff, 0xff, 0xff, 0xff, 0xff, 0xff,
    0x4c, 0x0, 0x0, 0x89, 0xff, 0xff, 0xff, 0xff,
    0xff, 0xff, 0xff, 0x54, 0x8a, 0xff, 0xff, 0xff,
    0xff, 0xff, 0xff, 0xff, 0x4c, 0x0, 0x0, 0x1b,
    0x34, 0x34, 0x34, 0x34, 0x34, 0x34, 0x34, 0x12,
    0x8f, 0xff, 0xff, 0xff, 0xff, 0xff, 0xff, 0xff,
    0x4c, 0x0, 0x0, 0x0, 0x0, 0x0, 0x0, 0x0,
    0x0, 0x0, 0x0, 0x0, 0x94, 0xff, 0xff, 0xff,
    0xff, 0xff, 0xff, 0xff, 0x4c, 0x0, 0x34, 0x87,
    0xa7, 0xaa, 0x85, 0x35, 0x0, 0x0, 0x0, 0x0,
    0x96, 0xff, 0xff, 0xff, 0xff, 0xff, 0xff, 0xff,
    0x4e, 0x98, 0xff, 0xff, 0xff, 0xff, 0xff, 0xff,
    0xb0, 0x12, 0x0, 0x0, 0x97, 0xff, 0xff, 0xff,
    0xff, 0xff, 0xff, 0xff, 0xbe, 0xff, 0xff, 0xff,
    0xff, 0xff, 0xff, 0xff, 0xff, 0xd3, 0xe, 0x0,
    0x98, 0xff, 0xff, 0xff, 0xff, 0xff, 0xff, 0xff,
    0xff, 0xff, 0xff, 0xff, 0xff, 0xff, 0xff, 0xff,
    0xff, 0xff, 0x8c, 0x0, 0x98, 0xff, 0xff, 0xff,
    0xff, 0xff, 0xff, 0xff, 0xff, 0xff, 0xff, 0xff,
    0xff, 0xff, 0xff, 0xff, 0xff, 0xff, 0xeb, 0x1,
    0x98, 0xff, 0xff, 0xff, 0xff, 0xff, 0xff, 0xff,
    0xe7, 0x5c, 0x76, 0xfc, 0xff, 0xff, 0xff, 0xff,
    0xff, 0xff, 0xff, 0x21, 0x98, 0xff, 0xff, 0xff,
    0xff, 0xff, 0xff, 0xff, 0x76, 0x0, 0x0, 0xb4,
    0xff, 0xff, 0xff, 0xff, 0xff, 0xff, 0xff, 0x40,
    0x98, 0xff, 0xff, 0xff, 0xff, 0xff, 0xff, 0xff,
    0x53, 0x0, 0x0, 0x8f, 0xff, 0xff, 0xff, 0xff,
    0xff, 0xff, 0xff, 0x51, 0x98, 0xff, 0xff, 0xff,
    0xff, 0xff, 0xff, 0xff, 0x4c, 0x0, 0x0, 0x88,
    0xff, 0xff, 0xff, 0xff, 0xff, 0xff, 0xff, 0x59,
    0x97, 0xff, 0xff, 0xff, 0xff, 0xff, 0xff, 0xff,
    0x4c, 0x0, 0x0, 0x88, 0xff, 0xff, 0xff, 0xff,
    0xff, 0xff, 0xff, 0x5c, 0x95, 0xff, 0xff, 0xff,
    0xff, 0xff, 0xff, 0xff, 0x4c, 0x0, 0x0, 0x88,
    0xff, 0xff, 0xff, 0xff, 0xff, 0xff, 0xff, 0x5c,
    0x92, 0xff, 0xff, 0xff, 0xff, 0xff, 0xff, 0xff,
    0x4c, 0x0, 0x0, 0x88, 0xff, 0xff, 0xff, 0xff,
    0xff, 0xff, 0xff, 0x5b, 0x8d, 0xff, 0xff, 0xff,
    0xff, 0xff, 0xff, 0xff, 0x4c, 0x0, 0x0, 0x88,
    0xff, 0xff, 0xff, 0xff, 0xff, 0xff, 0xff, 0x58,
    0x85, 0xff, 0xff, 0xff, 0xff, 0xff, 0xff, 0xff,
    0x4c, 0x0, 0x0, 0x88, 0xff, 0xff, 0xff, 0xff,
    0xff, 0xff, 0xff, 0x52, 0x79, 0xff, 0xff, 0xff,
    0xff, 0xff, 0xff, 0xff, 0x4d, 0x0, 0x0, 0x8a,
    0xff, 0xff, 0xff, 0xff, 0xff, 0xff, 0xff, 0x47,
    0x62, 0xff, 0xff, 0xff, 0xff, 0xff, 0xff, 0xff,
    0x5b, 0x0, 0x0, 0x99, 0xff, 0xff, 0xff, 0xff,
    0xff, 0xff, 0xff, 0x34, 0x2c, 0xff, 0xff, 0xff,
    0xff, 0xff, 0xff, 0xff, 0x8b, 0x0, 0x0, 0xd0,
    0xff, 0xff, 0xff, 0xff, 0xff, 0xff, 0xfe, 0x13,
    0x1, 0xde, 0xff, 0xff, 0xff, 0xff, 0xff, 0xff,
    0xfa, 0x93, 0xb9, 0xff, 0xff, 0xff, 0xff, 0xff,
    0xff, 0xff, 0xcb, 0x0, 0x0, 0x63, 0xff, 0xff,
    0xff, 0xff, 0xff, 0xff, 0xff, 0xff, 0xff, 0xff,
    0xff, 0xff, 0xff, 0xff, 0xff, 0xff, 0x5e, 0x0,
    0x0, 0x2, 0xae, 0xff, 0xff, 0xff, 0xff, 0xff,
    0xff, 0xff, 0xff, 0xff, 0xff, 0xff, 0xff, 0xff,
    0xff, 0xb6, 0x0, 0x0, 0x0, 0x0, 0x8, 0xab,
    0xff, 0xff, 0xff, 0xff, 0xff, 0xff, 0xff, 0xff,
    0xff, 0xff, 0xff, 0xff, 0xae, 0x8, 0x0, 0x0,
    0x0, 0x0, 0x0, 0x0, 0x4b, 0xc8, 0xff, 0xff,
    0xff, 0xff, 0xff, 0xff, 0xff, 0xfd, 0xc5, 0x4b,
    0x0, 0x0, 0x0, 0x0, 0x0, 0x0, 0x0, 0x0,
    0x0, 0x0, 0x17, 0x4a, 0x6a, 0x79, 0x7a, 0x66,
    0x4d, 0x12, 0x0, 0x0, 0x0, 0x0, 0x0, 0x0,

    /* U+0037 "7" */
    0xc4, 0xff, 0xff, 0xff, 0xff, 0xff, 0xff, 0xff,
    0xff, 0xff, 0xff, 0xff, 0xff, 0xff, 0xff, 0x50,
    0xc4, 0xff, 0xff, 0xff, 0xff, 0xff, 0xff, 0xff,
    0xff, 0xff, 0xff, 0xff, 0xff, 0xff, 0xff, 0x50,
    0xc4, 0xff, 0xff, 0xff, 0xff, 0xff, 0xff, 0xff,
    0xff, 0xff, 0xff, 0xff, 0xff, 0xff, 0xff, 0x50,
    0xc4, 0xff, 0xff, 0xff, 0xff, 0xff, 0xff, 0xff,
    0xff, 0xff, 0xff, 0xff, 0xff, 0xff, 0xff, 0x50,
    0xc4, 0xff, 0xff, 0xff, 0xff, 0xff, 0xff, 0xff,
    0xff, 0xff, 0xff, 0xff, 0xff, 0xff, 0xff, 0x50,
    0x9f, 0xd0, 0xd0, 0xd0, 0xd0, 0xd0, 0xd0, 0xd0,
    0xff, 0xff, 0xff, 0xff, 0xff, 0xff, 0xff, 0x50,
    0x0, 0x0, 0x0, 0x0, 0x0, 0x0, 0x0, 0x1e,
    0xff, 0xff, 0xff, 0xff, 0xff, 0xff, 0xff, 0x50,
    0x0, 0x0, 0x0, 0x0, 0x0, 0x0, 0x0, 0x55,
    0xff, 0xff, 0xff, 0xff, 0xff, 0xff, 0xff, 0x37,
    0x0, 0x0, 0x0, 0x0, 0x0, 0x0, 0x0, 0x8b,
    0xff, 0xff, 0xff, 0xff, 0xff, 0xff, 0xfb, 0x8,
    0x0, 0x0, 0x0, 0x0, 0x0, 0x0, 0x0, 0xc2,
    0xff, 0xff, 0xff, 0xff, 0xff, 0xff, 0xd0, 0x0,
    0x0, 0x0, 0x0, 0x0, 0x0, 0x0, 0x3, 0xf5,
    0xff, 0xff, 0xff, 0xff, 0xff, 0xff, 0x9c, 0x0,
    0x0, 0x0, 0x0, 0x0, 0x0, 0x0, 0x30, 0xff,
    0xff, 0xff, 0xff, 0xff, 0xff, 0xff, 0x69, 0x0,
    0x0, 0x0, 0x0, 0x0, 0x0, 0x0, 0x67, 0xff,
    0xff, 0xff, 0xff, 0xff, 0xff, 0xff, 0x35, 0x0,
    0x0, 0x0, 0x0, 0x0, 0x0, 0x0, 0x9e, 0xff,
    0xff, 0xff, 0xff, 0xff, 0xff, 0xfa, 0x7, 0x0,
    0x0, 0x0, 0x0, 0x0, 0x0, 0x0, 0xd4, 0xff,
    0xff, 0xff, 0xff, 0xff, 0xff, 0xce, 0x0, 0x0,
    0x0, 0x0, 0x0, 0x0, 0x0, 0xd, 0xfd, 0xff,
    0xff, 0xff, 0xff, 0xff, 0xff, 0x9a, 0x0, 0x0,
    0x0, 0x0, 0x0, 0x0, 0x0, 0x42, 0xff, 0xff,
    0xff, 0xff, 0xff, 0xff, 0xff, 0x67, 0x0, 0x0,
    0x0, 0x0, 0x0, 0x0, 0x0, 0x79, 0xff, 0xff,
    0xff, 0xff, 0xff, 0xff, 0xff, 0x33, 0x0, 0x0,
    0x0, 0x0, 0x0, 0x0, 0x0, 0xb0, 0xff, 0xff,
    0xff, 0xff, 0xff, 0xff, 0xf9, 0x6, 0x0, 0x0,
    0x0, 0x0, 0x0, 0x0, 0x0, 0xe6, 0xff, 0xff,
    0xff, 0xff, 0xff, 0xff, 0xcc, 0x0, 0x0, 0x0,
    0x0, 0x0, 0x0, 0x0, 0x1d, 0xff, 0xff, 0xff,
    0xff, 0xff, 0xff, 0xff, 0x99, 0x0, 0x0, 0x0,
    0x0, 0x0, 0x0, 0x0, 0x54, 0xff, 0xff, 0xff,
    0xff, 0xff, 0xff, 0xff, 0x65, 0x0, 0x0, 0x0,
    0x0, 0x0, 0x0, 0x0, 0x8b, 0xff, 0xff, 0xff,
    0xff, 0xff, 0xff, 0xff, 0x31, 0x0, 0x0, 0x0,
    0x0, 0x0, 0x0, 0x0, 0xc2, 0xff, 0xff, 0xff,
    0xff, 0xff, 0xff, 0xf8, 0x5, 0x0, 0x0, 0x0,
    0x0, 0x0, 0x0, 0x3, 0xf5, 0xff, 0xff, 0xff,
    0xff, 0xff, 0xff, 0xca, 0x0, 0x0, 0x0, 0x0,
    0x0, 0x0, 0x0, 0x30, 0xff, 0xff, 0xff, 0xff,
    0xff, 0xff, 0xff, 0x97, 0x0, 0x0, 0x0, 0x0,
    0x0, 0x0, 0x0, 0x66, 0xff, 0xff, 0xff, 0xff,
    0xff, 0xff, 0xff, 0x63, 0x0, 0x0, 0x0, 0x0,
    0x0, 0x0, 0x0, 0x9d, 0xff, 0xff, 0xff, 0xff,
    0xff, 0xff, 0xff, 0x2f, 0x0, 0x0, 0x0, 0x0,
    0x0, 0x0, 0x0, 0xd4, 0xff, 0xff, 0xff, 0xff,
    0xff, 0xff, 0xf7, 0x4, 0x0, 0x0, 0x0, 0x0,
    0x0, 0x0, 0xd, 0xfd, 0xff, 0xff, 0xff, 0xff,
    0xff, 0xff, 0xc8, 0x0, 0x0, 0x0, 0x0, 0x0,
    0x0, 0x0, 0x42, 0xff, 0xff, 0xff, 0xff, 0xff,
    0xff, 0xff, 0x95, 0x0, 0x0, 0x0, 0x0, 0x0,
    0x0, 0x0, 0x79, 0xff, 0xff, 0xff, 0xff, 0xff,
    0xff, 0xff, 0x61, 0x0, 0x0, 0x0, 0x0, 0x0,

    /* U+0038 "8" */
    0x0, 0x0, 0x0, 0x0, 0xc, 0x66, 0xa8, 0xd9,
    0xee, 0xfb, 0xf2, 0xe3, 0xc1, 0x8d, 0x3c, 0x0,
    0x0, 0x0, 0x0, 0x0, 0x0, 0x0, 0x0, 0x66,
    0xf1, 0xff, 0xff, 0xff, 0xff, 0xff, 0xff, 0xff,
    0xff, 0xff, 0xff, 0xc5, 0x1e, 0x0, 0x0, 0x0,
    0x0, 0x0, 0x87, 0xff, 0xff, 0xff, 0xff, 0xff,
    0xff, 0xff, 0xff, 0xff, 0xff, 0xff, 0xff, 0xff,
    0xe7, 0x18, 0x0, 0x0, 0x0, 0x47, 0xff, 0xff,
    0xff, 0xff, 0xff, 0xff, 0xff, 0xff, 0xff, 0xff,
    0xff, 0xff, 0xff, 0xff, 0xff, 0xaf, 0x0, 0x0,
    0x0, 0xc5, 0xff, 0xff, 0xff, 0xff, 0xff, 0xff,
    0xff, 0xfe, 0xff, 0xff, 0xff, 0xff, 0xff, 0xff,
    0xff, 0xfe, 0x25, 0x0, 0x15, 0xfe, 0xff, 0xff,
    0xff, 0xff, 0xff, 0xff, 0xb7, 0x8, 0x5a, 0xff,
    0xff, 0xff, 0xff, 0xff, 0xff, 0xff, 0x71, 0x0,
    0x4b, 0xff, 0xff, 0xff, 0xff, 0xff, 0xff, 0xff,
    0x6a, 0x0, 0x7, 0xff, 0xff, 0xff, 0xff, 0xff,
    0xff, 0xff, 0xa7, 0x0, 0x61, 0xff, 0xff, 0xff,
    0xff, 0xff, 0xff, 0xff, 0x5a, 0x0, 0x0, 0xf9,
    0xff, 0xff, 0xff, 0xff, 0xff, 0xff, 0xbe, 0x0,
    0x6a, 0xff, 0xff, 0xff, 0xff, 0xff, 0xff, 0xff,
    0x58, 0x0, 0x0, 0xf8, 0xff, 0xff, 0xff, 0xff,
    0xff, 0xff, 0xcc, 0x0, 0x57, 0xff, 0xff, 0xff,
    0xff, 0xff, 0xff, 0xff, 0x58, 0x0, 0x0, 0xf8,
    0xff, 0xff, 0xff, 0xff, 0xff, 0xff, 0xc6, 0x0,
    0x3a, 0xff, 0xff, 0xff, 0xff, 0xff, 0xff, 0xff,
    0x5e, 0x0, 0x0, 0xfc, 0xff, 0xff, 0xff, 0xff,
    0xff, 0xff, 0xad, 0x0, 0x4, 0xee, 0xff, 0xff,
    0xff, 0xff, 0xff, 0xff, 0x7c, 0x0, 0x16, 0xff,
    0xff, 0xff, 0xff, 0xff, 0xff, 0xff, 0x75, 0x0,
    0x0, 0x8c, 0xff, 0xff, 0xff, 0xff, 0xff, 0xff,
    0xe6, 0x68, 0xac, 0xff, 0xff, 0xff, 0xff, 0xff,
    0xff, 0xe9, 0x15, 0x0, 0x0, 0x9, 0xce, 0xff,
    0xff, 0xff, 0xff, 0xff, 0xff, 0xff, 0xff, 0xff,
    0xff, 0xff, 0xff, 0xff, 0xdf, 0x2e, 0x0, 0x0,
    0x0, 0x0, 0x9, 0xd3, 0xff, 0xff, 0xff, 0xff,
    0xff, 0xff, 0xff, 0xff, 0xff, 0xff, 0xff, 0xd4,
    0x10, 0x0, 0x0, 0x0, 0x0, 0x9, 0xb5, 0xff,
    0xff, 0xff, 0xff, 0xff, 0xff, 0xff, 0xff, 0xff,
    0xff, 0xff, 0xff, 0xff, 0xce, 0x20, 0x0, 0x0,
    0x0, 0x9c, 0xff, 0xff, 0xff, 0xff, 0xff, 0xff,
    0xff, 0xff, 0xff, 0xff, 0xff, 0xff, 0xff, 0xff,
    0xff, 0xd9, 0x10, 0x0, 0x19, 0xfd, 0xff, 0xff,
    0xff, 0xff, 0xff, 0xff, 0xff, 0xff, 0xff, 0xff,
    0xff, 0xff, 0xff, 0xff, 0xff, 0xff, 0x75, 0x0,
    0x54, 0xff, 0xff, 0xff, 0xff, 0xff, 0xff, 0xff,
    0xa8, 0xf, 0x5f, 0xff, 0xff, 0xff, 0xff, 0xff,
    0xff, 0xff, 0xb6, 0x0, 0x79, 0xff, 0xff, 0xff,
    0xff, 0xff, 0xff, 0xff, 0x48, 0x0, 0x0, 0xec,
    0xff, 0xff, 0xff, 0xff, 0xff, 0xff, 0xdf, 0x0,
    0x97, 0xff, 0xff, 0xff, 0xff, 0xff, 0xff, 0xff,
    0x33, 0x0, 0x0, 0xd4, 0xff, 0xff, 0xff, 0xff,
    0xff, 0xff, 0xf6, 0x0, 0xa4, 0xff, 0xff, 0xff,
    0xff, 0xff, 0xff, 0xff, 0x30, 0x0, 0x0, 0xd0,
    0xff, 0xff, 0xff, 0xff, 0xff, 0xff, 0xff, 0x7,
    0xae, 0xff, 0xff, 0xff, 0xff, 0xff, 0xff, 0xff,
    0x30, 0x0, 0x0, 0xd0, 0xff, 0xff, 0xff, 0xff,
    0xff, 0xff, 0xff, 0xd, 0xb1, 0xff, 0xff, 0xff,
    0xff, 0xff, 0xff, 0xff, 0x30, 0x0, 0x0, 0xd0,
    0xff, 0xff, 0xff, 0xff, 0xff, 0xff, 0xff, 0x12,
    0xaa, 0xff, 0xff, 0xff, 0xff, 0xff, 0xff, 0xff,
    0x30, 0x0, 0x0, 0xd0, 0xff, 0xff, 0xff, 0xff,
    0xff, 0xff, 0xff, 0xd, 0x9d, 0xff, 0xff, 0xff,
    0xff, 0xff, 0xff, 0xff, 0x31, 0x0, 0x0, 0xd2,
    0xff, 0xff, 0xff, 0xff, 0xff, 0xff, 0xfe, 0x4,
    0x84, 0xff, 0xff, 0xff, 0xff, 0xff, 0xff, 0xff,
    0x3d, 0x0, 0x0, 0xdb, 0xff, 0xff, 0xff, 0xff,
    0xff, 0xff, 0xec, 0x0, 0x5c, 0xff, 0xff, 0xff,
    0xff, 0xff, 0xff, 0xff, 0x6b, 0x0, 0x8, 0xf8,
    0xff, 0xff, 0xff, 0xff, 0xff, 0xff, 0xc8, 0x0,
    0x1f, 0xff, 0xff, 0xff, 0xff, 0xff, 0xff, 0xff,
    0xf1, 0x8d, 0xbe, 0xff, 0xff, 0xff, 0xff, 0xff,
    0xff, 0xff, 0x90, 0x0, 0x0, 0xb9, 0xff, 0xff,
    0xff, 0xff, 0xff, 0xff, 0xff, 0xff, 0xff, 0xff,
    0xff, 0xff, 0xff, 0xff, 0xff, 0xff, 0x33, 0x0,
    0x0, 0x26, 0xf0, 0xff, 0xff, 0xff, 0xff, 0xff,
    0xff, 0xff, 0xff, 0xff, 0xff, 0xff, 0xff, 0xff,
    0xff, 0x96, 0x0, 0x0, 0x0, 0x0, 0x35, 0xe6,
    0xff, 0xff, 0xff, 0xff, 0xff, 0xff, 0xff, 0xff,
    0xff, 0xff, 0xff, 0xff, 0x95, 0x3, 0x0, 0x0,
    0x0, 0x0, 0x0, 0x10, 0x88, 0xeb, 0xff, 0xff,
    0xff, 0xff, 0xff, 0xff, 0xff, 0xfc, 0xb9, 0x41,
    0x0, 0x0, 0x0, 0x0, 0x0, 0x0, 0x0, 0x0,
    0x0, 0x2, 0x31, 0x5b, 0x73, 0x7d, 0x77, 0x67,
    0x44, 0xf, 0x0, 0x0, 0x0, 0x0, 0x0, 0x0,

    /* U+0039 "9" */
    0x0, 0x0, 0x0, 0x0, 0x8, 0x58, 0x9f, 0xd4,
    0xe9, 0xfb, 0xf6, 0xe2, 0xbf, 0x84, 0x2d, 0x0,
    0x0, 0x0, 0x0, 0x0, 0x0, 0x0, 0x0, 0x59,
    0xe2, 0xff, 0xff, 0xff, 0xff, 0xff, 0xff, 0xff,
    0xff, 0xff, 0xff, 0xa3, 0x17, 0x0, 0x0, 0x0,
    0x0, 0x0, 0x7b, 0xff, 0xff, 0xff, 0xff, 0xff,
    0xff, 0xff, 0xff, 0xff, 0xff, 0xff, 0xff, 0xff,
    0xe3, 0x1d, 0x0, 0x0, 0x0, 0x4a, 0xff, 0xff,
    0xff, 0xff, 0xff, 0xff, 0xff, 0xff, 0xff, 0xff,
    0xff, 0xff, 0xff, 0xff, 0xff, 0xd4, 0x5, 0x0,
    0x0, 0xd9, 0xff, 0xff, 0xff, 0xff, 0xff, 0xff,
    0xff, 0xff, 0xff, 0xff, 0xff, 0xff, 0xff, 0xff,
    0xff, 0xff, 0x68, 0x0, 0x2d, 0xff, 0xff, 0xff,
    0xff, 0xff, 0xff, 0xff, 0xd3, 0x1c, 0x2b, 0xef,
    0xff, 0xff, 0xff, 0xff, 0xff, 0xff, 0xd3, 0x0,
    0x63, 0xff, 0xff, 0xff, 0xff, 0xff, 0xff, 0xff,
    0x6f, 0x0, 0x0, 0xa9, 0xff, 0xff, 0xff, 0xff,
    0xff, 0xff, 0xfe, 0x10, 0x7c, 0xff, 0xff, 0xff,
    0xff, 0xff, 0xff, 0xff, 0x52, 0x0, 0x0, 0x8f,
    0xff, 0xff, 0xff, 0xff, 0xff, 0xff, 0xff, 0x34,
    0x8b, 0xff, 0xff, 0xff, 0xff, 0xff, 0xff, 0xff,
    0x4c, 0x0, 0x0, 0x88, 0xff, 0xff, 0xff, 0xff,
    0xff, 0xff, 0xff, 0x44, 0x93, 0xff, 0xff, 0xff,
    0xff, 0xff, 0xff, 0xff, 0x4c, 0x0, 0x0, 0x88,
    0xff, 0xff, 0xff, 0xff, 0xff, 0xff, 0xff, 0x4d,
    0x97, 0xff, 0xff, 0xff, 0xff, 0xff, 0xff, 0xff,
    0x4c, 0x0, 0x0, 0x88, 0xff, 0xff, 0xff, 0xff,
    0xff, 0xff, 0xff, 0x53, 0x98, 0xff, 0xff, 0xff,
    0xff, 0xff, 0xff, 0xff, 0x4c, 0x0, 0x0, 0x88,
    0xff, 0xff, 0xff, 0xff, 0xff, 0xff, 0xff, 0x57,
    0x98, 0xff, 0xff, 0xff, 0xff, 0xff, 0xff, 0xff,
    0x4c, 0x0, 0x0, 0x88, 0xff, 0xff, 0xff, 0xff,
    0xff, 0xff, 0xff, 0x59, 0x97, 0xff, 0xff, 0xff,
    0xff, 0xff, 0xff, 0xff, 0x4c, 0x0, 0x0, 0x88,
    0xff, 0xff, 0xff, 0xff, 0xff, 0xff, 0xff, 0x5a,
    0x93, 0xff, 0xff, 0xff, 0xff, 0xff, 0xff, 0xff,
    0x4e, 0x0, 0x0, 0x8a, 0xff, 0xff, 0xff, 0xff,
    0xff, 0xff, 0xff, 0x5b, 0x88, 0xff, 0xff, 0xff,
    0xff, 0xff, 0xff, 0xff, 0x60, 0x0, 0x0, 0x9c,
    0xff, 0xff, 0xff, 0xff, 0xff, 0xff, 0xff, 0x5c,
    0x6f, 0xff, 0xff, 0xff, 0xff, 0xff, 0xff, 0xff,
    0xb0, 0x2, 0xd, 0xdf, 0xff, 0xff, 0xff, 0xff,
    0xff, 0xff, 0xff, 0x5c, 0x47, 0xff, 0xff, 0xff,
    0xff, 0xff, 0xff, 0xff, 0xff, 0xe1, 0xeb, 0xff,
    0xff, 0xff, 0xff, 0xff, 0xff, 0xff, 0xff, 0x5c,
    0xc, 0xf4, 0xff, 0xff, 0xff, 0xff, 0xff, 0xff,
    0xff, 0xff, 0xff, 0xff, 0xff, 0xff, 0xff, 0xff,
    0xff, 0xff, 0xff, 0x5b, 0x0, 0x7e, 0xff, 0xff,
    0xff, 0xff, 0xff, 0xff, 0xff, 0xff, 0xff, 0xf3,
    0xff, 0xff, 0xff, 0xff, 0xff, 0xff, 0xff, 0x5a,
    0x0, 0x2, 0x9d, 0xff, 0xff, 0xff, 0xff, 0xff,
    0xff, 0xff, 0xd5, 0x91, 0xff, 0xff, 0xff, 0xff,
    0xff, 0xff, 0xff, 0x59, 0x0, 0x0, 0x0, 0x55,
    0xcc, 0xff, 0xff, 0xff, 0xf4, 0x9e, 0x11, 0x88,
    0xff, 0xff, 0xff, 0xff, 0xff, 0xff, 0xff, 0x57,
    0x0, 0x0, 0x0, 0x0, 0x0, 0x12, 0x2d, 0x22,
    0x7, 0x0, 0x0, 0x88, 0xff, 0xff, 0xff, 0xff,
    0xff, 0xff, 0xff, 0x54, 0x0, 0x0, 0x0, 0x0,
    0x0, 0x0, 0x0, 0x0, 0x0, 0x0, 0x0, 0x88,
    0xff, 0xff, 0xff, 0xff, 0xff, 0xff, 0xff, 0x50,
    0x6b, 0xb8, 0xb8, 0xb8, 0xb8, 0xb8, 0xb8, 0xb8,
    0x36, 0x0, 0x0, 0x88, 0xff, 0xff, 0xff, 0xff,
    0xff, 0xff, 0xff, 0x49, 0x8b, 0xff, 0xff, 0xff,
    0xff, 0xff, 0xff, 0xff, 0x4d, 0x0, 0x0, 0x89,
    0xff, 0xff, 0xff, 0xff, 0xff, 0xff, 0xff, 0x3f,
    0x70, 0xff, 0xff, 0xff, 0xff, 0xff, 0xff, 0xff,
    0x53, 0x0, 0x0, 0x8e, 0xff, 0xff, 0xff, 0xff,
    0xff, 0xff, 0xff, 0x2c, 0x42, 0xff, 0xff, 0xff,
    0xff, 0xff, 0xff, 0xff, 0x7d, 0x0, 0x0, 0xb3,
    0xff, 0xff, 0xff, 0xff, 0xff, 0xff, 0xf7, 0x8,
    0x9, 0xf1, 0xff, 0xff, 0xff, 0xff, 0xff, 0xff,
    0xf7, 0x98, 0xa3, 0xff, 0xff, 0xff, 0xff, 0xff,
    0xff, 0xff, 0xaa, 0x0, 0x0, 0x8e, 0xff, 0xff,
    0xff, 0xff, 0xff, 0xff, 0xff, 0xff, 0xff, 0xff,
    0xff, 0xff, 0xff, 0xff, 0xff, 0xfb, 0x2e, 0x0,
    0x0, 0xf, 0xda, 0xff, 0xff, 0xff, 0xff, 0xff,
    0xff, 0xff, 0xff, 0xff, 0xff, 0xff, 0xff, 0xff,
    0xff, 0x68, 0x0, 0x0, 0x0, 0x0, 0x1f, 0xd2,
    0xff, 0xff, 0xff, 0xff, 0xff, 0xff, 0xff, 0xff,
    0xff, 0xff, 0xff, 0xf7, 0x6d, 0x0, 0x0, 0x0,
    0x0, 0x0, 0x0, 0x6, 0x72, 0xdc, 0xff, 0xff,
    0xff, 0xff, 0xff, 0xff, 0xff, 0xf0, 0xa3, 0x21,
    0x0, 0x0, 0x0, 0x0, 0x0, 0x0, 0x0, 0x0,
    0x0, 0x0, 0x25, 0x54, 0x71, 0x7c, 0x72, 0x5c,
    0x3b, 0x4, 0x0, 0x0, 0x0, 0x0, 0x0, 0x0,

    /* U+003A ":" */
    0x98, 0xff, 0xff, 0xff, 0xff, 0xff, 0x5c, 0x98,
    0xff, 0xff, 0xff, 0xff, 0xff, 0x5c, 0x98, 0xff,
    0xff, 0xff, 0xff, 0xff, 0x5c, 0x98, 0xff, 0xff,
    0xff, 0xff, 0xff, 0x5c, 0x98, 0xff, 0xff, 0xff,
    0xff, 0xff, 0x5c, 0x98, 0xff, 0xff, 0xff, 0xff,
    0xff, 0x5c, 0x57, 0x94, 0x94, 0x94, 0x94, 0x94,
    0x35, 0x0, 0x0, 0x0, 0x0, 0x0, 0x0, 0x0,
    0x0, 0x0, 0x0, 0x0, 0x0, 0x0, 0x0, 0x0,
    0x0, 0x0, 0x0, 0x0, 0x0, 0x0, 0x0, 0x0,
    0x0, 0x0, 0x0, 0x0, 0x0, 0x0, 0x0, 0x0,
    0x0, 0x0, 0x0, 0x0, 0x0, 0x0, 0x0, 0x0,
    0x0, 0x0, 0x0, 0x0, 0x0, 0x0, 0x0, 0x0,
    0x0, 0x0, 0x5a, 0x98, 0x98, 0x98, 0x98, 0x98,
    0x36, 0x98, 0xff, 0xff, 0xff, 0xff, 0xff, 0x5c,
    0x98, 0xff, 0xff, 0xff, 0xff, 0xff, 0x5c, 0x98,
    0xff, 0xff, 0xff, 0xff, 0xff, 0x5c, 0x98, 0xff,
    0xff, 0xff, 0xff, 0xff, 0x5c, 0x98, 0xff, 0xff,
    0xff, 0xff, 0xff, 0x5c, 0x98, 0xff, 0xff, 0xff,
    0xff, 0xff, 0x5c,

    /* U+003B ";" */
    0x3b, 0x64, 0x64, 0x64, 0x64, 0x64, 0x23, 0x98,
    0xff, 0xff, 0xff, 0xff, 0xff, 0x5c, 0x98, 0xff,
    0xff, 0xff, 0xff, 0xff, 0x5c, 0x98, 0xff, 0xff,
    0xff, 0xff, 0xff, 0x5c, 0x98, 0xff, 0xff, 0xff,
    0xff, 0xff, 0x5c, 0x98, 0xff, 0xff, 0xff, 0xff,
    0xff, 0x5c, 0x98, 0xff, 0xff, 0xff, 0xff, 0xff,
    0x5c, 0x0, 0x0, 0x0, 0x0, 0x0, 0x0, 0x0,
    0x0, 0x0, 0x0, 0x0, 0x0, 0x0, 0x0, 0x0,
    0x0, 0x0, 0x0, 0x0, 0x0, 0x0, 0x0, 0x0,
    0x0, 0x0, 0x0, 0x0, 0x0, 0x0, 0x0, 0x0,
    0x0, 0x0, 0x0, 0x0, 0x0, 0x0, 0x0, 0x0,
    0x0, 0x0, 0x0, 0x0, 0x0, 0x0, 0x0, 0x0,
    0x0, 0x0, 0xa, 0x28, 0x28, 0x28, 0x28, 0x28,
    0x1, 0x44, 0xff, 0xff, 0xff, 0xff, 0xff, 0x8,
    0x44, 0xff, 0xff, 0xff, 0xff, 0xff, 0x8, 0x44,
    0xff, 0xff, 0xff, 0xff, 0xff, 0x6, 0x44, 0xff,
    0xff, 0xff, 0xff, 0xf9, 0x0, 0x44, 0xff, 0xff,
    0xff, 0xff, 0xe6, 0x0, 0x44, 0xff, 0xff, 0xff,
    0xff, 0xb1, 0x0, 0x0, 0x1d, 0xfe, 0xff, 0xff,
    0x5f, 0x0, 0x16, 0xca, 0xff, 0xff, 0xca, 0x3,
    0x0, 0x44, 0xff, 0xff, 0xc6, 0x12, 0x0, 0x0,
    0x42, 0xc6, 0x63, 0x2, 0x0, 0x0, 0x0, 0x0,
    0x0, 0x0, 0x0, 0x0, 0x0, 0x0,

    /* U+003C "<" */
    0x0, 0x0, 0x0, 0x0, 0x0, 0x0, 0x0, 0x0,
    0x0, 0x0, 0x0, 0x0, 0x0, 0x0, 0x0, 0x0,
    0x0, 0x4, 0x56, 0x9, 0x0, 0x0, 0x0, 0x0,
    0x0, 0x0, 0x0, 0x0, 0x0, 0x0, 0x0, 0x0,
    0x0, 0x0, 0x0, 0x15, 0x7b, 0xe4, 0xff, 0x10,
    0x0, 0x0, 0x0, 0x0, 0x0, 0x0, 0x0, 0x0,
    0x0, 0x0, 0x0, 0x0, 0x0, 0x33, 0xa0, 0xf8,
    0xff, 0xff, 0xff, 0x10, 0x0, 0x0, 0x0, 0x0,
    0x0, 0x0, 0x0, 0x0, 0x0, 0x0, 0x5, 0x58,
    0xc5, 0xff, 0xff, 0xff, 0xff, 0xff, 0xff, 0x10,
    0x0, 0x0, 0x0, 0x0, 0x0, 0x0, 0x0, 0x0,
    0x17, 0x7d, 0xe5, 0xff, 0xff, 0xff, 0xff, 0xff,
    0xff, 0xff, 0xff, 0x10, 0x0, 0x0, 0x0, 0x0,
    0x0, 0x0, 0x35, 0xa2, 0xf9, 0xff, 0xff, 0xff,
    0xff, 0xff, 0xff, 0xff, 0xff, 0xff, 0xe9, 0xb,
    0x0, 0x0, 0x0, 0x6, 0x5a, 0xc8, 0xff, 0xff,
    0xff, 0xff, 0xff, 0xff, 0xff, 0xff, 0xff, 0xff,
    0xc1, 0x58, 0x6, 0x0, 0x0, 0x18, 0x80, 0xe7,
    0xff, 0xff, 0xff, 0xff, 0xff, 0xff, 0xff, 0xff,
    0xff, 0xf1, 0x94, 0x2a, 0x0, 0x0, 0x0, 0x0,
    0x84, 0xfa, 0xff, 0xff, 0xff, 0xff, 0xff, 0xff,
    0xff, 0xff, 0xff, 0xce, 0x66, 0xb, 0x0, 0x0,
    0x0, 0x0, 0x0, 0x0, 0xbc, 0xff, 0xff, 0xff,
    0xff, 0xff, 0xff, 0xff, 0xf7, 0xa1, 0x38, 0x0,
    0x0, 0x0, 0x0, 0x0, 0x0, 0x0, 0x0, 0x0,
    0xbc, 0xff, 0xff, 0xff, 0xff, 0xff, 0xff, 0xe0,
    0x2f, 0x0, 0x0, 0x0, 0x0, 0x0, 0x0, 0x0,
    0x0, 0x0, 0x0, 0x0, 0xbc, 0xff, 0xff, 0xff,
    0xff, 0xff, 0xff, 0xff, 0xfc, 0xb0, 0x47, 0x1,
    0x0, 0x0, 0x0, 0x0, 0x0, 0x0, 0x0, 0x0,
    0x7e, 0xf7, 0xff, 0xff, 0xff, 0xff, 0xff, 0xff,
    0xff, 0xff, 0xff, 0xdc, 0x75, 0x14, 0x0, 0x0,
    0x0, 0x0, 0x0, 0x0, 0x0, 0x13, 0x78, 0xe1,
    0xff, 0xff, 0xff, 0xff, 0xff, 0xff, 0xff, 0xff,
    0xff, 0xf8, 0xa3, 0x39, 0x0, 0x0, 0x0, 0x0,
    0x0, 0x0, 0x0, 0x3, 0x52, 0xc0, 0xff, 0xff,
    0xff, 0xff, 0xff, 0xff, 0xff, 0xff, 0xff, 0xff,
    0xd0, 0x67, 0xc, 0x0, 0x0, 0x0, 0x0, 0x0,
    0x0, 0x0, 0x2d, 0x9a, 0xf5, 0xff, 0xff, 0xff,
    0xff, 0xff, 0xff, 0xff, 0xff, 0xff, 0xf2, 0xc,
    0x0, 0x0, 0x0, 0x0, 0x0, 0x0, 0x0, 0x0,
    0x11, 0x74, 0xde, 0xff, 0xff, 0xff, 0xff, 0xff,
    0xff, 0xff, 0xff, 0x10, 0x0, 0x0, 0x0, 0x0,
    0x0, 0x0, 0x0, 0x0, 0x0, 0x0, 0x2, 0x4f,
    0xbc, 0xff, 0xff, 0xff, 0xff, 0xff, 0xff, 0x10,
    0x0, 0x0, 0x0, 0x0, 0x0, 0x0, 0x0, 0x0,
    0x0, 0x0, 0x0, 0x0, 0x0, 0x2a, 0x96, 0xf4,
    0xff, 0xff, 0xff, 0x10, 0x0, 0x0, 0x0, 0x0,
    0x0, 0x0, 0x0, 0x0, 0x0, 0x0, 0x0, 0x0,
    0x0, 0x0, 0x0, 0xf, 0x70, 0xdb, 0xff, 0x10,
    0x0, 0x0, 0x0, 0x0, 0x0, 0x0, 0x0, 0x0,
    0x0, 0x0, 0x0, 0x0, 0x0, 0x0, 0x0, 0x0,
    0x0, 0x1, 0x4b, 0x8,

    /* U+003D "=" */
    0xa4, 0xe0, 0xe0, 0xe0, 0xe0, 0xe0, 0xe0, 0xe0,
    0xe0, 0xe0, 0xe0, 0xe0, 0xe0, 0xe0, 0xe0, 0xe0,
    0xe0, 0xe0, 0xe0, 0xe, 0xbc, 0xff, 0xff, 0xff,
    0xff, 0xff, 0xff, 0xff, 0xff, 0xff, 0xff, 0xff,
    0xff, 0xff, 0xff, 0xff, 0xff, 0xff, 0xff, 0x10,
    0xbc, 0xff, 0xff, 0xff, 0xff, 0xff, 0xff, 0xff,
    0xff, 0xff, 0xff, 0xff, 0xff, 0xff, 0xff, 0xff,
    0xff, 0xff, 0xff, 0x10, 0xbc, 0xff, 0xff, 0xff,
    0xff, 0xff, 0xff, 0xff, 0xff, 0xff, 0xff, 0xff,
    0xff, 0xff, 0xff, 0xff, 0xff, 0xff, 0xff, 0x10,
    0xbc, 0xff, 0xff, 0xff, 0xff, 0xff, 0xff, 0xff,
    0xff, 0xff, 0xff, 0xff, 0xff, 0xff, 0xff, 0xff,
    0xff, 0xff, 0xff, 0x10, 0x0, 0x0, 0x0, 0x0,
    0x0, 0x0, 0x0, 0x0, 0x0, 0x0, 0x0, 0x0,
    0x0, 0x0, 0x0, 0x0, 0x0, 0x0, 0x0, 0x0,
    0x0, 0x0, 0x0, 0x0, 0x0, 0x0, 0x0, 0x0,
    0x0, 0x0, 0x0, 0x0, 0x0, 0x0, 0x0, 0x0,
    0x0, 0x0, 0x0, 0x0, 0x0, 0x0, 0x0, 0x0,
    0x0, 0x0, 0x0, 0x0, 0x0, 0x0, 0x0, 0x0,
    0x0, 0x0, 0x0, 0x0, 0x0, 0x0, 0x0, 0x0,
    0xa4, 0xe0, 0xe0, 0xe0, 0xe0, 0xe0, 0xe0, 0xe0,
    0xe0, 0xe0, 0xe0, 0xe0, 0xe0, 0xe0, 0xe0, 0xe0,
    0xe0, 0xe0, 0xe0, 0xe, 0xbc, 0xff, 0xff, 0xff,
    0xff, 0xff, 0xff, 0xff, 0xff, 0xff, 0xff, 0xff,
    0xff, 0xff, 0xff, 0xff, 0xff, 0xff, 0xff, 0x10,
    0xbc, 0xff, 0xff, 0xff, 0xff, 0xff, 0xff, 0xff,
    0xff, 0xff, 0xff, 0xff, 0xff, 0xff, 0xff, 0xff,
    0xff, 0xff, 0xff, 0x10, 0xbc, 0xff, 0xff, 0xff,
    0xff, 0xff, 0xff, 0xff, 0xff, 0xff, 0xff, 0xff,
    0xff, 0xff, 0xff, 0xff, 0xff, 0xff, 0xff, 0x10,
    0xbc, 0xff, 0xff, 0xff, 0xff, 0xff, 0xff, 0xff,
    0xff, 0xff, 0xff, 0xff, 0xff, 0xff, 0xff, 0xff,
    0xff, 0xff, 0xff, 0x10,

    /* U+003E ">" */
    0x4e, 0x14, 0x0, 0x0, 0x0, 0x0, 0x0, 0x0,
    0x0, 0x0, 0x0, 0x0, 0x0, 0x0, 0x0, 0x0,
    0x0, 0x0, 0x0, 0x0, 0xbc, 0xf8, 0xa0, 0x33,
    0x0, 0x0, 0x0, 0x0, 0x0, 0x0, 0x0, 0x0,
    0x0, 0x0, 0x0, 0x0, 0x0, 0x0, 0x0, 0x0,
    0xbc, 0xff, 0xff, 0xff, 0xc6, 0x59, 0x5, 0x0,
    0x0, 0x0, 0x0, 0x0, 0x0, 0x0, 0x0, 0x0,
    0x0, 0x0, 0x0, 0x0, 0xbc, 0xff, 0xff, 0xff,
    0xff, 0xff, 0xe6, 0x7f, 0x18, 0x0, 0x0, 0x0,
    0x0, 0x0, 0x0, 0x0, 0x0, 0x0, 0x0, 0x0,
    0xbc, 0xff, 0xff, 0xff, 0xff, 0xff, 0xff, 0xff,
    0xfa, 0xa5, 0x38, 0x0, 0x0, 0x0, 0x0, 0x0,
    0x0, 0x0, 0x0, 0x0, 0xa3, 0xff, 0xff, 0xff,
    0xff, 0xff, 0xff, 0xff, 0xff, 0xff, 0xff, 0xcb,
    0x5e, 0x7, 0x0, 0x0, 0x0, 0x0, 0x0, 0x0,
    0x0, 0x39, 0xa2, 0xf7, 0xff, 0xff, 0xff, 0xff,
    0xff, 0xff, 0xff, 0xff, 0xff, 0xea, 0x84, 0x1c,
    0x0, 0x0, 0x0, 0x0, 0x0, 0x0, 0x0, 0x13,
    0x74, 0xdb, 0xff, 0xff, 0xff, 0xff, 0xff, 0xff,
    0xff, 0xff, 0xff, 0xfb, 0xaa, 0x3d, 0x0, 0x0,
    0x0, 0x0, 0x0, 0x0, 0x0, 0x1, 0x45, 0xae,
    0xfb, 0xff, 0xff, 0xff, 0xff, 0xff, 0xff, 0xff,
    0xff, 0xff, 0xd0, 0x9, 0x0, 0x0, 0x0, 0x0,
    0x0, 0x0, 0x0, 0x0, 0x1a, 0x7f, 0xe4, 0xff,
    0xff, 0xff, 0xff, 0xff, 0xff, 0xff, 0xff, 0x10,
    0x0, 0x0, 0x0, 0x0, 0x0, 0x0, 0x0, 0x0,
    0x0, 0x0, 0xc, 0xaf, 0xff, 0xff, 0xff, 0xff,
    0xff, 0xff, 0xff, 0x10, 0x0, 0x0, 0x0, 0x0,
    0x0, 0x0, 0x0, 0x0, 0x25, 0x8d, 0xed, 0xff,
    0xff, 0xff, 0xff, 0xff, 0xff, 0xff, 0xff, 0x10,
    0x0, 0x0, 0x0, 0x0, 0x0, 0x3, 0x51, 0xba,
    0xfe, 0xff, 0xff, 0xff, 0xff, 0xff, 0xff, 0xff,
    0xff, 0xff, 0xbe, 0x8, 0x0, 0x0, 0x0, 0x19,
    0x7e, 0xe4, 0xff, 0xff, 0xff, 0xff, 0xff, 0xff,
    0xff, 0xff, 0xff, 0xf4, 0x98, 0x2b, 0x0, 0x0,
    0x0, 0x41, 0xab, 0xfb, 0xff, 0xff, 0xff, 0xff,
    0xff, 0xff, 0xff, 0xff, 0xff, 0xde, 0x73, 0x10,
    0x0, 0x0, 0x0, 0x0, 0xa8, 0xff, 0xff, 0xff,
    0xff, 0xff, 0xff, 0xff, 0xff, 0xff, 0xff, 0xbb,
    0x4e, 0x2, 0x0, 0x0, 0x0, 0x0, 0x0, 0x0,
    0xbc, 0xff, 0xff, 0xff, 0xff, 0xff, 0xff, 0xff,
    0xf3, 0x96, 0x29, 0x0, 0x0, 0x0, 0x0, 0x0,
    0x0, 0x0, 0x0, 0x0, 0xbc, 0xff, 0xff, 0xff,
    0xff, 0xff, 0xdc, 0x71, 0xf, 0x0, 0x0, 0x0,
    0x0, 0x0, 0x0, 0x0, 0x0, 0x0, 0x0, 0x0,
    0xbc, 0xff, 0xff, 0xfe, 0xb9, 0x4c, 0x1, 0x0,
    0x0, 0x0, 0x0, 0x0, 0x0, 0x0, 0x0, 0x0,
    0x0, 0x0, 0x0, 0x0, 0xbc, 0xf2, 0x94, 0x27,
    0x0, 0x0, 0x0, 0x0, 0x0, 0x0, 0x0, 0x0,
    0x0, 0x0, 0x0, 0x0, 0x0, 0x0, 0x0, 0x0,
    0x46, 0xe, 0x0, 0x0, 0x0, 0x0, 0x0, 0x0,
    0x0, 0x0, 0x0, 0x0, 0x0, 0x0, 0x0, 0x0,
    0x0, 0x0, 0x0, 0x0,

    /* U+003F "?" */
    0x0, 0x0, 0x0, 0x0, 0x0, 0x30, 0x8b, 0xc5,
    0xea, 0xfa, 0xf1, 0xdb, 0xb3, 0x67, 0x14, 0x0,
    0x0, 0x0, 0x0, 0x0, 0x0, 0x0, 0x0, 0x16,
    0xad, 0xff, 0xff, 0xff, 0xff, 0xff, 0xff, 0xff,
    0xff, 0xff, 0xf0, 0x72, 0x1, 0x0, 0x0, 0x0,
    0x0, 0x0, 0x26, 0xe4, 0xff, 0xff, 0xff, 0xff,
    0xff, 0xff, 0xff, 0xff, 0xff, 0xff, 0xff, 0xff,
    0x9c, 0x1, 0x0, 0x0, 0x0, 0xc, 0xdc, 0xff,
    0xff, 0xff, 0xff, 0xff, 0xff, 0xff, 0xff, 0xff,
    0xff, 0xff, 0xff, 0xff, 0xff, 0x75, 0x0, 0x0,
    0x0, 0x79, 0xff, 0xff, 0xff, 0xff, 0xff, 0xff,
    0xff, 0xd5, 0xe1, 0xff, 0xff, 0xff, 0xff, 0xff,
    0xff, 0xf5, 0x1b, 0x0, 0x0, 0xd0, 0xff, 0xff,
    0xff, 0xff, 0xff, 0xff, 0xd5, 0x3, 0x16, 0xfd,
    0xff, 0xff, 0xff, 0xff, 0xff, 0xff, 0x80, 0x0,
    0x7, 0xfd, 0xff, 0xff, 0xff, 0xff, 0xff, 0xff,
    0xa0, 0x0, 0x0, 0xe3, 0xff, 0xff, 0xff, 0xff,
    0xff, 0xff, 0xd7, 0x0, 0x29, 0xff, 0xff, 0xff,
    0xff, 0xff, 0xff, 0xff, 0x8f, 0x0, 0x0, 0xd9,
    0xff, 0xff, 0xff, 0xff, 0xff, 0xff, 0xff, 0xb,
    0x40, 0xff, 0xff, 0xff, 0xff, 0xff, 0xff, 0xff,
    0x89, 0x0, 0x0, 0xd8, 0xff, 0xff, 0xff, 0xff,
    0xff, 0xff, 0xff, 0x29, 0x4f, 0xff, 0xff, 0xff,
    0xff, 0xff, 0xff, 0xff, 0x88, 0x0, 0x0, 0xd8,
    0xff, 0xff, 0xff, 0xff, 0xff, 0xff, 0xff, 0x3a,
    0x58, 0xff, 0xff, 0xff, 0xff, 0xff, 0xff, 0xff,
    0x88, 0x0, 0x0, 0xd8, 0xff, 0xff, 0xff, 0xff,
    0xff, 0xff, 0xff, 0x42, 0xa, 0x1c, 0x1c, 0x1c,
    0x1c, 0x1c, 0x1c, 0x1c, 0xe, 0x0, 0x0, 0xd8,
    0xff, 0xff, 0xff, 0xff, 0xff, 0xff, 0xff, 0x47,
    0x0, 0x0, 0x0, 0x0, 0x0, 0x0, 0x0, 0x0,
    0x0, 0x0, 0x0, 0xd8, 0xff, 0xff, 0xff, 0xff,
    0xff, 0xff, 0xff, 0x48, 0x0, 0x0, 0x0, 0x0,
    0x0, 0x0, 0x0, 0x0, 0x0, 0x0, 0x0, 0xd9,
    0xff, 0xff, 0xff, 0xff, 0xff, 0xff, 0xff, 0x48,
    0x0, 0x0, 0x0, 0x0, 0x0, 0x0, 0x0, 0x0,
    0x0, 0x0, 0x0, 0xdd, 0xff, 0xff, 0xff, 0xff,
    0xff, 0xff, 0xff, 0x48, 0x0, 0x0, 0x0, 0x0,
    0x0, 0x0, 0x0, 0x0, 0x0, 0x0, 0x0, 0xe7,
    0xff, 0xff, 0xff, 0xff, 0xff, 0xff, 0xff, 0x46,
    0x0, 0xd4, 0xff, 0xff, 0xff, 0xff, 0xff, 0xff,
    0x69, 0x0, 0x3, 0xfa, 0xff, 0xff, 0xff, 0xff,
    0xff, 0xff, 0xff, 0x3f, 0x0, 0xd4, 0xff, 0xff,
    0xff, 0xff, 0xff, 0xff, 0xc0, 0x10, 0x65, 0xff,
    0xff, 0xff, 0xff, 0xff, 0xff, 0xff, 0xff, 0x2d,
    0x0, 0xd4, 0xff, 0xff, 0xff, 0xff, 0xff, 0xff,
    0xff, 0xff, 0xff, 0xff, 0xff, 0xff, 0xff, 0xff,
    0xff, 0xff, 0xff, 0xd, 0x0, 0xd4, 0xff, 0xff,
    0xff, 0xff, 0xff, 0xff, 0xff, 0xff, 0xff, 0xff,
    0xff, 0xff, 0xff, 0xff, 0xff, 0xff, 0xd5, 0x0,
    0x0, 0xd4, 0xff, 0xff, 0xff, 0xff, 0xff, 0xff,
    0xff, 0xff, 0xff, 0xff, 0xff, 0xff, 0xff, 0xff,
    0xff, 0xff, 0x73, 0x0, 0x0, 0xd4, 0xff, 0xff,
    0xff, 0xff, 0xff, 0xff, 0xee, 0xff, 0xff, 0xff,
    0xff, 0xff, 0xff, 0xff, 0xff, 0xc7, 0x6, 0x0,
    0x0, 0xd4, 0xff, 0xff, 0xff, 0xff, 0xff, 0xff,
    0x8b, 0xae, 0xff, 0xff, 0xff, 0xff, 0xff, 0xff,
    0xb5, 0xf, 0x0, 0x0, 0x0, 0xd4, 0xff, 0xff,
    0xff, 0xff, 0xff, 0xff, 0x88, 0x1, 0x5b, 0xb5,
    0xd7, 0xd3, 0xa6, 0x4b, 0x0, 0x0, 0x0, 0x0,
    0x0, 0xc0, 0xe8, 0xe8, 0xe8, 0xe8, 0xe8, 0xe8,
    0x7b, 0x0, 0x0, 0x0, 0x0, 0x0, 0x0, 0x0,
    0x0, 0x0, 0x0, 0x0, 0x0, 0x0, 0x0, 0x0,
    0x0, 0x0, 0x0, 0x0, 0x0, 0x0, 0x0, 0x0,
    0x0, 0x0, 0x0, 0x0, 0x0, 0x0, 0x0, 0x0,
    0x0, 0x63, 0x78, 0x78, 0x78, 0x78, 0x78, 0x78,
    0x3f, 0x0, 0x0, 0x0, 0x0, 0x0, 0x0, 0x0,
    0x0, 0x0, 0x0, 0x0, 0x0, 0xd4, 0xff, 0xff,
    0xff, 0xff, 0xff, 0xff, 0x88, 0x0, 0x0, 0x0,
    0x0, 0x0, 0x0, 0x0, 0x0, 0x0, 0x0, 0x0,
    0x0, 0xd4, 0xff, 0xff, 0xff, 0xff, 0xff, 0xff,
    0x88, 0x0, 0x0, 0x0, 0x0, 0x0, 0x0, 0x0,
    0x0, 0x0, 0x0, 0x0, 0x0, 0xd4, 0xff, 0xff,
    0xff, 0xff, 0xff, 0xff, 0x88, 0x0, 0x0, 0x0,
    0x0, 0x0, 0x0, 0x0, 0x0, 0x0, 0x0, 0x0,
    0x0, 0xd4, 0xff, 0xff, 0xff, 0xff, 0xff, 0xff,
    0x88, 0x0, 0x0, 0x0, 0x0, 0x0, 0x0, 0x0,
    0x0, 0x0, 0x0, 0x0, 0x0, 0xd4, 0xff, 0xff,
    0xff, 0xff, 0xff, 0xff, 0x88, 0x0, 0x0, 0x0,
    0x0, 0x0, 0x0, 0x0, 0x0, 0x0, 0x0, 0x0,
    0x0, 0xd4, 0xff, 0xff, 0xff, 0xff, 0xff, 0xff,
    0x88, 0x0, 0x0, 0x0, 0x0, 0x0, 0x0, 0x0,
    0x0, 0x0, 0x0, 0x0,

    /* U+0040 "@" */
    0x0, 0x0, 0x0, 0x0, 0x0, 0x0, 0x0, 0x0,
    0x0, 0x0, 0x7, 0x4d, 0x8e, 0xc0, 0xe2, 0xf4,
    0xfc, 0xf2, 0xe3, 0xbd, 0x8e, 0x43, 0x4, 0x0,
    0x0, 0x0, 0x0, 0x0, 0x0, 0x0, 0x0, 0x0,
    0x0, 0x0, 0x0, 0x0, 0x0, 0x0, 0x0, 0x13,
    0x89, 0xee, 0xff, 0xff, 0xff, 0xff, 0xff, 0xff,
    0xff, 0xff, 0xff, 0xff, 0xff, 0xe1, 0x66, 0x2,
    0x0, 0x0, 0x0, 0x0, 0x0, 0x0, 0x0, 0x0,
    0x0, 0x0, 0x0, 0x0, 0x0, 0x5b, 0xee, 0xff,
    0xff, 0xff, 0xff, 0xff, 0xff, 0xff, 0xff, 0xff,
    0xff, 0xff, 0xff, 0xff, 0xff, 0xff, 0xc0, 0x1a,
    0x0, 0x0, 0x0, 0x0, 0x0, 0x0, 0x0, 0x0,
    0x0, 0x0, 0x2, 0x90, 0xff, 0xff, 0xff, 0xff,
    0xee, 0xa5, 0x58, 0x2d, 0x15, 0x2, 0x10, 0x25,
    0x58, 0x9e, 0xf1, 0xff, 0xff, 0xff, 0xe0, 0x26,
    0x0, 0x0, 0x0, 0x0, 0x0, 0x0, 0x0, 0x0,
    0x0, 0x96, 0xff, 0xff, 0xff, 0xf2, 0x7c, 0x9,
    0x0, 0x0, 0x0, 0x0, 0x0, 0x0, 0x0, 0x0,
    0x0, 0x13, 0x8b, 0xfc, 0xff, 0xff, 0xe0, 0x18,
    0x0, 0x0, 0x0, 0x0, 0x0, 0x0, 0x0, 0x70,
    0xff, 0xff, 0xff, 0xc8, 0x18, 0x0, 0x0, 0x0,
    0x0, 0x0, 0x0, 0x0, 0x0, 0x0, 0x0, 0x0,
    0x0, 0x0, 0x48, 0xf0, 0xff, 0xff, 0xc0, 0x1,
    0x0, 0x0, 0x0, 0x0, 0x0, 0x30, 0xfa, 0xff,
    0xff, 0xb1, 0xa, 0x0, 0x0, 0x1f, 0x90, 0xd7,
    0xf6, 0xe1, 0x93, 0x19, 0x0, 0x9f, 0xff, 0xff,
    0xff, 0x37, 0x3a, 0xf9, 0xff, 0xff, 0x6c, 0x0,
    0x0, 0x0, 0x0, 0x1, 0xc8, 0xff, 0xff, 0xca,
    0x6, 0x0, 0x0, 0x53, 0xf5, 0xff, 0xff, 0xff,
    0xff, 0xff, 0xe5, 0x2b, 0xbb, 0xff, 0xff, 0xff,
    0x10, 0x0, 0x6b, 0xff, 0xff, 0xe8, 0xa, 0x0,
    0x0, 0x0, 0x52, 0xff, 0xff, 0xee, 0x1f, 0x0,
    0x0, 0x55, 0xfe, 0xff, 0xff, 0xff, 0xff, 0xff,
    0xff, 0xff, 0xd7, 0xdf, 0xff, 0xff, 0xe9, 0x0,
    0x0, 0x2, 0xd6, 0xff, 0xff, 0x63, 0x0, 0x0,
    0x0, 0xc8, 0xff, 0xff, 0x6e, 0x0, 0x0, 0x27,
    0xf2, 0xff, 0xff, 0xff, 0xb2, 0x3f, 0x27, 0x85,
    0xff, 0xff, 0xff, 0xff, 0xff, 0xc2, 0x0, 0x0,
    0x0, 0x5f, 0xff, 0xff, 0xb7, 0x0, 0x0, 0x2a,
    0xff, 0xff, 0xec, 0xa, 0x0, 0x0, 0xb9, 0xff,
    0xff, 0xff, 0xa7, 0x0, 0x0, 0x0, 0x0, 0xa8,
    0xff, 0xff, 0xff, 0xff, 0x9b, 0x0, 0x0, 0x0,
    0x13, 0xfe, 0xff, 0xf3, 0x1, 0x0, 0x7b, 0xff,
    0xff, 0x87, 0x0, 0x0, 0x42, 0xff, 0xff, 0xff,
    0xf1, 0x10, 0x0, 0x0, 0x0, 0x0, 0x40, 0xff,
    0xff, 0xff, 0xff, 0x74, 0x0, 0x0, 0x0, 0x0,
    0xd0, 0xff, 0xff, 0x22, 0x0, 0xbf, 0xff, 0xff,
    0x41, 0x0, 0x0, 0xaf, 0xff, 0xff, 0xff, 0x8b,
    0x0, 0x0, 0x0, 0x0, 0x0, 0x19, 0xff, 0xff,
    0xff, 0xff, 0x4c, 0x0, 0x0, 0x0, 0x0, 0xb0,
    0xff, 0xff, 0x3d, 0x1, 0xf1, 0xff, 0xf8, 0x8,
    0x0, 0x11, 0xf9, 0xff, 0xff, 0xff, 0x32, 0x0,
    0x0, 0x0, 0x0, 0x0, 0x10, 0xff, 0xff, 0xff,
    0xff, 0x25, 0x0, 0x0, 0x0, 0x0, 0x9c, 0xff,
    0xff, 0x4b, 0x19, 0xff, 0xff, 0xce, 0x0, 0x0,
    0x51, 0xff, 0xff, 0xff, 0xe6, 0x0, 0x0, 0x0,
    0x0, 0x0, 0x0, 0x23, 0xff, 0xff, 0xff, 0xfa,
    0x4, 0x0, 0x0, 0x0, 0x0, 0x95, 0xff, 0xff,
    0x4b, 0x35, 0xff, 0xff, 0xba, 0x0, 0x0, 0x85,
    0xff, 0xff, 0xff, 0xac, 0x0, 0x0, 0x0, 0x0,
    0x0, 0x0, 0x34, 0xff, 0xff, 0xff, 0xd7, 0x0,
    0x0, 0x0, 0x0, 0x0, 0xa4, 0xff, 0xff, 0x38,
    0x43, 0xff, 0xff, 0xa7, 0x0, 0x0, 0xad, 0xff,
    0xff, 0xff, 0x80, 0x0, 0x0, 0x0, 0x0, 0x0,
    0x0, 0x5a, 0xff, 0xff, 0xff, 0xb0, 0x0, 0x0,
    0x0, 0x0, 0x0, 0xc6, 0xff, 0xff, 0x25, 0x4a,
    0xff, 0xff, 0x9c, 0x0, 0x0, 0xbf, 0xff, 0xff,
    0xff, 0x5e, 0x0, 0x0, 0x0, 0x0, 0x0, 0x0,
    0x8e, 0xff, 0xff, 0xff, 0x88, 0x0, 0x0, 0x0,
    0x0, 0x7, 0xf7, 0xff, 0xf4, 0x4, 0x43, 0xff,
    0xff, 0xad, 0x0, 0x0, 0xcc, 0xff, 0xff, 0xff,
    0x4c, 0x0, 0x0, 0x0, 0x0, 0x0, 0x0, 0xc2,
    0xff, 0xff, 0xff, 0x61, 0x0, 0x0, 0x0, 0x0,
    0x50, 0xff, 0xff, 0xb9, 0x0, 0x34, 0xff, 0xff,
    0xc0, 0x0, 0x0, 0xc2, 0xff, 0xff, 0xff, 0x43,
    0x0, 0x0, 0x0, 0x0, 0x0, 0xa, 0xf7, 0xff,
    0xff, 0xff, 0x3a, 0x0, 0x0, 0x0, 0x0, 0xbe,
    0xff, 0xff, 0x71, 0x0, 0x16, 0xff, 0xff, 0xde,
    0x0, 0x0, 0xac, 0xff, 0xff, 0xff, 0x56, 0x0,
    0x0, 0x0, 0x0, 0x0, 0x50, 0xff, 0xff, 0xff,
    0xff, 0x13, 0x0, 0x0, 0x0, 0x4a, 0xff, 0xff,
    0xef, 0xe, 0x0, 0x0, 0xeb, 0xff, 0xff, 0x1c,
    0x0, 0x7c, 0xff, 0xff, 0xff, 0x80, 0x0, 0x0,
    0x0, 0x0, 0x0, 0xb1, 0xff, 0xff, 0xff, 0xec,
    0x0, 0x0, 0x0, 0x19, 0xe5, 0xff, 0xff, 0x80,
    0x0, 0x0, 0x0, 0xb2, 0xff, 0xff, 0x5d, 0x0,
    0x33, 0xff, 0xff, 0xff, 0xe0, 0x3, 0x0, 0x0,
    0x0, 0x37, 0xfe, 0xff, 0xff, 0xff, 0xc9, 0x0,
    0x0, 0x25, 0xd7, 0xff, 0xff, 0xc5, 0x5, 0x0,
    0x0, 0x0, 0x67, 0xff, 0xff, 0xbc, 0x0, 0x0,
    0xc9, 0xff, 0xff, 0xff, 0x9a, 0x9, 0x3, 0x4c,
    0xe8, 0xff, 0xff, 0xff, 0xff, 0xf0, 0x6a, 0x94,
    0xf6, 0xff, 0xff, 0xe1, 0x1b, 0x0, 0x0, 0x0,
    0x0, 0x14, 0xf7, 0xff, 0xff, 0x37, 0x0, 0x35,
    0xfa, 0xff, 0xff, 0xff, 0xf7, 0xf5, 0xff, 0xff,
    0xfe, 0xed, 0xff, 0xff, 0xff, 0xff, 0xff, 0xff,
    0xff, 0xd3, 0x1b, 0x0, 0x0, 0x0, 0x0, 0x0,
    0x0, 0x9b, 0xff, 0xff, 0xc0, 0x3, 0x0, 0x54,
    0xf7, 0xff, 0xff, 0xff, 0xff, 0xff, 0xf6, 0x57,
    0x6c, 0xff, 0xff, 0xff, 0xff, 0xff, 0xfe, 0x96,
    0xd, 0x0, 0x0, 0x0, 0x0, 0x0, 0x0, 0x0,
    0x1c, 0xf5, 0xff, 0xff, 0x86, 0x0, 0x0, 0x25,
    0x9b, 0xe1, 0xf9, 0xe9, 0xa7, 0x27, 0x0, 0x1,
    0x81, 0xe5, 0xf6, 0xd8, 0x95, 0x2f, 0x0, 0x0,
    0x0, 0x0, 0x0, 0x0, 0x0, 0x0, 0x0, 0x0,
    0x6e, 0xff, 0xff, 0xfe, 0x66, 0x0, 0x0, 0x0,
    0x0, 0x0, 0x0, 0x0, 0x0, 0x0, 0x0, 0x0,
    0x0, 0x0, 0x0, 0x0, 0x0, 0x0, 0x45, 0xbd,
    0xc0, 0xc0, 0xac, 0xb, 0x0, 0x0, 0x0, 0x1,
    0xab, 0xff, 0xff, 0xff, 0x8d, 0x3, 0x0, 0x0,
    0x0, 0x0, 0x0, 0x0, 0x0, 0x0, 0x0, 0x0,
    0x0, 0x0, 0x0, 0x6, 0x89, 0xfe, 0xff, 0xff,
    0xf7, 0x3c, 0x0, 0x0, 0x0, 0x0, 0x0, 0x7,
    0xba, 0xff, 0xff, 0xff, 0xd3, 0x4e, 0x0, 0x0,
    0x0, 0x0, 0x0, 0x0, 0x0, 0x0, 0x0, 0x0,
    0x7, 0x6a, 0xe2, 0xff, 0xff, 0xff, 0xf0, 0x3e,
    0x0, 0x0, 0x0, 0x0, 0x0, 0x0, 0x0, 0x6,
    0xa4, 0xff, 0xff, 0xff, 0xff, 0xd7, 0x8c, 0x45,
    0x24, 0xd, 0x2, 0x16, 0x2d, 0x5d, 0xa4, 0xeb,
    0xff, 0xff, 0xff, 0xff, 0xcf, 0x29, 0x0, 0x0,
    0x0, 0x0, 0x0, 0x0, 0x0, 0x0, 0x0, 0x0,
    0x64, 0xef, 0xff, 0xff, 0xff, 0xff, 0xff, 0xff,
    0xff, 0xff, 0xff, 0xff, 0xff, 0xff, 0xff, 0xff,
    0xff, 0xf1, 0x7c, 0x6, 0x0, 0x0, 0x0, 0x0,
    0x0, 0x0, 0x0, 0x0, 0x0, 0x0, 0x0, 0x0,
    0x15, 0x89, 0xef, 0xff, 0xff, 0xff, 0xff, 0xff,
    0xff, 0xff, 0xff, 0xff, 0xff, 0xff, 0xdf, 0x7b,
    0x12, 0x0, 0x0, 0x0, 0x0, 0x0, 0x0, 0x0,
    0x0, 0x0, 0x0, 0x0, 0x0, 0x0, 0x0, 0x0,
    0x0, 0x7, 0x4f, 0x92, 0xc4, 0xe6, 0xf7, 0xfc,
    0xf0, 0xda, 0xb0, 0x7c, 0x35, 0x1, 0x0, 0x0,
    0x0, 0x0, 0x0, 0x0, 0x0, 0x0,

    /* U+0041 "A" */
    0x0, 0x0, 0x0, 0x0, 0x1d, 0xff, 0xff, 0xff,
    0xff, 0xff, 0xff, 0xff, 0xff, 0xff, 0xff, 0xff,
    0xea, 0x0, 0x0, 0x0, 0x0, 0x0, 0x0, 0x0,
    0x0, 0x0, 0x3f, 0xff, 0xff, 0xff, 0xff, 0xff,
    0xff, 0xff, 0xff, 0xff, 0xff, 0xff, 0xff, 0x10,
    0x0, 0x0, 0x0, 0x0, 0x0, 0x0, 0x0, 0x0,
    0x60, 0xff, 0xff, 0xff, 0xff, 0xff, 0xff, 0xff,
    0xff, 0xff, 0xff, 0xff, 0xff, 0x35, 0x0, 0x0,
    0x0, 0x0, 0x0, 0x0, 0x0, 0x0, 0x82, 0xff,
    0xff, 0xff, 0xff, 0xff, 0xff, 0xff, 0xff, 0xff,
    0xff, 0xff, 0xff, 0x5b, 0x0, 0x0, 0x0, 0x0,
    0x0, 0x0, 0x0, 0x0, 0xa3, 0xff, 0xff, 0xff,
    0xff, 0xff, 0xff, 0xff, 0xff, 0xff, 0xff, 0xff,
    0xff, 0x81, 0x0, 0x0, 0x0, 0x0, 0x0, 0x0,
    0x0, 0x0, 0xc5, 0xff, 0xff, 0xff, 0xff, 0xff,
    0xff, 0xff, 0xff, 0xff, 0xff, 0xff, 0xff, 0xa6,
    0x0, 0x0, 0x0, 0x0, 0x0, 0x0, 0x0, 0x0,
    0xe6, 0xff, 0xff, 0xff, 0xff, 0xff, 0xff, 0xff,
    0xff, 0xff, 0xff, 0xff, 0xff, 0xcc, 0x0, 0x0,
    0x0, 0x0, 0x0, 0x0, 0x0, 0x8, 0xfe, 0xff,
    0xff, 0xff, 0xff, 0xff, 0xff, 0xe6, 0xff, 0xff,
    0xff, 0xff, 0xff, 0xf1, 0x0, 0x0, 0x0, 0x0,
    0x0, 0x0, 0x0, 0x29, 0xff, 0xff, 0xff, 0xff,
    0xff, 0xff, 0xfe, 0xaf, 0xff, 0xff, 0xff, 0xff,
    0xff, 0xff, 0x17, 0x0, 0x0, 0x0, 0x0, 0x0,
    0x0, 0x4b, 0xff, 0xff, 0xff, 0xff, 0xff, 0xff,
    0xe5, 0x90, 0xff, 0xff, 0xff, 0xff, 0xff, 0xff,
    0x3d, 0x0, 0x0, 0x0, 0x0, 0x0, 0x0, 0x6c,
    0xff, 0xff, 0xff, 0xff, 0xff, 0xff, 0xc4, 0x7b,
    0xff, 0xff, 0xff, 0xff, 0xff, 0xff, 0x62, 0x0,
    0x0, 0x0, 0x0, 0x0, 0x0, 0x8e, 0xff, 0xff,
    0xff, 0xff, 0xff, 0xff, 0xa2, 0x64, 0xff, 0xff,
    0xff, 0xff, 0xff, 0xff, 0x88, 0x0, 0x0, 0x0,
    0x0, 0x0, 0x0, 0xaf, 0xff, 0xff, 0xff, 0xff,
    0xff, 0xff, 0x81, 0x4d, 0xff, 0xff, 0xff, 0xff,
    0xff, 0xff, 0xae, 0x0, 0x0, 0x0, 0x0, 0x0,
    0x0, 0xd1, 0xff, 0xff, 0xff, 0xff, 0xff, 0xff,
    0x61, 0x36, 0xff, 0xff, 0xff, 0xff, 0xff, 0xff,
    0xd3, 0x0, 0x0, 0x0, 0x0, 0x0, 0x0, 0xf2,
    0xff, 0xff, 0xff, 0xff, 0xff, 0xff, 0x43, 0x1e,
    0xff, 0xff, 0xff, 0xff, 0xff, 0xff, 0xf7, 0x1,
    0x0, 0x0, 0x0, 0x0, 0x14, 0xff, 0xff, 0xff,
    0xff, 0xff, 0xff, 0xff, 0x25, 0x6, 0xfe, 0xff,
    0xff, 0xff, 0xff, 0xff, 0xff, 0x1e, 0x0, 0x0,
    0x0, 0x0, 0x35, 0xff, 0xff, 0xff, 0xff, 0xff,
    0xff, 0xff, 0x8, 0x0, 0xec, 0xff, 0xff, 0xff,
    0xff, 0xff, 0xff, 0x44, 0x0, 0x0, 0x0, 0x0,
    0x57, 0xff, 0xff, 0xff, 0xff, 0xff, 0xff, 0xec,
    0x0, 0x0, 0xd1, 0xff, 0xff, 0xff, 0xff, 0xff,
    0xff, 0x6a, 0x0, 0x0, 0x0, 0x0, 0x78, 0xff,
    0xff, 0xff, 0xff, 0xff, 0xff, 0xd2, 0x0, 0x0,
    0xb6, 0xff, 0xff, 0xff, 0xff, 0xff, 0xff, 0x8f,
    0x0, 0x0, 0x0, 0x0, 0x9a, 0xff, 0xff, 0xff,
    0xff, 0xff, 0xff, 0xbb, 0x0, 0x0, 0x9a, 0xff,
    0xff, 0xff, 0xff, 0xff, 0xff, 0xb5, 0x0, 0x0,
    0x0, 0x0, 0xbb, 0xff, 0xff, 0xff, 0xff, 0xff,
    0xff, 0xea, 0xbc, 0xbc, 0xe0, 0xff, 0xff, 0xff,
    0xff, 0xff, 0xff, 0xdb, 0x0, 0x0, 0x0, 0x0,
    0xdd, 0xff, 0xff, 0xff, 0xff, 0xff, 0xff, 0xff,
    0xff, 0xff, 0xff, 0xff, 0xff, 0xff, 0xff, 0xff,
    0xff, 0xfb, 0x4, 0x0, 0x0, 0x3, 0xfa, 0xff,
    0xff, 0xff, 0xff, 0xff, 0xff, 0xff, 0xff, 0xff,
    0xff, 0xff, 0xff, 0xff, 0xff, 0xff, 0xff, 0xff,
    0x26, 0x0, 0x0, 0x20, 0xff, 0xff, 0xff, 0xff,
    0xff, 0xff, 0xff, 0xff, 0xff, 0xff, 0xff, 0xff,
    0xff, 0xff, 0xff, 0xff, 0xff, 0xff, 0x4b, 0x0,
    0x0, 0x41, 0xff, 0xff, 0xff, 0xff, 0xff, 0xff,
    0xff, 0xff, 0xff, 0xff, 0xff, 0xff, 0xff, 0xff,
    0xff, 0xff, 0xff, 0xff, 0x71, 0x0, 0x0, 0x63,
    0xff, 0xff, 0xff, 0xff, 0xff, 0xff, 0xff, 0xff,
    0xff, 0xff, 0xff, 0xff, 0xff, 0xff, 0xff, 0xff,
    0xff, 0xff, 0x97, 0x0, 0x0, 0x84, 0xff, 0xff,
    0xff, 0xff, 0xff, 0xff, 0xff, 0xb9, 0x0, 0x0,
    0x40, 0xff, 0xff, 0xff, 0xff, 0xff, 0xff, 0xff,
    0xbc, 0x0, 0x0, 0xa6, 0xff, 0xff, 0xff, 0xff,
    0xff, 0xff, 0xff, 0xa4, 0x0, 0x0, 0x2e, 0xff,
    0xff, 0xff, 0xff, 0xff, 0xff, 0xff, 0xe2, 0x0,
    0x0, 0xc7, 0xff, 0xff, 0xff, 0xff, 0xff, 0xff,
    0xff, 0x8f, 0x0, 0x0, 0x1d, 0xff, 0xff, 0xff,
    0xff, 0xff, 0xff, 0xff, 0xfe, 0x9, 0x0, 0xe9,
    0xff, 0xff, 0xff, 0xff, 0xff, 0xff, 0xff, 0x7b,
    0x0, 0x0, 0xc, 0xff, 0xff, 0xff, 0xff, 0xff,
    0xff, 0xff, 0xff, 0x2d, 0xa, 0xff, 0xff, 0xff,
    0xff, 0xff, 0xff, 0xff, 0xff, 0x66, 0x0, 0x0,
    0x0, 0xfa, 0xff, 0xff, 0xff, 0xff, 0xff, 0xff,
    0xff, 0x53, 0x2b, 0xff, 0xff, 0xff, 0xff, 0xff,
    0xff, 0xff, 0xff, 0x52, 0x0, 0x0, 0x0, 0xe9,
    0xff, 0xff, 0xff, 0xff, 0xff, 0xff, 0xff, 0x79,

    /* U+0042 "B" */
    0x5c, 0xff, 0xff, 0xff, 0xff, 0xff, 0xff, 0xff,
    0xff, 0xfc, 0xf6, 0xe7, 0xd0, 0xab, 0x74, 0x1e,
    0x0, 0x0, 0x0, 0x0, 0x5c, 0xff, 0xff, 0xff,
    0xff, 0xff, 0xff, 0xff, 0xff, 0xff, 0xff, 0xff,
    0xff, 0xff, 0xff, 0xfb, 0x84, 0x1, 0x0, 0x0,
    0x5c, 0xff, 0xff, 0xff, 0xff, 0xff, 0xff, 0xff,
    0xff, 0xff, 0xff, 0xff, 0xff, 0xff, 0xff, 0xff,
    0xff, 0x95, 0x0, 0x0, 0x5c, 0xff, 0xff, 0xff,
    0xff, 0xff, 0xff, 0xff, 0xff, 0xff, 0xff, 0xff,
    0xff, 0xff, 0xff, 0xff, 0xff, 0xff, 0x3e, 0x0,
    0x5c, 0xff, 0xff, 0xff, 0xff, 0xff, 0xff, 0xff,
    0xff, 0xff, 0xff, 0xff, 0xff, 0xff, 0xff, 0xff,
    0xff, 0xff, 0xa7, 0x0, 0x5c, 0xff, 0xff, 0xff,
    0xff, 0xff, 0xff, 0xff, 0xef, 0x91, 0xb7, 0xff,
    0xff, 0xff, 0xff, 0xff, 0xff, 0xff, 0xe9, 0x0,
    0x5c, 0xff, 0xff, 0xff, 0xff, 0xff, 0xff, 0xff,
    0xdc, 0x0, 0x0, 0xb8, 0xff, 0xff, 0xff, 0xff,
    0xff, 0xff, 0xff, 0x10, 0x5c, 0xff, 0xff, 0xff,
    0xff, 0xff, 0xff, 0xff, 0xdc, 0x0, 0x0, 0x7d,
    0xff, 0xff, 0xff, 0xff, 0xff, 0xff, 0xff, 0x26,
    0x5c, 0xff, 0xff, 0xff, 0xff, 0xff, 0xff, 0xff,
    0xdc, 0x0, 0x0, 0x72, 0xff, 0xff, 0xff, 0xff,
    0xff, 0xff, 0xff, 0x30, 0x5c, 0xff, 0xff, 0xff,
    0xff, 0xff, 0xff, 0xff, 0xdc, 0x0, 0x0, 0x78,
    0xff, 0xff, 0xff, 0xff, 0xff, 0xff, 0xff, 0x2b,
    0x5c, 0xff, 0xff, 0xff, 0xff, 0xff, 0xff, 0xff,
    0xdc, 0x0, 0x0, 0x8c, 0xff, 0xff, 0xff, 0xff,
    0xff, 0xff, 0xff, 0x12, 0x5c, 0xff, 0xff, 0xff,
    0xff, 0xff, 0xff, 0xff, 0xdc, 0x1, 0x25, 0xd8,
    0xff, 0xff, 0xff, 0xff, 0xff, 0xff, 0xd6, 0x0,
    0x5c, 0xff, 0xff, 0xff, 0xff, 0xff, 0xff, 0xff,
    0xff, 0xff, 0xff, 0xff, 0xff, 0xff, 0xff, 0xff,
    0xff, 0xfc, 0x4f, 0x0, 0x5c, 0xff, 0xff, 0xff,
    0xff, 0xff, 0xff, 0xff, 0xff, 0xff, 0xff, 0xff,
    0xff, 0xff, 0xff, 0xf7, 0xad, 0x34, 0x0, 0x0,
    0x5c, 0xff, 0xff, 0xff, 0xff, 0xff, 0xff, 0xff,
    0xff, 0xff, 0xff, 0xff, 0xff, 0xff, 0xff, 0xb1,
    0x4f, 0x1, 0x0, 0x0, 0x5c, 0xff, 0xff, 0xff,
    0xff, 0xff, 0xff, 0xff, 0xff, 0xff, 0xff, 0xff,
    0xff, 0xff, 0xff, 0xff, 0xff, 0xc7, 0x19, 0x0,
    0x5c, 0xff, 0xff, 0xff, 0xff, 0xff, 0xff, 0xff,
    0xff, 0xff, 0xff, 0xff, 0xff, 0xff, 0xff, 0xff,
    0xff, 0xff, 0xc9, 0x1, 0x5c, 0xff, 0xff, 0xff,
    0xff, 0xff, 0xff, 0xff, 0xde, 0x1b, 0x42, 0xe2,
    0xff, 0xff, 0xff, 0xff, 0xff, 0xff, 0xff, 0x43,
    0x5c, 0xff, 0xff, 0xff, 0xff, 0xff, 0xff, 0xff,
    0xdc, 0x0, 0x0, 0x8e, 0xff, 0xff, 0xff, 0xff,
    0xff, 0xff, 0xff, 0x89, 0x5c, 0xff, 0xff, 0xff,
    0xff, 0xff, 0xff, 0xff, 0xdc, 0x0, 0x0, 0x75,
    0xff, 0xff, 0xff, 0xff, 0xff, 0xff, 0xff, 0xaf,
    0x5c, 0xff, 0xff, 0xff, 0xff, 0xff, 0xff, 0xff,
    0xdc, 0x0, 0x0, 0x70, 0xff, 0xff, 0xff, 0xff,
    0xff, 0xff, 0xff, 0xc0, 0x5c, 0xff, 0xff, 0xff,
    0xff, 0xff, 0xff, 0xff, 0xdc, 0x0, 0x0, 0x70,
    0xff, 0xff, 0xff, 0xff, 0xff, 0xff, 0xff, 0xc7,
    0x5c, 0xff, 0xff, 0xff, 0xff, 0xff, 0xff, 0xff,
    0xdc, 0x0, 0x0, 0x70, 0xff, 0xff, 0xff, 0xff,
    0xff, 0xff, 0xff, 0xc8, 0x5c, 0xff, 0xff, 0xff,
    0xff, 0xff, 0xff, 0xff, 0xdc, 0x0, 0x0, 0x71,
    0xff, 0xff, 0xff, 0xff, 0xff, 0xff, 0xff, 0xc8,
    0x5c, 0xff, 0xff, 0xff, 0xff, 0xff, 0xff, 0xff,
    0xdc, 0x0, 0x0, 0x80, 0xff, 0xff, 0xff, 0xff,
    0xff, 0xff, 0xff, 0xc5, 0x5c, 0xff, 0xff, 0xff,
    0xff, 0xff, 0xff, 0xff, 0xdc, 0x0, 0x0, 0xb9,
    0xff, 0xff, 0xff, 0xff, 0xff, 0xff, 0xff, 0xbd,
    0x5c, 0xff, 0xff, 0xff, 0xff, 0xff, 0xff, 0xff,
    0xf0, 0x97, 0xc7, 0xff, 0xff, 0xff, 0xff, 0xff,
    0xff, 0xff, 0xff, 0xaa, 0x5c, 0xff, 0xff, 0xff,
    0xff, 0xff, 0xff, 0xff, 0xff, 0xff, 0xff, 0xff,
    0xff, 0xff, 0xff, 0xff, 0xff, 0xff, 0xff, 0x86,
    0x5c, 0xff, 0xff, 0xff, 0xff, 0xff, 0xff, 0xff,
    0xff, 0xff, 0xff, 0xff, 0xff, 0xff, 0xff, 0xff,
    0xff, 0xff, 0xff, 0x49, 0x5c, 0xff, 0xff, 0xff,
    0xff, 0xff, 0xff, 0xff, 0xff, 0xff, 0xff, 0xff,
    0xff, 0xff, 0xff, 0xff, 0xff, 0xff, 0xda, 0x4,
    0x5c, 0xff, 0xff, 0xff, 0xff, 0xff, 0xff, 0xff,
    0xff, 0xff, 0xff, 0xff, 0xff, 0xff, 0xff, 0xff,
    0xff, 0xe9, 0x30, 0x0, 0x5c, 0xff, 0xff, 0xff,
    0xff, 0xff, 0xff, 0xff, 0xff, 0xff, 0xfe, 0xfb,
    0xf4, 0xe6, 0xd1, 0xaf, 0x73, 0x12, 0x0, 0x0,

    /* U+0043 "C" */
    0x0, 0x0, 0x0, 0x0, 0x0, 0x25, 0x76, 0xbe,
    0xdc, 0xf3, 0xf9, 0xea, 0xc7, 0x92, 0x40, 0x0,
    0x0, 0x0, 0x0, 0x0, 0x0, 0x0, 0x0, 0x16,
    0x9f, 0xfe, 0xff, 0xff, 0xff, 0xff, 0xff, 0xff,
    0xff, 0xff, 0xff, 0xcd, 0x37, 0x0, 0x0, 0x0,
    0x0, 0x0, 0x24, 0xe6, 0xff, 0xff, 0xff, 0xff,
    0xff, 0xff, 0xff, 0xff, 0xff, 0xff, 0xff, 0xff,
    0xfb, 0x64, 0x0, 0x0, 0x0, 0x11, 0xe2, 0xff,
    0xff, 0xff, 0xff, 0xff, 0xff, 0xff, 0xff, 0xff,
    0xff, 0xff, 0xff, 0xff, 0xff, 0xfe, 0x48, 0x0,
    0x0, 0x8f, 0xff, 0xff, 0xff, 0xff, 0xff, 0xff,
    0xff, 0xff, 0xff, 0xff, 0xff, 0xff, 0xff, 0xff,
    0xff, 0xff, 0xd9, 0x2, 0x9, 0xf7, 0xff, 0xff,
    0xff, 0xff, 0xff, 0xff, 0xff, 0xad, 0x8a, 0xf4,
    0xff, 0xff, 0xff, 0xff, 0xff, 0xff, 0xff, 0x39,
    0x45, 0xff, 0xff, 0xff, 0xff, 0xff, 0xff, 0xff,
    0xd5, 0x0, 0x0, 0x8b, 0xff, 0xff, 0xff, 0xff,
    0xff, 0xff, 0xff, 0x76, 0x6f, 0xff, 0xff, 0xff,
    0xff, 0xff, 0xff, 0xff, 0xaf, 0x0, 0x0, 0x6c,
    0xff, 0xff, 0xff, 0xff, 0xff, 0xff, 0xff, 0x9e,
    0x82, 0xff, 0xff, 0xff, 0xff, 0xff, 0xff, 0xff,
    0xa3, 0x0, 0x0, 0x63, 0xff, 0xff, 0xff, 0xff,
    0xff, 0xff, 0xff, 0xb7, 0x8e, 0xff, 0xff, 0xff,
    0xff, 0xff, 0xff, 0xff, 0xa0, 0x0, 0x0, 0x60,
    0xff, 0xff, 0xff, 0xff, 0xff, 0xff, 0xff, 0xc9,
    0x95, 0xff, 0xff, 0xff, 0xff, 0xff, 0xff, 0xff,
    0xa0, 0x0, 0x0, 0x60, 0xff, 0xff, 0xff, 0xff,
    0xff, 0xff, 0xff, 0xd1, 0x97, 0xff, 0xff, 0xff,
    0xff, 0xff, 0xff, 0xff, 0xa0, 0x0, 0x0, 0x60,
    0xff, 0xff, 0xff, 0xff, 0xff, 0xff, 0xff, 0xd6,
    0x98, 0xff, 0xff, 0xff, 0xff, 0xff, 0xff, 0xff,
    0xa0, 0x0, 0x0, 0x60, 0xff, 0xff, 0xff, 0xff,
    0xff, 0xff, 0xff, 0xd8, 0x98, 0xff, 0xff, 0xff,
    0xff, 0xff, 0xff, 0xff, 0xa0, 0x0, 0x0, 0x60,
    0xff, 0xff, 0xff, 0xff, 0xff, 0xff, 0xff, 0xd8,
    0x98, 0xff, 0xff, 0xff, 0xff, 0xff, 0xff, 0xff,
    0xa0, 0x0, 0x0, 0x43, 0xb4, 0xb4, 0xb4, 0xb4,
    0xb4, 0xb4, 0xb4, 0x97, 0x98, 0xff, 0xff, 0xff,
    0xff, 0xff, 0xff, 0xff, 0xa0, 0x0, 0x0, 0x0,
    0x0, 0x0, 0x0, 0x0, 0x0, 0x0, 0x0, 0x0,
    0x98, 0xff, 0xff, 0xff, 0xff, 0xff, 0xff, 0xff,
    0xa0, 0x0, 0x0, 0x0, 0x0, 0x0, 0x0, 0x0,
    0x0, 0x0, 0x0, 0x0, 0x98, 0xff, 0xff, 0xff,
    0xff, 0xff, 0xff, 0xff, 0xa0, 0x0, 0x0, 0x0,
    0x0, 0x0, 0x0, 0x0, 0x0, 0x0, 0x0, 0x0,
    0x98, 0xff, 0xff, 0xff, 0xff, 0xff, 0xff, 0xff,
    0xa0, 0x0, 0x0, 0x0, 0x0, 0x0, 0x0, 0x0,
    0x0, 0x0, 0x0, 0x0, 0x98, 0xff, 0xff, 0xff,
    0xff, 0xff, 0xff, 0xff, 0xa0, 0x0, 0x0, 0x4,
    0xc, 0xc, 0xc, 0xc, 0xc, 0xc, 0xc, 0xa,
    0x98, 0xff, 0xff, 0xff, 0xff, 0xff, 0xff, 0xff,
    0xa0, 0x0, 0x0, 0x60, 0xff, 0xff, 0xff, 0xff,
    0xff, 0xff, 0xff, 0xd8, 0x97, 0xff, 0xff, 0xff,
    0xff, 0xff, 0xff, 0xff, 0xa0, 0x0, 0x0, 0x60,
    0xff, 0xff, 0xff, 0xff, 0xff, 0xff, 0xff, 0xd6,
    0x92, 0xff, 0xff, 0xff, 0xff, 0xff, 0xff, 0xff,
    0xa0, 0x0, 0x0, 0x60, 0xff, 0xff, 0xff, 0xff,
    0xff, 0xff, 0xff, 0xd0, 0x8c, 0xff, 0xff, 0xff,
    0xff, 0xff, 0xff, 0xff, 0xa0, 0x0, 0x0, 0x60,
    0xff, 0xff, 0xff, 0xff, 0xff, 0xff, 0xff, 0xca,
    0x7b, 0xff, 0xff, 0xff, 0xff, 0xff, 0xff, 0xff,
    0xa0, 0x0, 0x0, 0x63, 0xff, 0xff, 0xff, 0xff,
    0xff, 0xff, 0xff, 0xbb, 0x66, 0xff, 0xff, 0xff,
    0xff, 0xff, 0xff, 0xff, 0xa6, 0x0, 0x0, 0x6a,
    0xff, 0xff, 0xff, 0xff, 0xff, 0xff, 0xff, 0xa7,
    0x44, 0xff, 0xff, 0xff, 0xff, 0xff, 0xff, 0xff,
    0xba, 0x0, 0x0, 0x7f, 0xff, 0xff, 0xff, 0xff,
    0xff, 0xff, 0xff, 0x86, 0x15, 0xff, 0xff, 0xff,
    0xff, 0xff, 0xff, 0xff, 0xf1, 0x2a, 0x11, 0xd0,
    0xff, 0xff, 0xff, 0xff, 0xff, 0xff, 0xff, 0x55,
    0x0, 0xce, 0xff, 0xff, 0xff, 0xff, 0xff, 0xff,
    0xff, 0xff, 0xfe, 0xff, 0xff, 0xff, 0xff, 0xff,
    0xff, 0xff, 0xf6, 0x12, 0x0, 0x60, 0xff, 0xff,
    0xff, 0xff, 0xff, 0xff, 0xff, 0xff, 0xff, 0xff,
    0xff, 0xff, 0xff, 0xff, 0xff, 0xff, 0x88, 0x0,
    0x0, 0x1, 0xb2, 0xff, 0xff, 0xff, 0xff, 0xff,
    0xff, 0xff, 0xff, 0xff, 0xff, 0xff, 0xff, 0xff,
    0xff, 0xbc, 0x6, 0x0, 0x0, 0x0, 0x7, 0xa3,
    0xff, 0xff, 0xff, 0xff, 0xff, 0xff, 0xff, 0xff,
    0xff, 0xff, 0xff, 0xff, 0x9e, 0x9, 0x0, 0x0,
    0x0, 0x0, 0x0, 0x0, 0x44, 0xb8, 0xfb, 0xff,
    0xff, 0xff, 0xff, 0xff, 0xff, 0xfc, 0xbb, 0x40,
    0x0, 0x0, 0x0, 0x0, 0x0, 0x0, 0x0, 0x0,
    0x0, 0x0, 0xe, 0x42, 0x67, 0x77, 0x7b, 0x6d,
    0x4a, 0x15, 0x0, 0x0, 0x0, 0x0, 0x0, 0x0,

    /* U+0044 "D" */
    0x5c, 0xff, 0xff, 0xff, 0xff, 0xff, 0xff, 0xfd,
    0xfa, 0xf5, 0xeb, 0xdf, 0xca, 0xaf, 0x83, 0x3c,
    0x0, 0x0, 0x0, 0x0, 0x5c, 0xff, 0xff, 0xff,
    0xff, 0xff, 0xff, 0xff, 0xff, 0xff, 0xff, 0xff,
    0xff, 0xff, 0xff, 0xff, 0xcd, 0x2e, 0x0, 0x0,
    0x5c, 0xff, 0xff, 0xff, 0xff, 0xff, 0xff, 0xff,
    0xff, 0xff, 0xff, 0xff, 0xff, 0xff, 0xff, 0xff,
    0xff, 0xf1, 0x28, 0x0, 0x5c, 0xff, 0xff, 0xff,
    0xff, 0xff, 0xff, 0xff, 0xff, 0xff, 0xff, 0xff,
    0xff, 0xff, 0xff, 0xff, 0xff, 0xff, 0xc7, 0x0,
    0x5c, 0xff, 0xff, 0xff, 0xff, 0xff, 0xff, 0xff,
    0xff, 0xff, 0xff, 0xff, 0xff, 0xff, 0xff, 0xff,
    0xff, 0xff, 0xff, 0x2f, 0x5c, 0xff, 0xff, 0xff,
    0xff, 0xff, 0xff, 0xff, 0xef, 0x93, 0xc6, 0xff,
    0xff, 0xff, 0xff, 0xff, 0xff, 0xff, 0xff, 0x71,
    0x5c, 0xff, 0xff, 0xff, 0xff, 0xff, 0xff, 0xff,
    0xdc, 0x0, 0x1, 0xc7, 0xff, 0xff, 0xff, 0xff,
    0xff, 0xff, 0xff, 0x8c, 0x5c, 0xff, 0xff, 0xff,
    0xff, 0xff, 0xff, 0xff, 0xdc, 0x0, 0x0, 0x95,
    0xff, 0xff, 0xff, 0xff, 0xff, 0xff, 0xff, 0x9c,
    0x5c, 0xff, 0xff, 0xff, 0xff, 0xff, 0xff, 0xff,
    0xdc, 0x0, 0x0, 0x8b, 0xff, 0xff, 0xff, 0xff,
    0xff, 0xff, 0xff, 0xa5, 0x5c, 0xff, 0xff, 0xff,
    0xff, 0xff, 0xff, 0xff, 0xdc, 0x0, 0x0, 0x88,
    0xff, 0xff, 0xff, 0xff, 0xff, 0xff, 0xff, 0xab,
    0x5c, 0xff, 0xff, 0xff, 0xff, 0xff, 0xff, 0xff,
    0xdc, 0x0, 0x0, 0x88, 0xff, 0xff, 0xff, 0xff,
    0xff, 0xff, 0xff, 0xad, 0x5c, 0xff, 0xff, 0xff,
    0xff, 0xff, 0xff, 0xff, 0xdc, 0x0, 0x0, 0x88,
    0xff, 0xff, 0xff, 0xff, 0xff, 0xff, 0xff, 0xaf,
    0x5c, 0xff, 0xff, 0xff, 0xff, 0xff, 0xff, 0xff,
    0xdc, 0x0, 0x0, 0x88, 0xff, 0xff, 0xff, 0xff,
    0xff, 0xff, 0xff, 0xb0, 0x5c, 0xff, 0xff, 0xff,
    0xff, 0xff, 0xff, 0xff, 0xdc, 0x0, 0x0, 0x88,
    0xff, 0xff, 0xff, 0xff, 0xff, 0xff, 0xff, 0xb0,
    0x5c, 0xff, 0xff, 0xff, 0xff, 0xff, 0xff, 0xff,
    0xdc, 0x0, 0x0, 0x88, 0xff, 0xff, 0xff, 0xff,
    0xff, 0xff, 0xff, 0xb0, 0x5c, 0xff, 0xff, 0xff,
    0xff, 0xff, 0xff, 0xff, 0xdc, 0x0, 0x0, 0x88,
    0xff, 0xff, 0xff, 0xff, 0xff, 0xff, 0xff, 0xb0,
    0x5c, 0xff, 0xff, 0xff, 0xff, 0xff, 0xff, 0xff,
    0xdc, 0x0, 0x0, 0x88, 0xff, 0xff, 0xff, 0xff,
    0xff, 0xff, 0xff, 0xb0, 0x5c, 0xff, 0xff, 0xff,
    0xff, 0xff, 0xff, 0xff, 0xdc, 0x0, 0x0, 0x88,
    0xff, 0xff, 0xff, 0xff, 0xff, 0xff, 0xff, 0xb0,
    0x5c, 0xff, 0xff, 0xff, 0xff, 0xff, 0xff, 0xff,
    0xdc, 0x0, 0x0, 0x88, 0xff, 0xff, 0xff, 0xff,
    0xff, 0xff, 0xff, 0xb0, 0x5c, 0xff, 0xff, 0xff,
    0xff, 0xff, 0xff, 0xff, 0xdc, 0x0, 0x0, 0x88,
    0xff, 0xff, 0xff, 0xff, 0xff, 0xff, 0xff, 0xb0,
    0x5c, 0xff, 0xff, 0xff, 0xff, 0xff, 0xff, 0xff,
    0xdc, 0x0, 0x0, 0x88, 0xff, 0xff, 0xff, 0xff,
    0xff, 0xff, 0xff, 0xb0, 0x5c, 0xff, 0xff, 0xff,
    0xff, 0xff, 0xff, 0xff, 0xdc, 0x0, 0x0, 0x88,
    0xff, 0xff, 0xff, 0xff, 0xff, 0xff, 0xff, 0xb0,
    0x5c, 0xff, 0xff, 0xff, 0xff, 0xff, 0xff, 0xff,
    0xdc, 0x0, 0x0, 0x8b, 0xff, 0xff, 0xff, 0xff,
    0xff, 0xff, 0xff, 0xaf, 0x5c, 0xff, 0xff, 0xff,
    0xff, 0xff, 0xff, 0xff, 0xdc, 0x0, 0x0, 0x93,
    0xff, 0xff, 0xff, 0xff, 0xff, 0xff, 0xff, 0xac,
    0x5c, 0xff, 0xff, 0xff, 0xff, 0xff, 0xff, 0xff,
    0xdc, 0x0, 0x0, 0xa8, 0xff, 0xff, 0xff, 0xff,
    0xff, 0xff, 0xff, 0xa7, 0x5c, 0xff, 0xff, 0xff,
    0xff, 0xff, 0xff, 0xff, 0xdc, 0x0, 0x4, 0xde,
    0xff, 0xff, 0xff, 0xff, 0xff, 0xff, 0xff, 0x9c,
    0x5c, 0xff, 0xff, 0xff, 0xff, 0xff, 0xff, 0xff,
    0xef, 0x92, 0xd2, 0xff, 0xff, 0xff, 0xff, 0xff,
    0xff, 0xff, 0xff, 0x8b, 0x5c, 0xff, 0xff, 0xff,
    0xff, 0xff, 0xff, 0xff, 0xff, 0xff, 0xff, 0xff,
    0xff, 0xff, 0xff, 0xff, 0xff, 0xff, 0xff, 0x6c,
    0x5c, 0xff, 0xff, 0xff, 0xff, 0xff, 0xff, 0xff,
    0xff, 0xff, 0xff, 0xff, 0xff, 0xff, 0xff, 0xff,
    0xff, 0xff, 0xff, 0x2d, 0x5c, 0xff, 0xff, 0xff,
    0xff, 0xff, 0xff, 0xff, 0xff, 0xff, 0xff, 0xff,
    0xff, 0xff, 0xff, 0xff, 0xff, 0xff, 0xb7, 0x0,
    0x5c, 0xff, 0xff, 0xff, 0xff, 0xff, 0xff, 0xff,
    0xff, 0xff, 0xff, 0xff, 0xff, 0xff, 0xff, 0xff,
    0xff, 0xc3, 0x12, 0x0, 0x5c, 0xff, 0xff, 0xff,
    0xff, 0xff, 0xff, 0xff, 0xff, 0xff, 0xff, 0xfe,
    0xf8, 0xeb, 0xd2, 0xa2, 0x4e, 0x1, 0x0, 0x0,

    /* U+0045 "E" */
    0x5c, 0xff, 0xff, 0xff, 0xff, 0xff, 0xff, 0xff,
    0xff, 0xff, 0xff, 0xff, 0xff, 0xff, 0x5c, 0x5c,
    0xff, 0xff, 0xff, 0xff, 0xff, 0xff, 0xff, 0xff,
    0xff, 0xff, 0xff, 0xff, 0xff, 0x5c, 0x5c, 0xff,
    0xff, 0xff, 0xff, 0xff, 0xff, 0xff, 0xff, 0xff,
    0xff, 0xff, 0xff, 0xff, 0x5c, 0x5c, 0xff, 0xff,
    0xff, 0xff, 0xff, 0xff, 0xff, 0xff, 0xff, 0xff,
    0xff, 0xff, 0xff, 0x5c, 0x5c, 0xff, 0xff, 0xff,
    0xff, 0xff, 0xff, 0xff, 0xff, 0xff, 0xff, 0xff,
    0xff, 0xff, 0x5c, 0x5c, 0xff, 0xff, 0xff, 0xff,
    0xff, 0xff, 0xff, 0xff, 0xff, 0xff, 0xff, 0xff,
    0xff, 0x5c, 0x5c, 0xff, 0xff, 0xff, 0xff, 0xff,
    0xff, 0xff, 0xec, 0x78, 0x78, 0x78, 0x78, 0x78,
    0x2b, 0x5c, 0xff, 0xff, 0xff, 0xff, 0xff, 0xff,
    0xff, 0xdc, 0x0, 0x0, 0x0, 0x0, 0x0, 0x0,
    0x5c, 0xff, 0xff, 0xff, 0xff, 0xff, 0xff, 0xff,
    0xdc, 0x0, 0x0, 0x0, 0x0, 0x0, 0x0, 0x5c,
    0xff, 0xff, 0xff, 0xff, 0xff, 0xff, 0xff, 0xdc,
    0x0, 0x0, 0x0, 0x0, 0x0, 0x0, 0x5c, 0xff,
    0xff, 0xff, 0xff, 0xff, 0xff, 0xff, 0xdc, 0x0,
    0x0, 0x0, 0x0, 0x0, 0x0, 0x5c, 0xff, 0xff,
    0xff, 0xff, 0xff, 0xff, 0xff, 0xdc, 0x0, 0x0,
    0x0, 0x0, 0x0, 0x0, 0x5c, 0xff, 0xff, 0xff,
    0xff, 0xff, 0xff, 0xff, 0xff, 0xff, 0xff, 0xff,
    0xff, 0xff, 0x0, 0x5c, 0xff, 0xff, 0xff, 0xff,
    0xff, 0xff, 0xff, 0xff, 0xff, 0xff, 0xff, 0xff,
    0xff, 0x0, 0x5c, 0xff, 0xff, 0xff, 0xff, 0xff,
    0xff, 0xff, 0xff, 0xff, 0xff, 0xff, 0xff, 0xff,
    0x0, 0x5c, 0xff, 0xff, 0xff, 0xff, 0xff, 0xff,
    0xff, 0xff, 0xff, 0xff, 0xff, 0xff, 0xff, 0x0,
    0x5c, 0xff, 0xff, 0xff, 0xff, 0xff, 0xff, 0xff,
    0xff, 0xff, 0xff, 0xff, 0xff, 0xff, 0x0, 0x5c,
    0xff, 0xff, 0xff, 0xff, 0xff, 0xff, 0xff, 0xff,
    0xff, 0xff, 0xff, 0xff, 0xff, 0x0, 0x5c, 0xff,
    0xff, 0xff, 0xff, 0xff, 0xff, 0xff, 0xe1, 0x28,
    0x28, 0x28, 0x28, 0x28, 0x0, 0x5c, 0xff, 0xff,
    0xff, 0xff, 0xff, 0xff, 0xff, 0xdc, 0x0, 0x0,
    0x0, 0x0, 0x0, 0x0, 0x5c, 0xff, 0xff, 0xff,
    0xff, 0xff, 0xff, 0xff, 0xdc, 0x0, 0x0, 0x0,
    0x0, 0x0, 0x0, 0x5c, 0xff, 0xff, 0xff, 0xff,
    0xff, 0xff, 0xff, 0xdc, 0x0, 0x0, 0x0, 0x0,
    0x0, 0x0, 0x5c, 0xff, 0xff, 0xff, 0xff, 0xff,
    0xff, 0xff, 0xdc, 0x0, 0x0, 0x0, 0x0, 0x0,
    0x0, 0x5c, 0xff, 0xff, 0xff, 0xff, 0xff, 0xff,
    0xff, 0xdc, 0x0, 0x0, 0x0, 0x0, 0x0, 0x0,
    0x5c, 0xff, 0xff, 0xff, 0xff, 0xff, 0xff, 0xff,
    0xdc, 0x0, 0x0, 0x0, 0x0, 0x0, 0x0, 0x5c,
    0xff, 0xff, 0xff, 0xff, 0xff, 0xff, 0xff, 0xec,
    0x78, 0x78, 0x78, 0x78, 0x78, 0x6c, 0x5c, 0xff,
    0xff, 0xff, 0xff, 0xff, 0xff, 0xff, 0xff, 0xff,
    0xff, 0xff, 0xff, 0xff, 0xe8, 0x5c, 0xff, 0xff,
    0xff, 0xff, 0xff, 0xff, 0xff, 0xff, 0xff, 0xff,
    0xff, 0xff, 0xff, 0xe8, 0x5c, 0xff, 0xff, 0xff,
    0xff, 0xff, 0xff, 0xff, 0xff, 0xff, 0xff, 0xff,
    0xff, 0xff, 0xe8, 0x5c, 0xff, 0xff, 0xff, 0xff,
    0xff, 0xff, 0xff, 0xff, 0xff, 0xff, 0xff, 0xff,
    0xff, 0xe8, 0x5c, 0xff, 0xff, 0xff, 0xff, 0xff,
    0xff, 0xff, 0xff, 0xff, 0xff, 0xff, 0xff, 0xff,
    0xe8, 0x5c, 0xff, 0xff, 0xff, 0xff, 0xff, 0xff,
    0xff, 0xff, 0xff, 0xff, 0xff, 0xff, 0xff, 0xe8,

    /* U+0046 "F" */
    0x5c, 0xff, 0xff, 0xff, 0xff, 0xff, 0xff, 0xff,
    0xff, 0xff, 0xff, 0xff, 0xff, 0xff, 0x90, 0x5c,
    0xff, 0xff, 0xff, 0xff, 0xff, 0xff, 0xff, 0xff,
    0xff, 0xff, 0xff, 0xff, 0xff, 0x90, 0x5c, 0xff,
    0xff, 0xff, 0xff, 0xff, 0xff, 0xff, 0xff, 0xff,
    0xff, 0xff, 0xff, 0xff, 0x90, 0x5c, 0xff, 0xff,
    0xff, 0xff, 0xff, 0xff, 0xff, 0xff, 0xff, 0xff,
    0xff, 0xff, 0xff, 0x90, 0x5c, 0xff, 0xff, 0xff,
    0xff, 0xff, 0xff, 0xff, 0xff, 0xff, 0xff, 0xff,
    0xff, 0xff, 0x90, 0x5c, 0xff, 0xff, 0xff, 0xff,
    0xff, 0xff, 0xff, 0xff, 0xff, 0xff, 0xff, 0xff,
    0xff, 0x90, 0x5c, 0xff, 0xff, 0xff, 0xff, 0xff,
    0xff, 0xff, 0xec, 0x78, 0x78, 0x78, 0x78, 0x78,
    0x43, 0x5c, 0xff, 0xff, 0xff, 0xff, 0xff, 0xff,
    0xff, 0xdc, 0x0, 0x0, 0x0, 0x0, 0x0, 0x0,
    0x5c, 0xff, 0xff, 0xff, 0xff, 0xff, 0xff, 0xff,
    0xdc, 0x0, 0x0, 0x0, 0x0, 0x0, 0x0, 0x5c,
    0xff, 0xff, 0xff, 0xff, 0xff, 0xff, 0xff, 0xdc,
    0x0, 0x0, 0x0, 0x0, 0x0, 0x0, 0x5c, 0xff,
    0xff, 0xff, 0xff, 0xff, 0xff, 0xff, 0xdc, 0x0,
    0x0, 0x0, 0x0, 0x0, 0x0, 0x5c, 0xff, 0xff,
    0xff, 0xff, 0xff, 0xff, 0xff, 0xdc, 0x0, 0x0,
    0x0, 0x0, 0x0, 0x0, 0x5c, 0xff, 0xff, 0xff,
    0xff, 0xff, 0xff, 0xff, 0xff, 0xff, 0xff, 0xff,
    0xff, 0xf0, 0x0, 0x5c, 0xff, 0xff, 0xff, 0xff,
    0xff, 0xff, 0xff, 0xff, 0xff, 0xff, 0xff, 0xff,
    0xf0, 0x0, 0x5c, 0xff, 0xff, 0xff, 0xff, 0xff,
    0xff, 0xff, 0xff, 0xff, 0xff, 0xff, 0xff, 0xf0,
    0x0, 0x5c, 0xff, 0xff, 0xff, 0xff, 0xff, 0xff,
    0xff, 0xff, 0xff, 0xff, 0xff, 0xff, 0xf0, 0x0,
    0x5c, 0xff, 0xff, 0xff, 0xff, 0xff, 0xff, 0xff,
    0xff, 0xff, 0xff, 0xff, 0xff, 0xf0, 0x0, 0x5c,
    0xff, 0xff, 0xff, 0xff, 0xff, 0xff, 0xff, 0xff,
    0xff, 0xff, 0xff, 0xff, 0xf0, 0x0, 0x5c, 0xff,
    0xff, 0xff, 0xff, 0xff, 0xff, 0xff, 0xe1, 0x28,
    0x28, 0x28, 0x28, 0x25, 0x0, 0x5c, 0xff, 0xff,
    0xff, 0xff, 0xff, 0xff, 0xff, 0xdc, 0x0, 0x0,
    0x0, 0x0, 0x0, 0x0, 0x5c, 0xff, 0xff, 0xff,
    0xff, 0xff, 0xff, 0xff, 0xdc, 0x0, 0x0, 0x0,
    0x0, 0x0, 0x0, 0x5c, 0xff, 0xff, 0xff, 0xff,
    0xff, 0xff, 0xff, 0xdc, 0x0, 0x0, 0x0, 0x0,
    0x0, 0x0, 0x5c, 0xff, 0xff, 0xff, 0xff, 0xff,
    0xff, 0xff, 0xdc, 0x0, 0x0, 0x0, 0x0, 0x0,
    0x0, 0x5c, 0xff, 0xff, 0xff, 0xff, 0xff, 0xff,
    0xff, 0xdc, 0x0, 0x0, 0x0, 0x0, 0x0, 0x0,
    0x5c, 0xff, 0xff, 0xff, 0xff, 0xff, 0xff, 0xff,
    0xdc, 0x0, 0x0, 0x0, 0x0, 0x0, 0x0, 0x5c,
    0xff, 0xff, 0xff, 0xff, 0xff, 0xff, 0xff, 0xdc,
    0x0, 0x0, 0x0, 0x0, 0x0, 0x0, 0x5c, 0xff,
    0xff, 0xff, 0xff, 0xff, 0xff, 0xff, 0xdc, 0x0,
    0x0, 0x0, 0x0, 0x0, 0x0, 0x5c, 0xff, 0xff,
    0xff, 0xff, 0xff, 0xff, 0xff, 0xdc, 0x0, 0x0,
    0x0, 0x0, 0x0, 0x0, 0x5c, 0xff, 0xff, 0xff,
    0xff, 0xff, 0xff, 0xff, 0xdc, 0x0, 0x0, 0x0,
    0x0, 0x0, 0x0, 0x5c, 0xff, 0xff, 0xff, 0xff,
    0xff, 0xff, 0xff, 0xdc, 0x0, 0x0, 0x0, 0x0,
    0x0, 0x0, 0x5c, 0xff, 0xff, 0xff, 0xff, 0xff,
    0xff, 0xff, 0xdc, 0x0, 0x0, 0x0, 0x0, 0x0,
    0x0, 0x5c, 0xff, 0xff, 0xff, 0xff, 0xff, 0xff,
    0xff, 0xdc, 0x0, 0x0, 0x0, 0x0, 0x0, 0x0,

    /* U+0047 "G" */
    0x0, 0x0, 0x0, 0x0, 0x0, 0x3a, 0x94, 0xcc,
    0xed, 0xfb, 0xf4, 0xe1, 0xb7, 0x77, 0x1f, 0x0,
    0x0, 0x0, 0x0, 0x0, 0x0, 0x0, 0x0, 0x23,
    0xbd, 0xff, 0xff, 0xff, 0xff, 0xff, 0xff, 0xff,
    0xff, 0xff, 0xfb, 0x9b, 0x10, 0x0, 0x0, 0x0,
    0x0, 0x0, 0x3a, 0xed, 0xff, 0xff, 0xff, 0xff,
    0xff, 0xff, 0xff, 0xff, 0xff, 0xff, 0xff, 0xff,
    0xe0, 0x25, 0x0, 0x0, 0x0, 0x23, 0xee, 0xff,
    0xff, 0xff, 0xff, 0xff, 0xff, 0xff, 0xff, 0xff,
    0xff, 0xff, 0xff, 0xff, 0xff, 0xe1, 0x12, 0x0,
    0x0, 0xb1, 0xff, 0xff, 0xff, 0xff, 0xff, 0xff,
    0xff, 0xff, 0xff, 0xff, 0xff, 0xff, 0xff, 0xff,
    0xff, 0xff, 0x8e, 0x0, 0x15, 0xfd, 0xff, 0xff,
    0xff, 0xff, 0xff, 0xff, 0xff, 0x9b, 0xa9, 0xff,
    0xff, 0xff, 0xff, 0xff, 0xff, 0xff, 0xec, 0x2,
    0x46, 0xff, 0xff, 0xff, 0xff, 0xff, 0xff, 0xff,
    0xca, 0x0, 0x0, 0xe2, 0xff, 0xff, 0xff, 0xff,
    0xff, 0xff, 0xff, 0x2b, 0x66, 0xff, 0xff, 0xff,
    0xff, 0xff, 0xff, 0xff, 0xab, 0x0, 0x0, 0xc5,
    0xff, 0xff, 0xff, 0xff, 0xff, 0xff, 0xff, 0x53,
    0x7b, 0xff, 0xff, 0xff, 0xff, 0xff, 0xff, 0xff,
    0xa2, 0x0, 0x0, 0xbb, 0xff, 0xff, 0xff, 0xff,
    0xff, 0xff, 0xff, 0x6c, 0x89, 0xff, 0xff, 0xff,
    0xff, 0xff, 0xff, 0xff, 0xa0, 0x0, 0x0, 0xb8,
    0xff, 0xff, 0xff, 0xff, 0xff, 0xff, 0xff, 0x7a,
    0x92, 0xff, 0xff, 0xff, 0xff, 0xff, 0xff, 0xff,
    0xa0, 0x0, 0x0, 0xb8, 0xff, 0xff, 0xff, 0xff,
    0xff, 0xff, 0xff, 0x81, 0x96, 0xff, 0xff, 0xff,
    0xff, 0xff, 0xff, 0xff, 0xa0, 0x0, 0x0, 0xb8,
    0xff, 0xff, 0xff, 0xff, 0xff, 0xff, 0xff, 0x84,
    0x98, 0xff, 0xff, 0xff, 0xff, 0xff, 0xff, 0xff,
    0xa0, 0x0, 0x0, 0x22, 0x30, 0x30, 0x30, 0x30,
    0x30, 0x30, 0x30, 0x18, 0x98, 0xff, 0xff, 0xff,
    0xff, 0xff, 0xff, 0xff, 0xa0, 0x0, 0x0, 0x0,
    0x0, 0x0, 0x0, 0x0, 0x0, 0x0, 0x0, 0x0,
    0x98, 0xff, 0xff, 0xff, 0xff, 0xff, 0xff, 0xff,
    0xa0, 0x0, 0x0, 0x0, 0x0, 0x0, 0x0, 0x0,
    0x0, 0x0, 0x0, 0x0, 0x98, 0xff, 0xff, 0xff,
    0xff, 0xff, 0xff, 0xff, 0xa0, 0x1d, 0xe8, 0xe8,
    0xe8, 0xe8, 0xe8, 0xe8, 0xe8, 0xe8, 0xe8, 0x77,
    0x98, 0xff, 0xff, 0xff, 0xff, 0xff, 0xff, 0xff,
    0xa0, 0x20, 0xff, 0xff, 0xff, 0xff, 0xff, 0xff,
    0xff, 0xff, 0xff, 0x84, 0x98, 0xff, 0xff, 0xff,
    0xff, 0xff, 0xff, 0xff, 0xa0, 0x20, 0xff, 0xff,
    0xff, 0xff, 0xff, 0xff, 0xff, 0xff, 0xff, 0x84,
    0x98, 0xff, 0xff, 0xff, 0xff, 0xff, 0xff, 0xff,
    0xa0, 0x20, 0xff, 0xff, 0xff, 0xff, 0xff, 0xff,
    0xff, 0xff, 0xff, 0x84, 0x98, 0xff, 0xff, 0xff,
    0xff, 0xff, 0xff, 0xff, 0xa0, 0x20, 0xff, 0xff,
    0xff, 0xff, 0xff, 0xff, 0xff, 0xff, 0xff, 0x84,
    0x98, 0xff, 0xff, 0xff, 0xff, 0xff, 0xff, 0xff,
    0xa0, 0x0, 0x0, 0x74, 0xff, 0xff, 0xff, 0xff,
    0xff, 0xff, 0xff, 0x84, 0x98, 0xff, 0xff, 0xff,
    0xff, 0xff, 0xff, 0xff, 0xa0, 0x0, 0x0, 0x74,
    0xff, 0xff, 0xff, 0xff, 0xff, 0xff, 0xff, 0x84,
    0x97, 0xff, 0xff, 0xff, 0xff, 0xff, 0xff, 0xff,
    0xa0, 0x0, 0x0, 0x74, 0xff, 0xff, 0xff, 0xff,
    0xff, 0xff, 0xff, 0x84, 0x93, 0xff, 0xff, 0xff,
    0xff, 0xff, 0xff, 0xff, 0xa0, 0x0, 0x0, 0x74,
    0xff, 0xff, 0xff, 0xff, 0xff, 0xff, 0xff, 0x84,
    0x8a, 0xff, 0xff, 0xff, 0xff, 0xff, 0xff, 0xff,
    0xa0, 0x0, 0x0, 0x76, 0xff, 0xff, 0xff, 0xff,
    0xff, 0xff, 0xff, 0x84, 0x7c, 0xff, 0xff, 0xff,
    0xff, 0xff, 0xff, 0xff, 0xa5, 0x0, 0x0, 0x80,
    0xff, 0xff, 0xff, 0xff, 0xff, 0xff, 0xff, 0x84,
    0x63, 0xff, 0xff, 0xff, 0xff, 0xff, 0xff, 0xff,
    0xb8, 0x0, 0x0, 0x9d, 0xff, 0xff, 0xff, 0xff,
    0xff, 0xff, 0xff, 0x84, 0x2e, 0xff, 0xff, 0xff,
    0xff, 0xff, 0xff, 0xff, 0xef, 0x23, 0x23, 0xea,
    0xff, 0xff, 0xff, 0xff, 0xff, 0xff, 0xff, 0x84,
    0x1, 0xe0, 0xff, 0xff, 0xff, 0xff, 0xff, 0xff,
    0xff, 0xff, 0xff, 0xff, 0xff, 0xff, 0xff, 0xff,
    0xff, 0xff, 0xff, 0x84, 0x0, 0x68, 0xff, 0xff,
    0xff, 0xff, 0xff, 0xff, 0xff, 0xff, 0xff, 0xff,
    0xff, 0xff, 0xff, 0xff, 0xff, 0xff, 0xff, 0x84,
    0x0, 0x3, 0xb8, 0xff, 0xff, 0xff, 0xff, 0xff,
    0xff, 0xff, 0xff, 0xff, 0xff, 0xe9, 0xff, 0xff,
    0xff, 0xff, 0xff, 0x84, 0x0, 0x0, 0xf, 0xb9,
    0xff, 0xff, 0xff, 0xff, 0xff, 0xff, 0xff, 0xff,
    0xd8, 0x30, 0xff, 0xff, 0xff, 0xff, 0xff, 0x84,
    0x0, 0x0, 0x0, 0x1, 0x6d, 0xe8, 0xff, 0xff,
    0xff, 0xff, 0xff, 0xb4, 0x14, 0x0, 0xd4, 0xff,
    0xff, 0xff, 0xff, 0x84, 0x0, 0x0, 0x0, 0x0,
    0x0, 0x4, 0x3f, 0x6e, 0x7a, 0x62, 0x26, 0x0,
    0x0, 0x0, 0x0, 0x0, 0x0, 0x0, 0x0, 0x0,

    /* U+0048 "H" */
    0x5c, 0xff, 0xff, 0xff, 0xff, 0xff, 0xff, 0xff,
    0xdc, 0x0, 0x0, 0xac, 0xff, 0xff, 0xff, 0xff,
    0xff, 0xff, 0xff, 0x8c, 0x5c, 0xff, 0xff, 0xff,
    0xff, 0xff, 0xff, 0xff, 0xdc, 0x0, 0x0, 0xac,
    0xff, 0xff, 0xff, 0xff, 0xff, 0xff, 0xff, 0x8c,
    0x5c, 0xff, 0xff, 0xff, 0xff, 0xff, 0xff, 0xff,
    0xdc, 0x0, 0x0, 0xac, 0xff, 0xff, 0xff, 0xff,
    0xff, 0xff, 0xff, 0x8c, 0x5c, 0xff, 0xff, 0xff,
    0xff, 0xff, 0xff, 0xff, 0xdc, 0x0, 0x0, 0xac,
    0xff, 0xff, 0xff, 0xff, 0xff, 0xff, 0xff, 0x8c,
    0x5c, 0xff, 0xff, 0xff, 0xff, 0xff, 0xff, 0xff,
    0xdc, 0x0, 0x0, 0xac, 0xff, 0xff, 0xff, 0xff,
    0xff, 0xff, 0xff, 0x8c, 0x5c, 0xff, 0xff, 0xff,
    0xff, 0xff, 0xff, 0xff, 0xdc, 0x0, 0x0, 0xac,
    0xff, 0xff, 0xff, 0xff, 0xff, 0xff, 0xff, 0x8c,
    0x5c, 0xff, 0xff, 0xff, 0xff, 0xff, 0xff, 0xff,
    0xdc, 0x0, 0x0, 0xac, 0xff, 0xff, 0xff, 0xff,
    0xff, 0xff, 0xff, 0x8c, 0x5c, 0xff, 0xff, 0xff,
    0xff, 0xff, 0xff, 0xff, 0xdc, 0x0, 0x0, 0xac,
    0xff, 0xff, 0xff, 0xff, 0xff, 0xff, 0xff, 0x8c,
    0x5c, 0xff, 0xff, 0xff, 0xff, 0xff, 0xff, 0xff,
    0xdc, 0x0, 0x0, 0xac, 0xff, 0xff, 0xff, 0xff,
    0xff, 0xff, 0xff, 0x8c, 0x5c, 0xff, 0xff, 0xff,
    0xff, 0xff, 0xff, 0xff, 0xdc, 0x0, 0x0, 0xac,
    0xff, 0xff, 0xff, 0xff, 0xff, 0xff, 0xff, 0x8c,
    0x5c, 0xff, 0xff, 0xff, 0xff, 0xff, 0xff, 0xff,
    0xdc, 0x0, 0x0, 0xac, 0xff, 0xff, 0xff, 0xff,
    0xff, 0xff, 0xff, 0x8c, 0x5c, 0xff, 0xff, 0xff,
    0xff, 0xff, 0xff, 0xff, 0xff, 0xff, 0xff, 0xff,
    0xff, 0xff, 0xff, 0xff, 0xff, 0xff, 0xff, 0x8c,
    0x5c, 0xff, 0xff, 0xff, 0xff, 0xff, 0xff, 0xff,
    0xff, 0xff, 0xff, 0xff, 0xff, 0xff, 0xff, 0xff,
    0xff, 0xff, 0xff, 0x8c, 0x5c, 0xff, 0xff, 0xff,
    0xff, 0xff, 0xff, 0xff, 0xff, 0xff, 0xff, 0xff,
    0xff, 0xff, 0xff, 0xff, 0xff, 0xff, 0xff, 0x8c,
    0x5c, 0xff, 0xff, 0xff, 0xff, 0xff, 0xff, 0xff,
    0xff, 0xff, 0xff, 0xff, 0xff, 0xff, 0xff, 0xff,
    0xff, 0xff, 0xff, 0x8c, 0x5c, 0xff, 0xff, 0xff,
    0xff, 0xff, 0xff, 0xff, 0xff, 0xff, 0xff, 0xff,
    0xff, 0xff, 0xff, 0xff, 0xff, 0xff, 0xff, 0x8c,
    0x5c, 0xff, 0xff, 0xff, 0xff, 0xff, 0xff, 0xff,
    0xff, 0xff, 0xff, 0xff, 0xff, 0xff, 0xff, 0xff,
    0xff, 0xff, 0xff, 0x8c, 0x5c, 0xff, 0xff, 0xff,
    0xff, 0xff, 0xff, 0xff, 0xff, 0xff, 0xff, 0xff,
    0xff, 0xff, 0xff, 0xff, 0xff, 0xff, 0xff, 0x8c,
    0x5c, 0xff, 0xff, 0xff, 0xff, 0xff, 0xff, 0xff,
    0xe2, 0x30, 0x30, 0xbb, 0xff, 0xff, 0xff, 0xff,
    0xff, 0xff, 0xff, 0x8c, 0x5c, 0xff, 0xff, 0xff,
    0xff, 0xff, 0xff, 0xff, 0xdc, 0x0, 0x0, 0xac,
    0xff, 0xff, 0xff, 0xff, 0xff, 0xff, 0xff, 0x8c,
    0x5c, 0xff, 0xff, 0xff, 0xff, 0xff, 0xff, 0xff,
    0xdc, 0x0, 0x0, 0xac, 0xff, 0xff, 0xff, 0xff,
    0xff, 0xff, 0xff, 0x8c, 0x5c, 0xff, 0xff, 0xff,
    0xff, 0xff, 0xff, 0xff, 0xdc, 0x0, 0x0, 0xac,
    0xff, 0xff, 0xff, 0xff, 0xff, 0xff, 0xff, 0x8c,
    0x5c, 0xff, 0xff, 0xff, 0xff, 0xff, 0xff, 0xff,
    0xdc, 0x0, 0x0, 0xac, 0xff, 0xff, 0xff, 0xff,
    0xff, 0xff, 0xff, 0x8c, 0x5c, 0xff, 0xff, 0xff,
    0xff, 0xff, 0xff, 0xff, 0xdc, 0x0, 0x0, 0xac,
    0xff, 0xff, 0xff, 0xff, 0xff, 0xff, 0xff, 0x8c,
    0x5c, 0xff, 0xff, 0xff, 0xff, 0xff, 0xff, 0xff,
    0xdc, 0x0, 0x0, 0xac, 0xff, 0xff, 0xff, 0xff,
    0xff, 0xff, 0xff, 0x8c, 0x5c, 0xff, 0xff, 0xff,
    0xff, 0xff, 0xff, 0xff, 0xdc, 0x0, 0x0, 0xac,
    0xff, 0xff, 0xff, 0xff, 0xff, 0xff, 0xff, 0x8c,
    0x5c, 0xff, 0xff, 0xff, 0xff, 0xff, 0xff, 0xff,
    0xdc, 0x0, 0x0, 0xac, 0xff, 0xff, 0xff, 0xff,
    0xff, 0xff, 0xff, 0x8c, 0x5c, 0xff, 0xff, 0xff,
    0xff, 0xff, 0xff, 0xff, 0xdc, 0x0, 0x0, 0xac,
    0xff, 0xff, 0xff, 0xff, 0xff, 0xff, 0xff, 0x8c,
    0x5c, 0xff, 0xff, 0xff, 0xff, 0xff, 0xff, 0xff,
    0xdc, 0x0, 0x0, 0xac, 0xff, 0xff, 0xff, 0xff,
    0xff, 0xff, 0xff, 0x8c, 0x5c, 0xff, 0xff, 0xff,
    0xff, 0xff, 0xff, 0xff, 0xdc, 0x0, 0x0, 0xac,
    0xff, 0xff, 0xff, 0xff, 0xff, 0xff, 0xff, 0x8c,
    0x5c, 0xff, 0xff, 0xff, 0xff, 0xff, 0xff, 0xff,
    0xdc, 0x0, 0x0, 0xac, 0xff, 0xff, 0xff, 0xff,
    0xff, 0xff, 0xff, 0x8c, 0x5c, 0xff, 0xff, 0xff,
    0xff, 0xff, 0xff, 0xff, 0xdc, 0x0, 0x0, 0xac,
    0xff, 0xff, 0xff, 0xff, 0xff, 0xff, 0xff, 0x8c,

    /* U+0049 "I" */
    0x5c, 0xff, 0xff, 0xff, 0xff, 0xff, 0xff, 0xff,
    0xdc, 0x5c, 0xff, 0xff, 0xff, 0xff, 0xff, 0xff,
    0xff, 0xdc, 0x5c, 0xff, 0xff, 0xff, 0xff, 0xff,
    0xff, 0xff, 0xdc, 0x5c, 0xff, 0xff, 0xff, 0xff,
    0xff, 0xff, 0xff, 0xdc, 0x5c, 0xff, 0xff, 0xff,
    0xff, 0xff, 0xff, 0xff, 0xdc, 0x5c, 0xff, 0xff,
    0xff, 0xff, 0xff, 0xff, 0xff, 0xdc, 0x5c, 0xff,
    0xff, 0xff, 0xff, 0xff, 0xff, 0xff, 0xdc, 0x5c,
    0xff, 0xff, 0xff, 0xff, 0xff, 0xff, 0xff, 0xdc,
    0x5c, 0xff, 0xff, 0xff, 0xff, 0xff, 0xff, 0xff,
    0xdc, 0x5c, 0xff, 0xff, 0xff, 0xff, 0xff, 0xff,
    0xff, 0xdc, 0x5c, 0xff, 0xff, 0xff, 0xff, 0xff,
    0xff, 0xff, 0xdc, 0x5c, 0xff, 0xff, 0xff, 0xff,
    0xff, 0xff, 0xff, 0xdc, 0x5c, 0xff, 0xff, 0xff,
    0xff, 0xff, 0xff, 0xff, 0xdc, 0x5c, 0xff, 0xff,
    0xff, 0xff, 0xff, 0xff, 0xff, 0xdc, 0x5c, 0xff,
    0xff, 0xff, 0xff, 0xff, 0xff, 0xff, 0xdc, 0x5c,
    0xff, 0xff, 0xff, 0xff, 0xff, 0xff, 0xff, 0xdc,
    0x5c, 0xff, 0xff, 0xff, 0xff, 0xff, 0xff, 0xff,
    0xdc, 0x5c, 0xff, 0xff, 0xff, 0xff, 0xff, 0xff,
    0xff, 0xdc, 0x5c, 0xff, 0xff, 0xff, 0xff, 0xff,
    0xff, 0xff, 0xdc, 0x5c, 0xff, 0xff, 0xff, 0xff,
    0xff, 0xff, 0xff, 0xdc, 0x5c, 0xff, 0xff, 0xff,
    0xff, 0xff, 0xff, 0xff, 0xdc, 0x5c, 0xff, 0xff,
    0xff, 0xff, 0xff, 0xff, 0xff, 0xdc, 0x5c, 0xff,
    0xff, 0xff, 0xff, 0xff, 0xff, 0xff, 0xdc, 0x5c,
    0xff, 0xff, 0xff, 0xff, 0xff, 0xff, 0xff, 0xdc,
    0x5c, 0xff, 0xff, 0xff, 0xff, 0xff, 0xff, 0xff,
    0xdc, 0x5c, 0xff, 0xff, 0xff, 0xff, 0xff, 0xff,
    0xff, 0xdc, 0x5c, 0xff, 0xff, 0xff, 0xff, 0xff,
    0xff, 0xff, 0xdc, 0x5c, 0xff, 0xff, 0xff, 0xff,
    0xff, 0xff, 0xff, 0xdc, 0x5c, 0xff, 0xff, 0xff,
    0xff, 0xff, 0xff, 0xff, 0xdc, 0x5c, 0xff, 0xff,
    0xff, 0xff, 0xff, 0xff, 0xff, 0xdc, 0x5c, 0xff,
    0xff, 0xff, 0xff, 0xff, 0xff, 0xff, 0xdc, 0x5c,
    0xff, 0xff, 0xff, 0xff, 0xff, 0xff, 0xff, 0xdc,

    /* U+004A "J" */
    0x0, 0x0, 0x0, 0x84, 0xff, 0xff, 0xff, 0xff,
    0xff, 0xff, 0xff, 0xb4, 0x0, 0x0, 0x0, 0x84,
    0xff, 0xff, 0xff, 0xff, 0xff, 0xff, 0xff, 0xb4,
    0x0, 0x0, 0x0, 0x84, 0xff, 0xff, 0xff, 0xff,
    0xff, 0xff, 0xff, 0xb4, 0x0, 0x0, 0x0, 0x84,
    0xff, 0xff, 0xff, 0xff, 0xff, 0xff, 0xff, 0xb4,
    0x0, 0x0, 0x0, 0x84, 0xff, 0xff, 0xff, 0xff,
    0xff, 0xff, 0xff, 0xb4, 0x0, 0x0, 0x0, 0x84,
    0xff, 0xff, 0xff, 0xff, 0xff, 0xff, 0xff, 0xb4,
    0x0, 0x0, 0x0, 0x84, 0xff, 0xff, 0xff, 0xff,
    0xff, 0xff, 0xff, 0xb4, 0x0, 0x0, 0x0, 0x84,
    0xff, 0xff, 0xff, 0xff, 0xff, 0xff, 0xff, 0xb4,
    0x0, 0x0, 0x0, 0x84, 0xff, 0xff, 0xff, 0xff,
    0xff, 0xff, 0xff, 0xb4, 0x0, 0x0, 0x0, 0x84,
    0xff, 0xff, 0xff, 0xff, 0xff, 0xff, 0xff, 0xb4,
    0x0, 0x0, 0x0, 0x84, 0xff, 0xff, 0xff, 0xff,
    0xff, 0xff, 0xff, 0xb4, 0x0, 0x0, 0x0, 0x84,
    0xff, 0xff, 0xff, 0xff, 0xff, 0xff, 0xff, 0xb4,
    0x0, 0x0, 0x0, 0x84, 0xff, 0xff, 0xff, 0xff,
    0xff, 0xff, 0xff, 0xb4, 0x0, 0x0, 0x0, 0x84,
    0xff, 0xff, 0xff, 0xff, 0xff, 0xff, 0xff, 0xb4,
    0x0, 0x0, 0x0, 0x84, 0xff, 0xff, 0xff, 0xff,
    0xff, 0xff, 0xff, 0xb4, 0x0, 0x0, 0x0, 0x84,
    0xff, 0xff, 0xff, 0xff, 0xff, 0xff, 0xff, 0xb4,
    0x0, 0x0, 0x0, 0x84, 0xff, 0xff, 0xff, 0xff,
    0xff, 0xff, 0xff, 0xb4, 0x0, 0x0, 0x0, 0x84,
    0xff, 0xff, 0xff, 0xff, 0xff, 0xff, 0xff, 0xb4,
    0x0, 0x0, 0x0, 0x84, 0xff, 0xff, 0xff, 0xff,
    0xff, 0xff, 0xff, 0xb4, 0x0, 0x0, 0x0, 0x84,
    0xff, 0xff, 0xff, 0xff, 0xff, 0xff, 0xff, 0xb4,
    0x0, 0x0, 0x0, 0x84, 0xff, 0xff, 0xff, 0xff,
    0xff, 0xff, 0xff, 0xb4, 0x0, 0x0, 0x0, 0x84,
    0xff, 0xff, 0xff, 0xff, 0xff, 0xff, 0xff, 0xb3,
    0x0, 0x0, 0x0, 0x84, 0xff, 0xff, 0xff, 0xff,
    0xff, 0xff, 0xff, 0xb2, 0x0, 0x0, 0x0, 0x87,
    0xff, 0xff, 0xff, 0xff, 0xff, 0xff, 0xff, 0xb1,
    0x0, 0x0, 0x0, 0x90, 0xff, 0xff, 0xff, 0xff,
    0xff, 0xff, 0xff, 0xae, 0x0, 0x0, 0x6, 0xd2,
    0xff, 0xff, 0xff, 0xff, 0xff, 0xff, 0xff, 0xab,
    0x67, 0x9e, 0xd8, 0xff, 0xff, 0xff, 0xff, 0xff,
    0xff, 0xff, 0xff, 0xa4, 0xa4, 0xff, 0xff, 0xff,
    0xff, 0xff, 0xff, 0xff, 0xff, 0xff, 0xff, 0x94,
    0xa4, 0xff, 0xff, 0xff, 0xff, 0xff, 0xff, 0xff,
    0xff, 0xff, 0xff, 0x65, 0xa4, 0xff, 0xff, 0xff,
    0xff, 0xff, 0xff, 0xff, 0xff, 0xff, 0xee, 0xf,
    0xa4, 0xff, 0xff, 0xff, 0xff, 0xff, 0xff, 0xff,
    0xff, 0xf8, 0x48, 0x0, 0xa4, 0xff, 0xff, 0xff,
    0xff, 0xfb, 0xec, 0xce, 0x92, 0x22, 0x0, 0x0,

    /* U+004B "K" */
    0x5c, 0xff, 0xff, 0xff, 0xff, 0xff, 0xff, 0xff,
    0xdc, 0x0, 0x0, 0x0, 0xa2, 0xff, 0xff, 0xff,
    0xff, 0xff, 0xff, 0xfc, 0x15, 0x5c, 0xff, 0xff,
    0xff, 0xff, 0xff, 0xff, 0xff, 0xdc, 0x0, 0x0,
    0x2, 0xea, 0xff, 0xff, 0xff, 0xff, 0xff, 0xff,
    0xbe, 0x0, 0x5c, 0xff, 0xff, 0xff, 0xff, 0xff,
    0xff, 0xff, 0xdc, 0x0, 0x0, 0x38, 0xff, 0xff,
    0xff, 0xff, 0xff, 0xff, 0xff, 0x6b, 0x0, 0x5c,
    0xff, 0xff, 0xff, 0xff, 0xff, 0xff, 0xff, 0xdc,
    0x0, 0x0, 0x84, 0xff, 0xff, 0xff, 0xff, 0xff,
    0xff, 0xfe, 0x1a, 0x0, 0x5c, 0xff, 0xff, 0xff,
    0xff, 0xff, 0xff, 0xff, 0xdc, 0x0, 0x0, 0xcf,
    0xff, 0xff, 0xff, 0xff, 0xff, 0xff, 0xc4, 0x0,
    0x0, 0x5c, 0xff, 0xff, 0xff, 0xff, 0xff, 0xff,
    0xff, 0xdc, 0x0, 0x1b, 0xff, 0xff, 0xff, 0xff,
    0xff, 0xff, 0xff, 0x71, 0x0, 0x0, 0x5c, 0xff,
    0xff, 0xff, 0xff, 0xff, 0xff, 0xff, 0xdc, 0x0,
    0x65, 0xff, 0xff, 0xff, 0xff, 0xff, 0xff, 0xff,
    0x1f, 0x0, 0x0, 0x5c, 0xff, 0xff, 0xff, 0xff,
    0xff, 0xff, 0xff, 0xdc, 0x0, 0xb1, 0xff, 0xff,
    0xff, 0xff, 0xff, 0xff, 0xca, 0x0, 0x0, 0x0,
    0x5c, 0xff, 0xff, 0xff, 0xff, 0xff, 0xff, 0xff,
    0xdc, 0x7, 0xf4, 0xff, 0xff, 0xff, 0xff, 0xff,
    0xff, 0x77, 0x0, 0x0, 0x0, 0x5c, 0xff, 0xff,
    0xff, 0xff, 0xff, 0xff, 0xff, 0xdc, 0x47, 0xff,
    0xff, 0xff, 0xff, 0xff, 0xff, 0xff, 0x24, 0x0,
    0x0, 0x0, 0x5c, 0xff, 0xff, 0xff, 0xff, 0xff,
    0xff, 0xff, 0xdc, 0x92, 0xff, 0xff, 0xff, 0xff,
    0xff, 0xff, 0xd0, 0x0, 0x0, 0x0, 0x0, 0x5c,
    0xff, 0xff, 0xff, 0xff, 0xff, 0xff, 0xff, 0xdc,
    0xdd, 0xff, 0xff, 0xff, 0xff, 0xff, 0xff, 0x7d,
    0x0, 0x0, 0x0, 0x0, 0x5c, 0xff, 0xff, 0xff,
    0xff, 0xff, 0xff, 0xff, 0xf9, 0xff, 0xff, 0xff,
    0xff, 0xff, 0xff, 0xff, 0x2a, 0x0, 0x0, 0x0,
    0x0, 0x5c, 0xff, 0xff, 0xff, 0xff, 0xff, 0xff,
    0xff, 0xff, 0xff, 0xff, 0xff, 0xff, 0xff, 0xff,
    0xd7, 0x0, 0x0, 0x0, 0x0, 0x0, 0x5c, 0xff,
    0xff, 0xff, 0xff, 0xff, 0xff, 0xff, 0xff, 0xff,
    0xff, 0xff, 0xff, 0xff, 0xff, 0x9b, 0x0, 0x0,
    0x0, 0x0, 0x0, 0x5c, 0xff, 0xff, 0xff, 0xff,
    0xff, 0xff, 0xff, 0xff, 0xff, 0xff, 0xff, 0xff,
    0xff, 0xff, 0xd6, 0x0, 0x0, 0x0, 0x0, 0x0,
    0x5c, 0xff, 0xff, 0xff, 0xff, 0xff, 0xff, 0xff,
    0xff, 0xff, 0xff, 0xff, 0xff, 0xff, 0xff, 0xff,
    0x21, 0x0, 0x0, 0x0, 0x0, 0x5c, 0xff, 0xff,
    0xff, 0xff, 0xff, 0xff, 0xff, 0xff, 0xff, 0xff,
    0xff, 0xff, 0xff, 0xff, 0xff, 0x6c, 0x0, 0x0,
    0x0, 0x0, 0x5c, 0xff, 0xff, 0xff, 0xff, 0xff,
    0xff, 0xff, 0xf0, 0xff, 0xff, 0xff, 0xff, 0xff,
    0xff, 0xff, 0xb8, 0x0, 0x0, 0x0, 0x0, 0x5c,
    0xff, 0xff, 0xff, 0xff, 0xff, 0xff, 0xff, 0xdc,
    0xd9, 0xff, 0xff, 0xff, 0xff, 0xff, 0xff, 0xf8,
    0xb, 0x0, 0x0, 0x0, 0x5c, 0xff, 0xff, 0xff,
    0xff, 0xff, 0xff, 0xff, 0xdc, 0x9b, 0xff, 0xff,
    0xff, 0xff, 0xff, 0xff, 0xff, 0x4e, 0x0, 0x0,
    0x0, 0x5c, 0xff, 0xff, 0xff, 0xff, 0xff, 0xff,
    0xff, 0xdc, 0x5d, 0xff, 0xff, 0xff, 0xff, 0xff,
    0xff, 0xff, 0x99, 0x0, 0x0, 0x0, 0x5c, 0xff,
    0xff, 0xff, 0xff, 0xff, 0xff, 0xff, 0xdc, 0x1e,
    0xff, 0xff, 0xff, 0xff, 0xff, 0xff, 0xff, 0xe4,
    0x0, 0x0, 0x0, 0x5c, 0xff, 0xff, 0xff, 0xff,
    0xff, 0xff, 0xff, 0xdc, 0x0, 0xe0, 0xff, 0xff,
    0xff, 0xff, 0xff, 0xff, 0xff, 0x30, 0x0, 0x0,
    0x5c, 0xff, 0xff, 0xff, 0xff, 0xff, 0xff, 0xff,
    0xdc, 0x0, 0xa2, 0xff, 0xff, 0xff, 0xff, 0xff,
    0xff, 0xff, 0x7b, 0x0, 0x0, 0x5c, 0xff, 0xff,
    0xff, 0xff, 0xff, 0xff, 0xff, 0xdc, 0x0, 0x64,
    0xff, 0xff, 0xff, 0xff, 0xff, 0xff, 0xff, 0xc6,
    0x0, 0x0, 0x5c, 0xff, 0xff, 0xff, 0xff, 0xff,
    0xff, 0xff, 0xdc, 0x0, 0x26, 0xff, 0xff, 0xff,
    0xff, 0xff, 0xff, 0xff, 0xfd, 0x14, 0x0, 0x5c,
    0xff, 0xff, 0xff, 0xff, 0xff, 0xff, 0xff, 0xdc,
    0x0, 0x0, 0xe7, 0xff, 0xff, 0xff, 0xff, 0xff,
    0xff, 0xff, 0x5d, 0x0, 0x5c, 0xff, 0xff, 0xff,
    0xff, 0xff, 0xff, 0xff, 0xdc, 0x0, 0x0, 0xaa,
    0xff, 0xff, 0xff, 0xff, 0xff, 0xff, 0xff, 0xa8,
    0x0, 0x5c, 0xff, 0xff, 0xff, 0xff, 0xff, 0xff,
    0xff, 0xdc, 0x0, 0x0, 0x6c, 0xff, 0xff, 0xff,
    0xff, 0xff, 0xff, 0xff, 0xef, 0x4, 0x5c, 0xff,
    0xff, 0xff, 0xff, 0xff, 0xff, 0xff, 0xdc, 0x0,
    0x0, 0x2e, 0xff, 0xff, 0xff, 0xff, 0xff, 0xff,
    0xff, 0xff, 0x3e, 0x5c, 0xff, 0xff, 0xff, 0xff,
    0xff, 0xff, 0xff, 0xdc, 0x0, 0x0, 0x1, 0xed,
    0xff, 0xff, 0xff, 0xff, 0xff, 0xff, 0xff, 0x8a,

    /* U+004C "L" */
    0x5c, 0xff, 0xff, 0xff, 0xff, 0xff, 0xff, 0xff,
    0xdc, 0x0, 0x0, 0x0, 0x0, 0x0, 0x5c, 0xff,
    0xff, 0xff, 0xff, 0xff, 0xff, 0xff, 0xdc, 0x0,
    0x0, 0x0, 0x0, 0x0, 0x5c, 0xff, 0xff, 0xff,
    0xff, 0xff, 0xff, 0xff, 0xdc, 0x0, 0x0, 0x0,
    0x0, 0x0, 0x5c, 0xff, 0xff, 0xff, 0xff, 0xff,
    0xff, 0xff, 0xdc, 0x0, 0x0, 0x0, 0x0, 0x0,
    0x5c, 0xff, 0xff, 0xff, 0xff, 0xff, 0xff, 0xff,
    0xdc, 0x0, 0x0, 0x0, 0x0, 0x0, 0x5c, 0xff,
    0xff, 0xff, 0xff, 0xff, 0xff, 0xff, 0xdc, 0x0,
    0x0, 0x0, 0x0, 0x0, 0x5c, 0xff, 0xff, 0xff,
    0xff, 0xff, 0xff, 0xff, 0xdc, 0x0, 0x0, 0x0,
    0x0, 0x0, 0x5c, 0xff, 0xff, 0xff, 0xff, 0xff,
    0xff, 0xff, 0xdc, 0x0, 0x0, 0x0, 0x0, 0x0,
    0x5c, 0xff, 0xff, 0xff, 0xff, 0xff, 0xff, 0xff,
    0xdc, 0x0, 0x0, 0x0, 0x0, 0x0, 0x5c, 0xff,
    0xff, 0xff, 0xff, 0xff, 0xff, 0xff, 0xdc, 0x0,
    0x0, 0x0, 0x0, 0x0, 0x5c, 0xff, 0xff, 0xff,
    0xff, 0xff, 0xff, 0xff, 0xdc, 0x0, 0x0, 0x0,
    0x0, 0x0, 0x5c, 0xff, 0xff, 0xff, 0xff, 0xff,
    0xff, 0xff, 0xdc, 0x0, 0x0, 0x0, 0x0, 0x0,
    0x5c, 0xff, 0xff, 0xff, 0xff, 0xff, 0xff, 0xff,
    0xdc, 0x0, 0x0, 0x0, 0x0, 0x0, 0x5c, 0xff,
    0xff, 0xff, 0xff, 0xff, 0xff, 0xff, 0xdc, 0x0,
    0x0, 0x0, 0x0, 0x0, 0x5c, 0xff, 0xff, 0xff,
    0xff, 0xff, 0xff, 0xff, 0xdc, 0x0, 0x0, 0x0,
    0x0, 0x0, 0x5c, 0xff, 0xff, 0xff, 0xff, 0xff,
    0xff, 0xff, 0xdc, 0x0, 0x0, 0x0, 0x0, 0x0,
    0x5c, 0xff, 0xff, 0xff, 0xff, 0xff, 0xff, 0xff,
    0xdc, 0x0, 0x0, 0x0, 0x0, 0x0, 0x5c, 0xff,
    0xff, 0xff, 0xff, 0xff, 0xff, 0xff, 0xdc, 0x0,
    0x0, 0x0, 0x0, 0x0, 0x5c, 0xff, 0xff, 0xff,
    0xff, 0xff, 0xff, 0xff, 0xdc, 0x0, 0x0, 0x0,
    0x0, 0x0, 0x5c, 0xff, 0xff, 0xff, 0xff, 0xff,
    0xff, 0xff, 0xdc, 0x0, 0x0, 0x0, 0x0, 0x0,
    0x5c, 0xff, 0xff, 0xff, 0xff, 0xff, 0xff, 0xff,
    0xdc, 0x0, 0x0, 0x0, 0x0, 0x0, 0x5c, 0xff,
    0xff, 0xff, 0xff, 0xff, 0xff, 0xff, 0xdc, 0x0,
    0x0, 0x0, 0x0, 0x0, 0x5c, 0xff, 0xff, 0xff,
    0xff, 0xff, 0xff, 0xff, 0xdc, 0x0, 0x0, 0x0,
    0x0, 0x0, 0x5c, 0xff, 0xff, 0xff, 0xff, 0xff,
    0xff, 0xff, 0xdc, 0x0, 0x0, 0x0, 0x0, 0x0,
    0x5c, 0xff, 0xff, 0xff, 0xff, 0xff, 0xff, 0xff,
    0xdc, 0x0, 0x0, 0x0, 0x0, 0x0, 0x5c, 0xff,
    0xff, 0xff, 0xff, 0xff, 0xff, 0xff, 0xec, 0x78,
    0x78, 0x78, 0x78, 0x67, 0x5c, 0xff, 0xff, 0xff,
    0xff, 0xff, 0xff, 0xff, 0xff, 0xff, 0xff, 0xff,
    0xff, 0xdc, 0x5c, 0xff, 0xff, 0xff, 0xff, 0xff,
    0xff, 0xff, 0xff, 0xff, 0xff, 0xff, 0xff, 0xdc,
    0x5c, 0xff, 0xff, 0xff, 0xff, 0xff, 0xff, 0xff,
    0xff, 0xff, 0xff, 0xff, 0xff, 0xdc, 0x5c, 0xff,
    0xff, 0xff, 0xff, 0xff, 0xff, 0xff, 0xff, 0xff,
    0xff, 0xff, 0xff, 0xdc, 0x5c, 0xff, 0xff, 0xff,
    0xff, 0xff, 0xff, 0xff, 0xff, 0xff, 0xff, 0xff,
    0xff, 0xdc, 0x5c, 0xff, 0xff, 0xff, 0xff, 0xff,
    0xff, 0xff, 0xff, 0xff, 0xff, 0xff, 0xff, 0xdc,

    /* U+004D "M" */
    0x5c, 0xff, 0xff, 0xff, 0xff, 0xff, 0xff, 0xff,
    0xff, 0xff, 0xff, 0x5b, 0x0, 0x0, 0x0, 0xc5,
    0xff, 0xff, 0xff, 0xff, 0xff, 0xff, 0xff, 0xff,
    0xff, 0xff, 0x4, 0x5c, 0xff, 0xff, 0xff, 0xff,
    0xff, 0xff, 0xff, 0xff, 0xff, 0xff, 0x84, 0x0,
    0x0, 0x0, 0xe5, 0xff, 0xff, 0xff, 0xff, 0xff,
    0xff, 0xff, 0xff, 0xff, 0xff, 0x4, 0x5c, 0xff,
    0xff, 0xff, 0xff, 0xff, 0xff, 0xff, 0xff, 0xff,
    0xff, 0xab, 0x0, 0x0, 0x6, 0xfd, 0xff, 0xff,
    0xff, 0xff, 0xff, 0xff, 0xff, 0xff, 0xff, 0xff,
    0x4, 0x5c, 0xff, 0xff, 0xff, 0xff, 0xff, 0xff,
    0xff, 0xff, 0xff, 0xff, 0xd1, 0x0, 0x0, 0x25,
    0xff, 0xff, 0xff, 0xff, 0xff, 0xff, 0xff, 0xff,
    0xff, 0xff, 0xff, 0x4, 0x5c, 0xff, 0xff, 0xff,
    0xff, 0xff, 0xff, 0xff, 0xff, 0xff, 0xff, 0xf4,
    0x1, 0x0, 0x45, 0xff, 0xff, 0xff, 0xff, 0xff,
    0xff, 0xff, 0xff, 0xff, 0xff, 0xff, 0x4, 0x5c,
    0xff, 0xff, 0xff, 0xff, 0xff, 0xff, 0xff, 0xff,
    0xff, 0xff, 0xff, 0x1a, 0x0, 0x65, 0xff, 0xff,
    0xff, 0xff, 0xff, 0xff, 0xff, 0xff, 0xff, 0xff,
    0xff, 0x4, 0x5c, 0xff, 0xff, 0xff, 0xff, 0xff,
    0xff, 0xff, 0xff, 0xff, 0xff, 0xff, 0x3d, 0x0,
    0x85, 0xff, 0xff, 0xff, 0xff, 0xff, 0xff, 0xff,
    0xff, 0xff, 0xff, 0xff, 0x4, 0x5c, 0xff, 0xff,
    0xff, 0xff, 0xff, 0xff, 0xff, 0xff, 0xff, 0xff,
    0xff, 0x61, 0x0, 0xa5, 0xff, 0xff, 0xff, 0xff,
    0xff, 0xff, 0xff, 0xff, 0xff, 0xff, 0xff, 0x4,
    0x5c, 0xff, 0xff, 0xff, 0xff, 0xff, 0xff, 0xff,
    0xff, 0xff, 0xff, 0xff, 0x85, 0x0, 0xc6, 0xff,
    0xff, 0xff, 0xff, 0xff, 0xff, 0xff, 0xff, 0xff,
    0xff, 0xff, 0x4, 0x5c, 0xff, 0xff, 0xff, 0xff,
    0xff, 0xff, 0xff, 0xff, 0xff, 0xff, 0xff, 0xa9,
    0x0, 0xe6, 0xff, 0xff, 0xff, 0xff, 0xff, 0xff,
    0xff, 0xff, 0xff, 0xff, 0xff, 0x4, 0x5c, 0xff,
    0xff, 0xff, 0xff, 0xff, 0xff, 0xff, 0xff, 0xff,
    0xff, 0xff, 0xcd, 0x7, 0xfe, 0xff, 0xff, 0xff,
    0xf9, 0xff, 0xff, 0xff, 0xff, 0xff, 0xff, 0xff,
    0x4, 0x5c, 0xff, 0xff, 0xff, 0xff, 0xff, 0xff,
    0xea, 0xff, 0xff, 0xff, 0xff, 0xf0, 0x26, 0xff,
    0xff, 0xff, 0xff, 0xda, 0xff, 0xff, 0xff, 0xff,
    0xff, 0xff, 0xff, 0x4, 0x5c, 0xff, 0xff, 0xff,
    0xff, 0xff, 0xff, 0xd4, 0xf0, 0xff, 0xff, 0xff,
    0xff, 0x5a, 0xff, 0xff, 0xff, 0xff, 0xb8, 0xff,
    0xff, 0xff, 0xff, 0xff, 0xff, 0xff, 0x4, 0x5c,
    0xff, 0xff, 0xff, 0xff, 0xff, 0xff, 0xd4, 0xcc,
    0xff, 0xff, 0xff, 0xff, 0x9e, 0xff, 0xff, 0xff,
    0xff, 0x96, 0xff, 0xff, 0xff, 0xff, 0xff, 0xff,
    0xff, 0x4, 0x5c, 0xff, 0xff, 0xff, 0xff, 0xff,
    0xff, 0xd4, 0xa7, 0xff, 0xff, 0xff, 0xff, 0xe2,
    0xff, 0xff, 0xff, 0xff, 0x74, 0xff, 0xff, 0xff,
    0xff, 0xff, 0xff, 0xff, 0x4, 0x5c, 0xff, 0xff,
    0xff, 0xff, 0xff, 0xff, 0xd4, 0x83, 0xff, 0xff,
    0xff, 0xff, 0xff, 0xff, 0xff, 0xff, 0xff, 0x51,
    0xff, 0xff, 0xff, 0xff, 0xff, 0xff, 0xff, 0x4,
    0x5c, 0xff, 0xff, 0xff, 0xff, 0xff, 0xff, 0xd4,
    0x5e, 0xff, 0xff, 0xff, 0xff, 0xff, 0xff, 0xff,
    0xff, 0xfd, 0x32, 0xff, 0xff, 0xff, 0xff, 0xff,
    0xff, 0xff, 0x4, 0x5c, 0xff, 0xff, 0xff, 0xff,
    0xff, 0xff, 0xd4, 0x39, 0xff, 0xff, 0xff, 0xff,
    0xff, 0xff, 0xff, 0xff, 0xe1, 0x2c, 0xff, 0xff,
    0xff, 0xff, 0xff, 0xff, 0xff, 0x4, 0x5c, 0xff,
    0xff, 0xff, 0xff, 0xff, 0xff, 0xd4, 0x14, 0xff,
    0xff, 0xff, 0xff, 0xff, 0xff, 0xff, 0xff, 0xbf,
    0x2c, 0xff, 0xff, 0xff, 0xff, 0xff, 0xff, 0xff,
    0x4, 0x5c, 0xff, 0xff, 0xff, 0xff, 0xff, 0xff,
    0xd4, 0x0, 0xef, 0xff, 0xff, 0xff, 0xff, 0xff,
    0xff, 0xff, 0x9d, 0x2c, 0xff, 0xff, 0xff, 0xff,
    0xff, 0xff, 0xff, 0x4, 0x5c, 0xff, 0xff, 0xff,
    0xff, 0xff, 0xff, 0xd4, 0x0, 0xcb, 0xff, 0xff,
    0xff, 0xff, 0xff, 0xff, 0xff, 0x7b, 0x2c, 0xff,
    0xff, 0xff, 0xff, 0xff, 0xff, 0xff, 0x4, 0x5c,
    0xff, 0xff, 0xff, 0xff, 0xff, 0xff, 0xd4, 0x0,
    0xa6, 0xff, 0xff, 0xff, 0xff, 0xff, 0xff, 0xff,
    0x59, 0x2c, 0xff, 0xff, 0xff, 0xff, 0xff, 0xff,
    0xff, 0x4, 0x5c, 0xff, 0xff, 0xff, 0xff, 0xff,
    0xff, 0xd4, 0x0, 0x81, 0xff, 0xff, 0xff, 0xff,
    0xff, 0xff, 0xff, 0x37, 0x2c, 0xff, 0xff, 0xff,
    0xff, 0xff, 0xff, 0xff, 0x4, 0x5c, 0xff, 0xff,
    0xff, 0xff, 0xff, 0xff, 0xd4, 0x0, 0x5d, 0xff,
    0xff, 0xff, 0xff, 0xff, 0xff, 0xff, 0x15, 0x2c,
    0xff, 0xff, 0xff, 0xff, 0xff, 0xff, 0xff, 0x4,
    0x5c, 0xff, 0xff, 0xff, 0xff, 0xff, 0xff, 0xd4,
    0x0, 0x38, 0xff, 0xff, 0xff, 0xff, 0xff, 0xff,
    0xf2, 0x0, 0x2c, 0xff, 0xff, 0xff, 0xff, 0xff,
    0xff, 0xff, 0x4, 0x5c, 0xff, 0xff, 0xff, 0xff,
    0xff, 0xff, 0xd4, 0x0, 0x13, 0xff, 0xff, 0xff,
    0xff, 0xff, 0xff, 0xd1, 0x0, 0x2c, 0xff, 0xff,
    0xff, 0xff, 0xff, 0xff, 0xff, 0x4, 0x5c, 0xff,
    0xff, 0xff, 0xff, 0xff, 0xff, 0xd4, 0x0, 0x0,
    0xee, 0xff, 0xff, 0xff, 0xff, 0xff, 0xaf, 0x0,
    0x2c, 0xff, 0xff, 0xff, 0xff, 0xff, 0xff, 0xff,
    0x4, 0x5c, 0xff, 0xff, 0xff, 0xff, 0xff, 0xff,
    0xd4, 0x0, 0x0, 0xca, 0xff, 0xff, 0xff, 0xff,
    0xff, 0x8d, 0x0, 0x2c, 0xff, 0xff, 0xff, 0xff,
    0xff, 0xff, 0xff, 0x4, 0x5c, 0xff, 0xff, 0xff,
    0xff, 0xff, 0xff, 0xd4, 0x0, 0x0, 0xa5, 0xff,
    0xff, 0xff, 0xff, 0xff, 0x6b, 0x0, 0x2c, 0xff,
    0xff, 0xff, 0xff, 0xff, 0xff, 0xff, 0x4, 0x5c,
    0xff, 0xff, 0xff, 0xff, 0xff, 0xff, 0xd4, 0x0,
    0x0, 0x80, 0xff, 0xff, 0xff, 0xff, 0xff, 0x49,
    0x0, 0x2c, 0xff, 0xff, 0xff, 0xff, 0xff, 0xff,
    0xff, 0x4, 0x5c, 0xff, 0xff, 0xff, 0xff, 0xff,
    0xff, 0xd4, 0x0, 0x0, 0x5b, 0xff, 0xff, 0xff,
    0xff, 0xff, 0x27, 0x0, 0x2c, 0xff, 0xff, 0xff,
    0xff, 0xff, 0xff, 0xff, 0x4, 0x5c, 0xff, 0xff,
    0xff, 0xff, 0xff, 0xff, 0xd4, 0x0, 0x0, 0x36,
    0xff, 0xff, 0xff, 0xff, 0xfd, 0x7, 0x0, 0x2c,
    0xff, 0xff, 0xff, 0xff, 0xff, 0xff, 0xff, 0x4,

    /* U+004E "N" */
    0x5c, 0xff, 0xff, 0xff, 0xff, 0xff, 0xff, 0xac,
    0x0, 0x0, 0x0, 0x0, 0xe0, 0xff, 0xff, 0xff,
    0xff, 0xff, 0xff, 0x5c, 0xff, 0xff, 0xff, 0xff,
    0xff, 0xff, 0xf4, 0x9, 0x0, 0x0, 0x0, 0xe0,
    0xff, 0xff, 0xff, 0xff, 0xff, 0xff, 0x5c, 0xff,
    0xff, 0xff, 0xff, 0xff, 0xff, 0xff, 0x50, 0x0,
    0x0, 0x0, 0xe0, 0xff, 0xff, 0xff, 0xff, 0xff,
    0xff, 0x5c, 0xff, 0xff, 0xff, 0xff, 0xff, 0xff,
    0xff, 0xa2, 0x0, 0x0, 0x0, 0xe0, 0xff, 0xff,
    0xff, 0xff, 0xff, 0xff, 0x5c, 0xff, 0xff, 0xff,
    0xff, 0xff, 0xff, 0xff, 0xef, 0x5, 0x0, 0x0,
    0xe0, 0xff, 0xff, 0xff, 0xff, 0xff, 0xff, 0x5c,
    0xff, 0xff, 0xff, 0xff, 0xff, 0xff, 0xff, 0xff,
    0x46, 0x0, 0x0, 0xe0, 0xff, 0xff, 0xff, 0xff,
    0xff, 0xff, 0x5c, 0xff, 0xff, 0xff, 0xff, 0xff,
    0xff, 0xff, 0xff, 0x98, 0x0, 0x0, 0xe0, 0xff,
    0xff, 0xff, 0xff, 0xff, 0xff, 0x5c, 0xff, 0xff,
    0xff, 0xff, 0xff, 0xff, 0xff, 0xff, 0xe7, 0x2,
    0x0, 0xe0, 0xff, 0xff, 0xff, 0xff, 0xff, 0xff,
    0x5c, 0xff, 0xff, 0xff, 0xff, 0xff, 0xff, 0xff,
    0xff, 0xff, 0x3c, 0x0, 0xe0, 0xff, 0xff, 0xff,
    0xff, 0xff, 0xff, 0x5c, 0xff, 0xff, 0xff, 0xff,
    0xff, 0xff, 0xff, 0xff, 0xff, 0x8e, 0x0, 0xe0,
    0xff, 0xff, 0xff, 0xff, 0xff, 0xff, 0x5c, 0xff,
    0xff, 0xff, 0xff, 0xff, 0xff, 0xff, 0xff, 0xff,
    0xdf, 0x0, 0xe0, 0xff, 0xff, 0xff, 0xff, 0xff,
    0xff, 0x5c, 0xff, 0xff, 0xff, 0xff, 0xff, 0xff,
    0xff, 0xff, 0xff, 0xff, 0x31, 0xe0, 0xff, 0xff,
    0xff, 0xff, 0xff, 0xff, 0x5c, 0xff, 0xff, 0xff,
    0xff, 0xff, 0xff, 0xff, 0xff, 0xff, 0xff, 0x83,
    0xe0, 0xff, 0xff, 0xff, 0xff, 0xff, 0xff, 0x5c,
    0xff, 0xff, 0xff, 0xff, 0xff, 0xff, 0xff, 0xff,
    0xff, 0xff, 0xd5, 0xe0, 0xff, 0xff, 0xff, 0xff,
    0xff, 0xff, 0x5c, 0xff, 0xff, 0xff, 0xff, 0xff,
    0xff, 0xff, 0xff, 0xff, 0xff, 0xff, 0xf9, 0xff,
    0xff, 0xff, 0xff, 0xff, 0xff, 0x5c, 0xff, 0xff,
    0xff, 0xff, 0xff, 0xff, 0xff, 0xff, 0xff, 0xff,
    0xff, 0xff, 0xff, 0xff, 0xff, 0xff, 0xff, 0xff,
    0x5c, 0xff, 0xff, 0xff, 0xff, 0xff, 0xff, 0xff,
    0xff, 0xff, 0xff, 0xff, 0xff, 0xff, 0xff, 0xff,
    0xff, 0xff, 0xff, 0x5c, 0xff, 0xff, 0xff, 0xff,
    0xff, 0xff, 0xf4, 0xff, 0xff, 0xff, 0xff, 0xff,
    0xff, 0xff, 0xff, 0xff, 0xff, 0xff, 0x5c, 0xff,
    0xff, 0xff, 0xff, 0xff, 0xff, 0xb1, 0xff, 0xff,
    0xff, 0xff, 0xff, 0xff, 0xff, 0xff, 0xff, 0xff,
    0xff, 0x5c, 0xff, 0xff, 0xff, 0xff, 0xff, 0xff,
    0x84, 0xe1, 0xff, 0xff, 0xff, 0xff, 0xff, 0xff,
    0xff, 0xff, 0xff, 0xff, 0x5c, 0xff, 0xff, 0xff,
    0xff, 0xff, 0xff, 0x84, 0x97, 0xff, 0xff, 0xff,
    0xff, 0xff, 0xff, 0xff, 0xff, 0xff, 0xff, 0x5c,
    0xff, 0xff, 0xff, 0xff, 0xff, 0xff, 0x84, 0x4b,
    0xff, 0xff, 0xff, 0xff, 0xff, 0xff, 0xff, 0xff,
    0xff, 0xff, 0x5c, 0xff, 0xff, 0xff, 0xff, 0xff,
    0xff, 0x84, 0x9, 0xf6, 0xff, 0xff, 0xff, 0xff,
    0xff, 0xff, 0xff, 0xff, 0xff, 0x5c, 0xff, 0xff,
    0xff, 0xff, 0xff, 0xff, 0x84, 0x0, 0xb5, 0xff,
    0xff, 0xff, 0xff, 0xff, 0xff, 0xff, 0xff, 0xff,
    0x5c, 0xff, 0xff, 0xff, 0xff, 0xff, 0xff, 0x84,
    0x0, 0x69, 0xff, 0xff, 0xff, 0xff, 0xff, 0xff,
    0xff, 0xff, 0xff, 0x5c, 0xff, 0xff, 0xff, 0xff,
    0xff, 0xff, 0x84, 0x0, 0x1e, 0xff, 0xff, 0xff,
    0xff, 0xff, 0xff, 0xff, 0xff, 0xff, 0x5c, 0xff,
    0xff, 0xff, 0xff, 0xff, 0xff, 0x84, 0x0, 0x0,
    0xd3, 0xff, 0xff, 0xff, 0xff, 0xff, 0xff, 0xff,
    0xff, 0x5c, 0xff, 0xff, 0xff, 0xff, 0xff, 0xff,
    0x84, 0x0, 0x0, 0x87, 0xff, 0xff, 0xff, 0xff,
    0xff, 0xff, 0xff, 0xff, 0x5c, 0xff, 0xff, 0xff,
    0xff, 0xff, 0xff, 0x84, 0x0, 0x0, 0x3c, 0xff,
    0xff, 0xff, 0xff, 0xff, 0xff, 0xff, 0xff, 0x5c,
    0xff, 0xff, 0xff, 0xff, 0xff, 0xff, 0x84, 0x0,
    0x0, 0x3, 0xed, 0xff, 0xff, 0xff, 0xff, 0xff,
    0xff, 0xff, 0x5c, 0xff, 0xff, 0xff, 0xff, 0xff,
    0xff, 0x84, 0x0, 0x0, 0x0, 0xa5, 0xff, 0xff,
    0xff, 0xff, 0xff, 0xff, 0xff, 0x5c, 0xff, 0xff,
    0xff, 0xff, 0xff, 0xff, 0x84, 0x0, 0x0, 0x0,
    0x5a, 0xff, 0xff, 0xff, 0xff, 0xff, 0xff, 0xff,

    /* U+004F "O" */
    0x0, 0x0, 0x0, 0x0, 0x0, 0x2e, 0x7f, 0xc3,
    0xdf, 0xf6, 0xf2, 0xdc, 0xb9, 0x70, 0x20, 0x0,
    0x0, 0x0, 0x0, 0x0, 0x0, 0x0, 0x0, 0x1c,
    0xaa, 0xff, 0xff, 0xff, 0xff, 0xff, 0xff, 0xff,
    0xff, 0xff, 0xfa, 0x8f, 0xf, 0x0, 0x0, 0x0,
    0x0, 0x0, 0x27, 0xe9, 0xff, 0xff, 0xff, 0xff,
    0xff, 0xff, 0xff, 0xff, 0xff, 0xff, 0xff, 0xff,
    0xd0, 0x11, 0x0, 0x0, 0x0, 0x10, 0xe3, 0xff,
    0xff, 0xff, 0xff, 0xff, 0xff, 0xff, 0xff, 0xff,
    0xff, 0xff, 0xff, 0xff, 0xff, 0xc4, 0x1, 0x0,
    0x0, 0x87, 0xff, 0xff, 0xff, 0xff, 0xff, 0xff,
    0xff, 0xff, 0xff, 0xff, 0xff, 0xff, 0xff, 0xff,
    0xff, 0xff, 0x5c, 0x0, 0x5, 0xf3, 0xff, 0xff,
    0xff, 0xff, 0xff, 0xff, 0xff, 0x9f, 0xae, 0xff,
    0xff, 0xff, 0xff, 0xff, 0xff, 0xff, 0xce, 0x0,
    0x39, 0xff, 0xff, 0xff, 0xff, 0xff, 0xff, 0xff,
    0xce, 0x0, 0x3, 0xf2, 0xff, 0xff, 0xff, 0xff,
    0xff, 0xff, 0xfe, 0x12, 0x67, 0xff, 0xff, 0xff,
    0xff, 0xff, 0xff, 0xff, 0xab, 0x0, 0x0, 0xd6,
    0xff, 0xff, 0xff, 0xff, 0xff, 0xff, 0xff, 0x3d,
    0x7a, 0xff, 0xff, 0xff, 0xff, 0xff, 0xff, 0xff,
    0xa1, 0x0, 0x0, 0xcd, 0xff, 0xff, 0xff, 0xff,
    0xff, 0xff, 0xff, 0x50, 0x86, 0xff, 0xff, 0xff,
    0xff, 0xff, 0xff, 0xff, 0xa0, 0x0, 0x0, 0xcc,
    0xff, 0xff, 0xff, 0xff, 0xff, 0xff, 0xff, 0x5d,
    0x8e, 0xff, 0xff, 0xff, 0xff, 0xff, 0xff, 0xff,
    0xa0, 0x0, 0x0, 0xcc, 0xff, 0xff, 0xff, 0xff,
    0xff, 0xff, 0xff, 0x64, 0x93, 0xff, 0xff, 0xff,
    0xff, 0xff, 0xff, 0xff, 0xa0, 0x0, 0x0, 0xcc,
    0xff, 0xff, 0xff, 0xff, 0xff, 0xff, 0xff, 0x6a,
    0x96, 0xff, 0xff, 0xff, 0xff, 0xff, 0xff, 0xff,
    0xa0, 0x0, 0x0, 0xcc, 0xff, 0xff, 0xff, 0xff,
    0xff, 0xff, 0xff, 0x6d, 0x97, 0xff, 0xff, 0xff,
    0xff, 0xff, 0xff, 0xff, 0xa0, 0x0, 0x0, 0xcc,
    0xff, 0xff, 0xff, 0xff, 0xff, 0xff, 0xff, 0x6e,
    0x98, 0xff, 0xff, 0xff, 0xff, 0xff, 0xff, 0xff,
    0xa0, 0x0, 0x0, 0xcc, 0xff, 0xff, 0xff, 0xff,
    0xff, 0xff, 0xff, 0x6f, 0x98, 0xff, 0xff, 0xff,
    0xff, 0xff, 0xff, 0xff, 0xa0, 0x0, 0x0, 0xcc,
    0xff, 0xff, 0xff, 0xff, 0xff, 0xff, 0xff, 0x70,
    0x98, 0xff, 0xff, 0xff, 0xff, 0xff, 0xff, 0xff,
    0xa0, 0x0, 0x0, 0xcc, 0xff, 0xff, 0xff, 0xff,
    0xff, 0xff, 0xff, 0x70, 0x98, 0xff, 0xff, 0xff,
    0xff, 0xff, 0xff, 0xff, 0xa0, 0x0, 0x0, 0xcc,
    0xff, 0xff, 0xff, 0xff, 0xff, 0xff, 0xff, 0x70,
    0x98, 0xff, 0xff, 0xff, 0xff, 0xff, 0xff, 0xff,
    0xa0, 0x0, 0x0, 0xcc, 0xff, 0xff, 0xff, 0xff,
    0xff, 0xff, 0xff, 0x70, 0x98, 0xff, 0xff, 0xff,
    0xff, 0xff, 0xff, 0xff, 0xa0, 0x0, 0x0, 0xcc,
    0xff, 0xff, 0xff, 0xff, 0xff, 0xff, 0xff, 0x6f,
    0x97, 0xff, 0xff, 0xff, 0xff, 0xff, 0xff, 0xff,
    0xa0, 0x0, 0x0, 0xcc, 0xff, 0xff, 0xff, 0xff,
    0xff, 0xff, 0xff, 0x6e, 0x95, 0xff, 0xff, 0xff,
    0xff, 0xff, 0xff, 0xff, 0xa0, 0x0, 0x0, 0xcc,
    0xff, 0xff, 0xff, 0xff, 0xff, 0xff, 0xff, 0x6c,
    0x91, 0xff, 0xff, 0xff, 0xff, 0xff, 0xff, 0xff,
    0xa0, 0x0, 0x0, 0xcc, 0xff, 0xff, 0xff, 0xff,
    0xff, 0xff, 0xff, 0x67, 0x8a, 0xff, 0xff, 0xff,
    0xff, 0xff, 0xff, 0xff, 0xa0, 0x0, 0x0, 0xcc,
    0xff, 0xff, 0xff, 0xff, 0xff, 0xff, 0xff, 0x61,
    0x80, 0xff, 0xff, 0xff, 0xff, 0xff, 0xff, 0xff,
    0xa1, 0x0, 0x0, 0xce, 0xff, 0xff, 0xff, 0xff,
    0xff, 0xff, 0xff, 0x56, 0x71, 0xff, 0xff, 0xff,
    0xff, 0xff, 0xff, 0xff, 0xa6, 0x0, 0x0, 0xd6,
    0xff, 0xff, 0xff, 0xff, 0xff, 0xff, 0xff, 0x46,
    0x55, 0xff, 0xff, 0xff, 0xff, 0xff, 0xff, 0xff,
    0xb5, 0x0, 0x0, 0xe7, 0xff, 0xff, 0xff, 0xff,
    0xff, 0xff, 0xff, 0x29, 0x19, 0xff, 0xff, 0xff,
    0xff, 0xff, 0xff, 0xff, 0xe8, 0x18, 0x3c, 0xff,
    0xff, 0xff, 0xff, 0xff, 0xff, 0xff, 0xed, 0x1,
    0x0, 0xc8, 0xff, 0xff, 0xff, 0xff, 0xff, 0xff,
    0xff, 0xff, 0xff, 0xff, 0xff, 0xff, 0xff, 0xff,
    0xff, 0xff, 0x9f, 0x0, 0x0, 0x3f, 0xff, 0xff,
    0xff, 0xff, 0xff, 0xff, 0xff, 0xff, 0xff, 0xff,
    0xff, 0xff, 0xff, 0xff, 0xff, 0xf9, 0x20, 0x0,
    0x0, 0x0, 0x89, 0xff, 0xff, 0xff, 0xff, 0xff,
    0xff, 0xff, 0xff, 0xff, 0xff, 0xff, 0xff, 0xff,
    0xfe, 0x63, 0x0, 0x0, 0x0, 0x0, 0x0, 0x87,
    0xfd, 0xff, 0xff, 0xff, 0xff, 0xff, 0xff, 0xff,
    0xff, 0xff, 0xff, 0xf5, 0x66, 0x0, 0x0, 0x0,
    0x0, 0x0, 0x0, 0x0, 0x2f, 0xb1, 0xf7, 0xff,
    0xff, 0xff, 0xff, 0xff, 0xff, 0xee, 0x9f, 0x1e,
    0x0, 0x0, 0x0, 0x0, 0x0, 0x0, 0x0, 0x0,
    0x0, 0x0, 0x9, 0x44, 0x61, 0x76, 0x73, 0x5c,
    0x3c, 0x4, 0x0, 0x0, 0x0, 0x0, 0x0, 0x0,

    /* U+0050 "P" */
    0x5c, 0xff, 0xff, 0xff, 0xff, 0xff, 0xff, 0xff,
    0xff, 0xfc, 0xf5, 0xe4, 0xc7, 0x99, 0x4b, 0x2,
    0x0, 0x0, 0x0, 0x5c, 0xff, 0xff, 0xff, 0xff,
    0xff, 0xff, 0xff, 0xff, 0xff, 0xff, 0xff, 0xff,
    0xff, 0xff, 0xda, 0x32, 0x0, 0x0, 0x5c, 0xff,
    0xff, 0xff, 0xff, 0xff, 0xff, 0xff, 0xff, 0xff,
    0xff, 0xff, 0xff, 0xff, 0xff, 0xff, 0xf4, 0x25,
    0x0, 0x5c, 0xff, 0xff, 0xff, 0xff, 0xff, 0xff,
    0xff, 0xff, 0xff, 0xff, 0xff, 0xff, 0xff, 0xff,
    0xff, 0xff, 0xad, 0x0, 0x5c, 0xff, 0xff, 0xff,
    0xff, 0xff, 0xff, 0xff, 0xff, 0xff, 0xff, 0xff,
    0xff, 0xff, 0xff, 0xff, 0xff, 0xf8, 0xa, 0x5c,
    0xff, 0xff, 0xff, 0xff, 0xff, 0xff, 0xff, 0xef,
    0x91, 0xc7, 0xff, 0xff, 0xff, 0xff, 0xff, 0xff,
    0xff, 0x30, 0x5c, 0xff, 0xff, 0xff, 0xff, 0xff,
    0xff, 0xff, 0xdc, 0x0, 0x0, 0xc4, 0xff, 0xff,
    0xff, 0xff, 0xff, 0xff, 0x48, 0x5c, 0xff, 0xff,
    0xff, 0xff, 0xff, 0xff, 0xff, 0xdc, 0x0, 0x0,
    0x8d, 0xff, 0xff, 0xff, 0xff, 0xff, 0xff, 0x54,
    0x5c, 0xff, 0xff, 0xff, 0xff, 0xff, 0xff, 0xff,
    0xdc, 0x0, 0x0, 0x84, 0xff, 0xff, 0xff, 0xff,
    0xff, 0xff, 0x5a, 0x5c, 0xff, 0xff, 0xff, 0xff,
    0xff, 0xff, 0xff, 0xdc, 0x0, 0x0, 0x84, 0xff,
    0xff, 0xff, 0xff, 0xff, 0xff, 0x5c, 0x5c, 0xff,
    0xff, 0xff, 0xff, 0xff, 0xff, 0xff, 0xdc, 0x0,
    0x0, 0x84, 0xff, 0xff, 0xff, 0xff, 0xff, 0xff,
    0x5c, 0x5c, 0xff, 0xff, 0xff, 0xff, 0xff, 0xff,
    0xff, 0xdc, 0x0, 0x0, 0x8f, 0xff, 0xff, 0xff,
    0xff, 0xff, 0xff, 0x5b, 0x5c, 0xff, 0xff, 0xff,
    0xff, 0xff, 0xff, 0xff, 0xdc, 0x0, 0x0, 0xc4,
    0xff, 0xff, 0xff, 0xff, 0xff, 0xff, 0x55, 0x5c,
    0xff, 0xff, 0xff, 0xff, 0xff, 0xff, 0xff, 0xef,
    0x8d, 0xc2, 0xff, 0xff, 0xff, 0xff, 0xff, 0xff,
    0xff, 0x47, 0x5c, 0xff, 0xff, 0xff, 0xff, 0xff,
    0xff, 0xff, 0xff, 0xff, 0xff, 0xff, 0xff, 0xff,
    0xff, 0xff, 0xff, 0xff, 0x28, 0x5c, 0xff, 0xff,
    0xff, 0xff, 0xff, 0xff, 0xff, 0xff, 0xff, 0xff,
    0xff, 0xff, 0xff, 0xff, 0xff, 0xff, 0xec, 0x3,
    0x5c, 0xff, 0xff, 0xff, 0xff, 0xff, 0xff, 0xff,
    0xff, 0xff, 0xff, 0xff, 0xff, 0xff, 0xff, 0xff,
    0xff, 0x82, 0x0, 0x5c, 0xff, 0xff, 0xff, 0xff,
    0xff, 0xff, 0xff, 0xff, 0xff, 0xff, 0xff, 0xff,
    0xff, 0xff, 0xff, 0x9d, 0x3, 0x0, 0x5c, 0xff,
    0xff, 0xff, 0xff, 0xff, 0xff, 0xff, 0xff, 0xff,
    0xff, 0xfc, 0xef, 0xce, 0x95, 0x37, 0x0, 0x0,
    0x0, 0x5c, 0xff, 0xff, 0xff, 0xff, 0xff, 0xff,
    0xff, 0xdc, 0x0, 0x0, 0x0, 0x0, 0x0, 0x0,
    0x0, 0x0, 0x0, 0x0, 0x5c, 0xff, 0xff, 0xff,
    0xff, 0xff, 0xff, 0xff, 0xdc, 0x0, 0x0, 0x0,
    0x0, 0x0, 0x0, 0x0, 0x0, 0x0, 0x0, 0x5c,
    0xff, 0xff, 0xff, 0xff, 0xff, 0xff, 0xff, 0xdc,
    0x0, 0x0, 0x0, 0x0, 0x0, 0x0, 0x0, 0x0,
    0x0, 0x0, 0x5c, 0xff, 0xff, 0xff, 0xff, 0xff,
    0xff, 0xff, 0xdc, 0x0, 0x0, 0x0, 0x0, 0x0,
    0x0, 0x0, 0x0, 0x0, 0x0, 0x5c, 0xff, 0xff,
    0xff, 0xff, 0xff, 0xff, 0xff, 0xdc, 0x0, 0x0,
    0x0, 0x0, 0x0, 0x0, 0x0, 0x0, 0x0, 0x0,
    0x5c, 0xff, 0xff, 0xff, 0xff, 0xff, 0xff, 0xff,
    0xdc, 0x0, 0x0, 0x0, 0x0, 0x0, 0x0, 0x0,
    0x0, 0x0, 0x0, 0x5c, 0xff, 0xff, 0xff, 0xff,
    0xff, 0xff, 0xff, 0xdc, 0x0, 0x0, 0x0, 0x0,
    0x0, 0x0, 0x0, 0x0, 0x0, 0x0, 0x5c, 0xff,
    0xff, 0xff, 0xff, 0xff, 0xff, 0xff, 0xdc, 0x0,
    0x0, 0x0, 0x0, 0x0, 0x0, 0x0, 0x0, 0x0,
    0x0, 0x5c, 0xff, 0xff, 0xff, 0xff, 0xff, 0xff,
    0xff, 0xdc, 0x0, 0x0, 0x0, 0x0, 0x0, 0x0,
    0x0, 0x0, 0x0, 0x0, 0x5c, 0xff, 0xff, 0xff,
    0xff, 0xff, 0xff, 0xff, 0xdc, 0x0, 0x0, 0x0,
    0x0, 0x0, 0x0, 0x0, 0x0, 0x0, 0x0, 0x5c,
    0xff, 0xff, 0xff, 0xff, 0xff, 0xff, 0xff, 0xdc,
    0x0, 0x0, 0x0, 0x0, 0x0, 0x0, 0x0, 0x0,
    0x0, 0x0, 0x5c, 0xff, 0xff, 0xff, 0xff, 0xff,
    0xff, 0xff, 0xdc, 0x0, 0x0, 0x0, 0x0, 0x0,
    0x0, 0x0, 0x0, 0x0, 0x0, 0x5c, 0xff, 0xff,
    0xff, 0xff, 0xff, 0xff, 0xff, 0xdc, 0x0, 0x0,
    0x0, 0x0, 0x0, 0x0, 0x0, 0x0, 0x0, 0x0,

    /* U+0051 "Q" */
    0x0, 0x0, 0x0, 0x0, 0x0, 0x37, 0x89, 0xcb,
    0xe6, 0xf9, 0xea, 0xd2, 0xa8, 0x58, 0xe, 0x0,
    0x0, 0x0, 0x0, 0x0, 0x0, 0x0, 0x0, 0x1f,
    0xb1, 0xff, 0xff, 0xff, 0xff, 0xff, 0xff, 0xff,
    0xff, 0xff, 0xf3, 0x81, 0x7, 0x0, 0x0, 0x0,
    0x0, 0x0, 0x25, 0xe4, 0xff, 0xff, 0xff, 0xff,
    0xff, 0xff, 0xff, 0xff, 0xff, 0xff, 0xff, 0xff,
    0xcb, 0x14, 0x0, 0x0, 0x0, 0x8, 0xdb, 0xff,
    0xff, 0xff, 0xff, 0xff, 0xff, 0xff, 0xff, 0xff,
    0xff, 0xff, 0xff, 0xff, 0xff, 0xbf, 0x0, 0x0,
    0x0, 0x82, 0xff, 0xff, 0xff, 0xff, 0xff, 0xff,
    0xff, 0xff, 0xff, 0xff, 0xff, 0xff, 0xff, 0xff,
    0xff, 0xff, 0x5b, 0x0, 0x3, 0xe8, 0xff, 0xff,
    0xff, 0xff, 0xff, 0xff, 0xff, 0x9f, 0xb0, 0xff,
    0xff, 0xff, 0xff, 0xff, 0xff, 0xff, 0xca, 0x0,
    0x3b, 0xff, 0xff, 0xff, 0xff, 0xff, 0xff, 0xff,
    0xcf, 0x0, 0x3, 0xf2, 0xff, 0xff, 0xff, 0xff,
    0xff, 0xff, 0xff, 0x19, 0x65, 0xff, 0xff, 0xff,
    0xff, 0xff, 0xff, 0xff, 0xab, 0x0, 0x0, 0xd7,
    0xff, 0xff, 0xff, 0xff, 0xff, 0xff, 0xff, 0x42,
    0x7e, 0xff, 0xff, 0xff, 0xff, 0xff, 0xff, 0xff,
    0xa2, 0x0, 0x0, 0xce, 0xff, 0xff, 0xff, 0xff,
    0xff, 0xff, 0xff, 0x5a, 0x8d, 0xff, 0xff, 0xff,
    0xff, 0xff, 0xff, 0xff, 0xa0, 0x0, 0x0, 0xcc,
    0xff, 0xff, 0xff, 0xff, 0xff, 0xff, 0xff, 0x66,
    0x95, 0xff, 0xff, 0xff, 0xff, 0xff, 0xff, 0xff,
    0xa0, 0x0, 0x0, 0xcc, 0xff, 0xff, 0xff, 0xff,
    0xff, 0xff, 0xff, 0x6d, 0x97, 0xff, 0xff, 0xff,
    0xff, 0xff, 0xff, 0xff, 0xa0, 0x0, 0x0, 0xcc,
    0xff, 0xff, 0xff, 0xff, 0xff, 0xff, 0xff, 0x6f,
    0x98, 0xff, 0xff, 0xff, 0xff, 0xff, 0xff, 0xff,
    0xa0, 0x0, 0x0, 0xcc, 0xff, 0xff, 0xff, 0xff,
    0xff, 0xff, 0xff, 0x70, 0x98, 0xff, 0xff, 0xff,
    0xff, 0xff, 0xff, 0xff, 0xa0, 0x0, 0x0, 0xcc,
    0xff, 0xff, 0xff, 0xff, 0xff, 0xff, 0xff, 0x70,
    0x98, 0xff, 0xff, 0xff, 0xff, 0xff, 0xff, 0xff,
    0xa0, 0x0, 0x0, 0xcc, 0xff, 0xff, 0xff, 0xff,
    0xff, 0xff, 0xff, 0x70, 0x98, 0xff, 0xff, 0xff,
    0xff, 0xff, 0xff, 0xff, 0xa0, 0x0, 0x0, 0xcc,
    0xff, 0xff, 0xff, 0xff, 0xff, 0xff, 0xff, 0x70,
    0x98, 0xff, 0xff, 0xff, 0xff, 0xff, 0xff, 0xff,
    0xa0, 0x0, 0x0, 0xcc, 0xff, 0xff, 0xff, 0xff,
    0xff, 0xff, 0xff, 0x70, 0x98, 0xff, 0xff, 0xff,
    0xff, 0xff, 0xff, 0xff, 0xa0, 0x0, 0x0, 0xcc,
    0xff, 0xff, 0xff, 0xff, 0xff, 0xff, 0xff, 0x70,
    0x98, 0xff, 0xff, 0xff, 0xff, 0xff, 0xff, 0xff,
    0xa0, 0x0, 0x0, 0xcc, 0xff, 0xff, 0xff, 0xff,
    0xff, 0xff, 0xff, 0x70, 0x98, 0xff, 0xff, 0xff,
    0xff, 0xff, 0xff, 0xff, 0xa0, 0x0, 0x0, 0xcc,
    0xff, 0xff, 0xff, 0xff, 0xff, 0xff, 0xff, 0x70,
    0x98, 0xff, 0xff, 0xff, 0xff, 0xff, 0xff, 0xff,
    0xa0, 0x0, 0x0, 0xcc, 0xff, 0xff, 0xff, 0xff,
    0xff, 0xff, 0xff, 0x70, 0x97, 0xff, 0xff, 0xff,
    0xff, 0xff, 0xff, 0xff, 0xa0, 0x0, 0x0, 0xcc,
    0xff, 0xff, 0xff, 0xff, 0xff, 0xff, 0xff, 0x6f,
    0x93, 0xff, 0xff, 0xff, 0xff, 0xff, 0xff, 0xff,
    0xa0, 0x0, 0x0, 0xcc, 0xff, 0xff, 0xff, 0xff,
    0xff, 0xff, 0xff, 0x6d, 0x8c, 0xff, 0xff, 0xff,
    0xff, 0xff, 0xff, 0xff, 0xa0, 0x0, 0x0, 0xcc,
    0xff, 0xff, 0xff, 0xff, 0xff, 0xff, 0xff, 0x69,
    0x7c, 0xff, 0xff, 0xff, 0xff, 0xff, 0xff, 0xff,
    0xa0, 0x0, 0x0, 0xce, 0xff, 0xff, 0xff, 0xff,
    0xff, 0xff, 0xff, 0x5f, 0x65, 0xff, 0xff, 0xff,
    0xff, 0xff, 0xff, 0xff, 0xa4, 0x0, 0x0, 0xd3,
    0xff, 0xff, 0xff, 0xff, 0xff, 0xff, 0xff, 0x4f,
    0x43, 0xff, 0xff, 0xff, 0xff, 0xff, 0xff, 0xff,
    0xb0, 0x0, 0x0, 0xe2, 0xff, 0xff, 0xff, 0xff,
    0xff, 0xff, 0xff, 0x34, 0x11, 0xfe, 0xff, 0xff,
    0xff, 0xff, 0xff, 0xff, 0xda, 0x4, 0x1a, 0xfd,
    0xff, 0xff, 0xff, 0xff, 0xff, 0xff, 0xf7, 0xa,
    0x0, 0xbf, 0xff, 0xff, 0xff, 0xff, 0xff, 0xff,
    0xff, 0xdc, 0xea, 0xff, 0xff, 0xff, 0xff, 0xff,
    0xff, 0xff, 0x9d, 0x0, 0x0, 0x3f, 0xff, 0xff,
    0xff, 0xff, 0xff, 0xff, 0xff, 0xff, 0xff, 0xff,
    0xff, 0xff, 0xff, 0xff, 0xff, 0xd6, 0x13, 0x0,
    0x0, 0x0, 0x7d, 0xff, 0xff, 0xff, 0xff, 0xff,
    0xff, 0xff, 0xff, 0xff, 0xff, 0xff, 0xff, 0xf7,
    0x92, 0x10, 0x0, 0x0, 0x0, 0x0, 0x0, 0x66,
    0xf3, 0xff, 0xff, 0xff, 0xff, 0xff, 0xff, 0xff,
    0xff, 0xff, 0x93, 0xd, 0x0, 0x0, 0x0, 0x0,
    0x0, 0x0, 0x0, 0x0, 0x18, 0x7c, 0xc5, 0xef,
    0xfd, 0xff, 0xff, 0xff, 0xff, 0xff, 0xa5, 0x4,
    0x0, 0x0, 0x0, 0x0, 0x0, 0x0, 0x0, 0x0,
    0x0, 0x0, 0x0, 0x0, 0x79, 0xff, 0xff, 0xff,
    0xff, 0xff, 0xff, 0xfa, 0xec, 0xec, 0xec, 0x6a,
    0x0, 0x0, 0x0, 0x0, 0x0, 0x0, 0x0, 0x0,
    0x67, 0xff, 0xff, 0xff, 0xff, 0xff, 0xff, 0xff,
    0xff, 0xff, 0xff, 0x74, 0x0, 0x0, 0x0, 0x0,
    0x0, 0x0, 0x0, 0x0, 0x2a, 0xfb, 0xff, 0xff,
    0xff, 0xff, 0xff, 0xff, 0xff, 0xff, 0xff, 0x74,
    0x0, 0x0, 0x0, 0x0, 0x0, 0x0, 0x0, 0x0,
    0x0, 0x49, 0xc1, 0xeb, 0xfc, 0xff, 0xff, 0xff,
    0xff, 0xff, 0xff, 0x74,

    /* U+0052 "R" */
    0x5c, 0xff, 0xff, 0xff, 0xff, 0xff, 0xff, 0xfc,
    0xfa, 0xf5, 0xeb, 0xdf, 0xcc, 0xb0, 0x81, 0x2a,
    0x0, 0x0, 0x0, 0x5c, 0xff, 0xff, 0xff, 0xff,
    0xff, 0xff, 0xff, 0xff, 0xff, 0xff, 0xff, 0xff,
    0xff, 0xff, 0xfd, 0x8c, 0x2, 0x0, 0x5c, 0xff,
    0xff, 0xff, 0xff, 0xff, 0xff, 0xff, 0xff, 0xff,
    0xff, 0xff, 0xff, 0xff, 0xff, 0xff, 0xff, 0x89,
    0x0, 0x5c, 0xff, 0xff, 0xff, 0xff, 0xff, 0xff,
    0xff, 0xff, 0xff, 0xff, 0xff, 0xff, 0xff, 0xff,
    0xff, 0xff, 0xfc, 0x28, 0x5c, 0xff, 0xff, 0xff,
    0xff, 0xff, 0xff, 0xff, 0xff, 0xff, 0xff, 0xff,
    0xff, 0xff, 0xff, 0xff, 0xff, 0xff, 0x84, 0x5c,
    0xff, 0xff, 0xff, 0xff, 0xff, 0xff, 0xff, 0xef,
    0x97, 0xd3, 0xff, 0xff, 0xff, 0xff, 0xff, 0xff,
    0xff, 0xc0, 0x5c, 0xff, 0xff, 0xff, 0xff, 0xff,
    0xff, 0xff, 0xdc, 0x0, 0x5, 0xdd, 0xff, 0xff,
    0xff, 0xff, 0xff, 0xff, 0xe5, 0x5c, 0xff, 0xff,
    0xff, 0xff, 0xff, 0xff, 0xff, 0xdc, 0x0, 0x0,
    0xad, 0xff, 0xff, 0xff, 0xff, 0xff, 0xff, 0xf5,
    0x5c, 0xff, 0xff, 0xff, 0xff, 0xff, 0xff, 0xff,
    0xdc, 0x0, 0x0, 0xa4, 0xff, 0xff, 0xff, 0xff,
    0xff, 0xff, 0xfd, 0x5c, 0xff, 0xff, 0xff, 0xff,
    0xff, 0xff, 0xff, 0xdc, 0x0, 0x0, 0xa6, 0xff,
    0xff, 0xff, 0xff, 0xff, 0xff, 0xf5, 0x5c, 0xff,
    0xff, 0xff, 0xff, 0xff, 0xff, 0xff, 0xdc, 0x0,
    0x0, 0xb8, 0xff, 0xff, 0xff, 0xff, 0xff, 0xff,
    0xe2, 0x5c, 0xff, 0xff, 0xff, 0xff, 0xff, 0xff,
    0xff, 0xdc, 0xb, 0x42, 0xf4, 0xff, 0xff, 0xff,
    0xff, 0xff, 0xff, 0xbc, 0x5c, 0xff, 0xff, 0xff,
    0xff, 0xff, 0xff, 0xff, 0xff, 0xff, 0xff, 0xff,
    0xff, 0xff, 0xff, 0xff, 0xff, 0xff, 0x72, 0x5c,
    0xff, 0xff, 0xff, 0xff, 0xff, 0xff, 0xff, 0xff,
    0xff, 0xff, 0xff, 0xff, 0xff, 0xff, 0xff, 0xff,
    0xc4, 0xa, 0x5c, 0xff, 0xff, 0xff, 0xff, 0xff,
    0xff, 0xff, 0xff, 0xff, 0xff, 0xff, 0xff, 0xff,
    0xef, 0x98, 0x4e, 0x2, 0x0, 0x5c, 0xff, 0xff,
    0xff, 0xff, 0xff, 0xff, 0xff, 0xff, 0xff, 0xff,
    0xff, 0xff, 0xff, 0xff, 0xea, 0x7f, 0x8, 0x0,
    0x5c, 0xff, 0xff, 0xff, 0xff, 0xff, 0xff, 0xff,
    0xff, 0xff, 0xff, 0xff, 0xff, 0xff, 0xff, 0xff,
    0xff, 0xbe, 0x3, 0x5c, 0xff, 0xff, 0xff, 0xff,
    0xff, 0xff, 0xff, 0xdd, 0x14, 0x59, 0xfd, 0xff,
    0xff, 0xff, 0xff, 0xff, 0xff, 0x6b, 0x5c, 0xff,
    0xff, 0xff, 0xff, 0xff, 0xff, 0xff, 0xdc, 0x0,
    0x0, 0xcd, 0xff, 0xff, 0xff, 0xff, 0xff, 0xff,
    0xca, 0x5c, 0xff, 0xff, 0xff, 0xff, 0xff, 0xff,
    0xff, 0xdc, 0x0, 0x0, 0xb1, 0xff, 0xff, 0xff,
    0xff, 0xff, 0xff, 0xe9, 0x5c, 0xff, 0xff, 0xff,
    0xff, 0xff, 0xff, 0xff, 0xdc, 0x0, 0x0, 0xa6,
    0xff, 0xff, 0xff, 0xff, 0xff, 0xff, 0xf5, 0x5c,
    0xff, 0xff, 0xff, 0xff, 0xff, 0xff, 0xff, 0xdc,
    0x0, 0x0, 0xa4, 0xff, 0xff, 0xff, 0xff, 0xff,
    0xff, 0xfb, 0x5c, 0xff, 0xff, 0xff, 0xff, 0xff,
    0xff, 0xff, 0xdc, 0x0, 0x0, 0xa4, 0xff, 0xff,
    0xff, 0xff, 0xff, 0xff, 0xfe, 0x5c, 0xff, 0xff,
    0xff, 0xff, 0xff, 0xff, 0xff, 0xdc, 0x0, 0x0,
    0xa4, 0xff, 0xff, 0xff, 0xff, 0xff, 0xff, 0xff,
    0x5c, 0xff, 0xff, 0xff, 0xff, 0xff, 0xff, 0xff,
    0xdc, 0x0, 0x0, 0xa4, 0xff, 0xff, 0xff, 0xff,
    0xff, 0xff, 0xff, 0x5c, 0xff, 0xff, 0xff, 0xff,
    0xff, 0xff, 0xff, 0xdc, 0x0, 0x0, 0xa4, 0xff,
    0xff, 0xff, 0xff, 0xff, 0xff, 0xff, 0x5c, 0xff,
    0xff, 0xff, 0xff, 0xff, 0xff, 0xff, 0xdc, 0x0,
    0x0, 0xa4, 0xff, 0xff, 0xff, 0xff, 0xff, 0xff,
    0xff, 0x5c, 0xff, 0xff, 0xff, 0xff, 0xff, 0xff,
    0xff, 0xdc, 0x0, 0x0, 0xa4, 0xff, 0xff, 0xff,
    0xff, 0xff, 0xff, 0xff, 0x5c, 0xff, 0xff, 0xff,
    0xff, 0xff, 0xff, 0xff, 0xdc, 0x0, 0x0, 0xa4,
    0xff, 0xff, 0xff, 0xff, 0xff, 0xff, 0xff, 0x5c,
    0xff, 0xff, 0xff, 0xff, 0xff, 0xff, 0xff, 0xdc,
    0x0, 0x0, 0xa4, 0xff, 0xff, 0xff, 0xff, 0xff,
    0xff, 0xff, 0x5c, 0xff, 0xff, 0xff, 0xff, 0xff,
    0xff, 0xff, 0xdc, 0x0, 0x0, 0xa4, 0xff, 0xff,
    0xff, 0xff, 0xff, 0xff, 0xff, 0x5c, 0xff, 0xff,
    0xff, 0xff, 0xff, 0xff, 0xff, 0xdc, 0x0, 0x0,
    0xa4, 0xff, 0xff, 0xff, 0xff, 0xff, 0xff, 0xff,

    /* U+0053 "S" */
    0x0, 0x0, 0x0, 0x0, 0x1, 0x3a, 0x8b, 0xc8,
    0xdf, 0xf6, 0xf8, 0xe9, 0xc8, 0x91, 0x43, 0x1,
    0x0, 0x0, 0x0, 0x0, 0x0, 0x0, 0x0, 0x36,
    0xd1, 0xff, 0xff, 0xff, 0xff, 0xff, 0xff, 0xff,
    0xff, 0xff, 0xff, 0xd6, 0x46, 0x0, 0x0, 0x0,
    0x0, 0x0, 0x49, 0xf9, 0xff, 0xff, 0xff, 0xff,
    0xff, 0xff, 0xff, 0xff, 0xff, 0xff, 0xff, 0xff,
    0xfe, 0x71, 0x0, 0x0, 0x0, 0x15, 0xee, 0xff,
    0xff, 0xff, 0xff, 0xff, 0xff, 0xff, 0xff, 0xff,
    0xff, 0xff, 0xff, 0xff, 0xff, 0xfd, 0x33, 0x0,
    0x0, 0x78, 0xff, 0xff, 0xff, 0xff, 0xff, 0xff,
    0xff, 0xff, 0xff, 0xff, 0xff, 0xff, 0xff, 0xff,
    0xff, 0xff, 0x96, 0x0, 0x0, 0xbc, 0xff, 0xff,
    0xff, 0xff, 0xff, 0xff, 0xff, 0xb6, 0x90, 0xfb,
    0xff, 0xff, 0xff, 0xff, 0xff, 0xff, 0xcf, 0x0,
    0x0, 0xe5, 0xff, 0xff, 0xff, 0xff, 0xff, 0xff,
    0xe1, 0x2, 0x0, 0xb3, 0xff, 0xff, 0xff, 0xff,
    0xff, 0xff, 0xef, 0x0, 0x0, 0xfd, 0xff, 0xff,
    0xff, 0xff, 0xff, 0xff, 0xb1, 0x0, 0x0, 0x98,
    0xff, 0xff, 0xff, 0xff, 0xff, 0xff, 0xff, 0x4,
    0x8, 0xff, 0xff, 0xff, 0xff, 0xff, 0xff, 0xff,
    0xb2, 0x0, 0x0, 0x94, 0xff, 0xff, 0xff, 0xff,
    0xff, 0xff, 0xff, 0xb, 0x4, 0xff, 0xff, 0xff,
    0xff, 0xff, 0xff, 0xff, 0xd1, 0x0, 0x0, 0x94,
    0xff, 0xff, 0xff, 0xff, 0xff, 0xff, 0xff, 0xf,
    0x0, 0xf2, 0xff, 0xff, 0xff, 0xff, 0xff, 0xff,
    0xff, 0x33, 0x0, 0x3e, 0x6c, 0x6c, 0x6c, 0x6c,
    0x6c, 0x6c, 0x6c, 0x6, 0x0, 0xd5, 0xff, 0xff,
    0xff, 0xff, 0xff, 0xff, 0xff, 0xeb, 0x42, 0x0,
    0x0, 0x0, 0x0, 0x0, 0x0, 0x0, 0x0, 0x0,
    0x0, 0x96, 0xff, 0xff, 0xff, 0xff, 0xff, 0xff,
    0xff, 0xff, 0xfe, 0x98, 0xf, 0x0, 0x0, 0x0,
    0x0, 0x0, 0x0, 0x0, 0x0, 0x3f, 0xff, 0xff,
    0xff, 0xff, 0xff, 0xff, 0xff, 0xff, 0xff, 0xff,
    0xe6, 0x53, 0x0, 0x0, 0x0, 0x0, 0x0, 0x0,
    0x0, 0x0, 0xbc, 0xff, 0xff, 0xff, 0xff, 0xff,
    0xff, 0xff, 0xff, 0xff, 0xff, 0xff, 0xa4, 0xe,
    0x0, 0x0, 0x0, 0x0, 0x0, 0x0, 0x19, 0xe3,
    0xff, 0xff, 0xff, 0xff, 0xff, 0xff, 0xff, 0xff,
    0xff, 0xff, 0xff, 0xde, 0x2b, 0x0, 0x0, 0x0,
    0x0, 0x0, 0x0, 0x1c, 0xc8, 0xff, 0xff, 0xff,
    0xff, 0xff, 0xff, 0xff, 0xff, 0xff, 0xff, 0xff,
    0xf0, 0x3e, 0x0, 0x0, 0x0, 0x0, 0x0, 0x0,
    0x5, 0x89, 0xfd, 0xff, 0xff, 0xff, 0xff, 0xff,
    0xff, 0xff, 0xff, 0xff, 0xff, 0xef, 0x27, 0x0,
    0x0, 0x0, 0x0, 0x0, 0x0, 0x0, 0x3d, 0xdd,
    0xff, 0xff, 0xff, 0xff, 0xff, 0xff, 0xff, 0xff,
    0xff, 0xff, 0xb3, 0x0, 0x0, 0x0, 0x0, 0x0,
    0x0, 0x0, 0x0, 0xc, 0x9a, 0xff, 0xff, 0xff,
    0xff, 0xff, 0xff, 0xff, 0xff, 0xff, 0xfe, 0x19,
    0x0, 0x0, 0x0, 0x0, 0x0, 0x0, 0x0, 0x0,
    0x0, 0x52, 0xf1, 0xff, 0xff, 0xff, 0xff, 0xff,
    0xff, 0xff, 0xff, 0x5d, 0x0, 0x8c, 0xb4, 0xb4,
    0xb4, 0xb4, 0xb4, 0xb4, 0x97, 0x0, 0x2a, 0xea,
    0xff, 0xff, 0xff, 0xff, 0xff, 0xff, 0xff, 0x87,
    0x0, 0xc8, 0xff, 0xff, 0xff, 0xff, 0xff, 0xff,
    0xd8, 0x0, 0x0, 0x71, 0xff, 0xff, 0xff, 0xff,
    0xff, 0xff, 0xff, 0xa7, 0x0, 0xc7, 0xff, 0xff,
    0xff, 0xff, 0xff, 0xff, 0xd8, 0x0, 0x0, 0x33,
    0xff, 0xff, 0xff, 0xff, 0xff, 0xff, 0xff, 0xb4,
    0x0, 0xc1, 0xff, 0xff, 0xff, 0xff, 0xff, 0xff,
    0xd8, 0x0, 0x0, 0x19, 0xff, 0xff, 0xff, 0xff,
    0xff, 0xff, 0xff, 0xbd, 0x0, 0xb4, 0xff, 0xff,
    0xff, 0xff, 0xff, 0xff, 0xd9, 0x0, 0x0, 0x14,
    0xff, 0xff, 0xff, 0xff, 0xff, 0xff, 0xff, 0xb8,
    0x0, 0x9b, 0xff, 0xff, 0xff, 0xff, 0xff, 0xff,
    0xe9, 0x0, 0x0, 0x2e, 0xff, 0xff, 0xff, 0xff,
    0xff, 0xff, 0xff, 0xaa, 0x0, 0x73, 0xff, 0xff,
    0xff, 0xff, 0xff, 0xff, 0xff, 0x43, 0x8, 0xa1,
    0xff, 0xff, 0xff, 0xff, 0xff, 0xff, 0xff, 0x8d,
    0x0, 0x35, 0xff, 0xff, 0xff, 0xff, 0xff, 0xff,
    0xff, 0xff, 0xfe, 0xff, 0xff, 0xff, 0xff, 0xff,
    0xff, 0xff, 0xff, 0x5a, 0x0, 0x1, 0xd0, 0xff,
    0xff, 0xff, 0xff, 0xff, 0xff, 0xff, 0xff, 0xff,
    0xff, 0xff, 0xff, 0xff, 0xff, 0xff, 0xf3, 0xf,
    0x0, 0x0, 0x33, 0xf6, 0xff, 0xff, 0xff, 0xff,
    0xff, 0xff, 0xff, 0xff, 0xff, 0xff, 0xff, 0xff,
    0xff, 0xff, 0x67, 0x0, 0x0, 0x0, 0x0, 0x39,
    0xe1, 0xff, 0xff, 0xff, 0xff, 0xff, 0xff, 0xff,
    0xff, 0xff, 0xff, 0xff, 0xf6, 0x67, 0x0, 0x0,
    0x0, 0x0, 0x0, 0x0, 0xc, 0x78, 0xde, 0xff,
    0xff, 0xff, 0xff, 0xff, 0xff, 0xff, 0xee, 0x92,
    0x1c, 0x0, 0x0, 0x0, 0x0, 0x0, 0x0, 0x0,
    0x0, 0x0, 0x0, 0x27, 0x56, 0x72, 0x7d, 0x76,
    0x5f, 0x33, 0x3, 0x0, 0x0, 0x0, 0x0, 0x0,

    /* U+0054 "T" */
    0xc4, 0xff, 0xff, 0xff, 0xff, 0xff, 0xff, 0xff,
    0xff, 0xff, 0xff, 0xff, 0xff, 0xff, 0xff, 0xff,
    0xff, 0xff, 0x34, 0xc4, 0xff, 0xff, 0xff, 0xff,
    0xff, 0xff, 0xff, 0xff, 0xff, 0xff, 0xff, 0xff,
    0xff, 0xff, 0xff, 0xff, 0xff, 0x34, 0xc4, 0xff,
    0xff, 0xff, 0xff, 0xff, 0xff, 0xff, 0xff, 0xff,
    0xff, 0xff, 0xff, 0xff, 0xff, 0xff, 0xff, 0xff,
    0x34, 0xc4, 0xff, 0xff, 0xff, 0xff, 0xff, 0xff,
    0xff, 0xff, 0xff, 0xff, 0xff, 0xff, 0xff, 0xff,
    0xff, 0xff, 0xff, 0x34, 0xc4, 0xff, 0xff, 0xff,
    0xff, 0xff, 0xff, 0xff, 0xff, 0xff, 0xff, 0xff,
    0xff, 0xff, 0xff, 0xff, 0xff, 0xff, 0x34, 0xc4,
    0xff, 0xff, 0xff, 0xff, 0xff, 0xff, 0xff, 0xff,
    0xff, 0xff, 0xff, 0xff, 0xff, 0xff, 0xff, 0xff,
    0xff, 0x34, 0x5b, 0x78, 0x78, 0x78, 0x78, 0xf3,
    0xff, 0xff, 0xff, 0xff, 0xff, 0xff, 0xff, 0xa4,
    0x78, 0x78, 0x78, 0x78, 0x18, 0x0, 0x0, 0x0,
    0x0, 0x0, 0xe8, 0xff, 0xff, 0xff, 0xff, 0xff,
    0xff, 0xff, 0x54, 0x0, 0x0, 0x0, 0x0, 0x0,
    0x0, 0x0, 0x0, 0x0, 0x0, 0xe8, 0xff, 0xff,
    0xff, 0xff, 0xff, 0xff, 0xff, 0x54, 0x0, 0x0,
    0x0, 0x0, 0x0, 0x0, 0x0, 0x0, 0x0, 0x0,
    0xe8, 0xff, 0xff, 0xff, 0xff, 0xff, 0xff, 0xff,
    0x54, 0x0, 0x0, 0x0, 0x0, 0x0, 0x0, 0x0,
    0x0, 0x0, 0x0, 0xe8, 0xff, 0xff, 0xff, 0xff,
    0xff, 0xff, 0xff, 0x54, 0x0, 0x0, 0x0, 0x0,
    0x0, 0x0, 0x0, 0x0, 0x0, 0x0, 0xe8, 0xff,
    0xff, 0xff, 0xff, 0xff, 0xff, 0xff, 0x54, 0x0,
    0x0, 0x0, 0x0, 0x0, 0x0, 0x0, 0x0, 0x0,
    0x0, 0xe8, 0xff, 0xff, 0xff, 0xff, 0xff, 0xff,
    0xff, 0x54, 0x0, 0x0, 0x0, 0x0, 0x0, 0x0,
    0x0, 0x0, 0x0, 0x0, 0xe8, 0xff, 0xff, 0xff,
    0xff, 0xff, 0xff, 0xff, 0x54, 0x0, 0x0, 0x0,
    0x0, 0x0, 0x0, 0x0, 0x0, 0x0, 0x0, 0xe8,
    0xff, 0xff, 0xff, 0xff, 0xff, 0xff, 0xff, 0x54,
    0x0, 0x0, 0x0, 0x0, 0x0, 0x0, 0x0, 0x0,
    0x0, 0x0, 0xe8, 0xff, 0xff, 0xff, 0xff, 0xff,
    0xff, 0xff, 0x54, 0x0, 0x0, 0x0, 0x0, 0x0,
    0x0, 0x0, 0x0, 0x0, 0x0, 0xe8, 0xff, 0xff,
    0xff, 0xff, 0xff, 0xff, 0xff, 0x54, 0x0, 0x0,
    0x0, 0x0, 0x0, 0x0, 0x0, 0x0, 0x0, 0x0,
    0xe8, 0xff, 0xff, 0xff, 0xff, 0xff, 0xff, 0xff,
    0x54, 0x0, 0x0, 0x0, 0x0, 0x0, 0x0, 0x0,
    0x0, 0x0, 0x0, 0xe8, 0xff, 0xff, 0xff, 0xff,
    0xff, 0xff, 0xff, 0x54, 0x0, 0x0, 0x0, 0x0,
    0x0, 0x0, 0x0, 0x0, 0x0, 0x0, 0xe8, 0xff,
    0xff, 0xff, 0xff, 0xff, 0xff, 0xff, 0x54, 0x0,
    0x0, 0x0, 0x0, 0x0, 0x0, 0x0, 0x0, 0x0,
    0x0, 0xe8, 0xff, 0xff, 0xff, 0xff, 0xff, 0xff,
    0xff, 0x54, 0x0, 0x0, 0x0, 0x0, 0x0, 0x0,
    0x0, 0x0, 0x0, 0x0, 0xe8, 0xff, 0xff, 0xff,
    0xff, 0xff, 0xff, 0xff, 0x54, 0x0, 0x0, 0x0,
    0x0, 0x0, 0x0, 0x0, 0x0, 0x0, 0x0, 0xe8,
    0xff, 0xff, 0xff, 0xff, 0xff, 0xff, 0xff, 0x54,
    0x0, 0x0, 0x0, 0x0, 0x0, 0x0, 0x0, 0x0,
    0x0, 0x0, 0xe8, 0xff, 0xff, 0xff, 0xff, 0xff,
    0xff, 0xff, 0x54, 0x0, 0x0, 0x0, 0x0, 0x0,
    0x0, 0x0, 0x0, 0x0, 0x0, 0xe8, 0xff, 0xff,
    0xff, 0xff, 0xff, 0xff, 0xff, 0x54, 0x0, 0x0,
    0x0, 0x0, 0x0, 0x0, 0x0, 0x0, 0x0, 0x0,
    0xe8, 0xff, 0xff, 0xff, 0xff, 0xff, 0xff, 0xff,
    0x54, 0x0, 0x0, 0x0, 0x0, 0x0, 0x0, 0x0,
    0x0, 0x0, 0x0, 0xe8, 0xff, 0xff, 0xff, 0xff,
    0xff, 0xff, 0xff, 0x54, 0x0, 0x0, 0x0, 0x0,
    0x0, 0x0, 0x0, 0x0, 0x0, 0x0, 0xe8, 0xff,
    0xff, 0xff, 0xff, 0xff, 0xff, 0xff, 0x54, 0x0,
    0x0, 0x0, 0x0, 0x0, 0x0, 0x0, 0x0, 0x0,
    0x0, 0xe8, 0xff, 0xff, 0xff, 0xff, 0xff, 0xff,
    0xff, 0x54, 0x0, 0x0, 0x0, 0x0, 0x0, 0x0,
    0x0, 0x0, 0x0, 0x0, 0xe8, 0xff, 0xff, 0xff,
    0xff, 0xff, 0xff, 0xff, 0x54, 0x0, 0x0, 0x0,
    0x0, 0x0, 0x0, 0x0, 0x0, 0x0, 0x0, 0xe8,
    0xff, 0xff, 0xff, 0xff, 0xff, 0xff, 0xff, 0x54,
    0x0, 0x0, 0x0, 0x0, 0x0, 0x0, 0x0, 0x0,
    0x0, 0x0, 0xe8, 0xff, 0xff, 0xff, 0xff, 0xff,
    0xff, 0xff, 0x54, 0x0, 0x0, 0x0, 0x0, 0x0,

    /* U+0055 "U" */
    0x78, 0xff, 0xff, 0xff, 0xff, 0xff, 0xff, 0xff,
    0xc0, 0x0, 0x0, 0xe4, 0xff, 0xff, 0xff, 0xff,
    0xff, 0xff, 0xff, 0x54, 0x78, 0xff, 0xff, 0xff,
    0xff, 0xff, 0xff, 0xff, 0xc0, 0x0, 0x0, 0xe4,
    0xff, 0xff, 0xff, 0xff, 0xff, 0xff, 0xff, 0x54,
    0x78, 0xff, 0xff, 0xff, 0xff, 0xff, 0xff, 0xff,
    0xc0, 0x0, 0x0, 0xe4, 0xff, 0xff, 0xff, 0xff,
    0xff, 0xff, 0xff, 0x54, 0x78, 0xff, 0xff, 0xff,
    0xff, 0xff, 0xff, 0xff, 0xc0, 0x0, 0x0, 0xe4,
    0xff, 0xff, 0xff, 0xff, 0xff, 0xff, 0xff, 0x54,
    0x78, 0xff, 0xff, 0xff, 0xff, 0xff, 0xff, 0xff,
    0xc0, 0x0, 0x0, 0xe4, 0xff, 0xff, 0xff, 0xff,
    0xff, 0xff, 0xff, 0x54, 0x78, 0xff, 0xff, 0xff,
    0xff, 0xff, 0xff, 0xff, 0xc0, 0x0, 0x0, 0xe4,
    0xff, 0xff, 0xff, 0xff, 0xff, 0xff, 0xff, 0x54,
    0x78, 0xff, 0xff, 0xff, 0xff, 0xff, 0xff, 0xff,
    0xc0, 0x0, 0x0, 0xe4, 0xff, 0xff, 0xff, 0xff,
    0xff, 0xff, 0xff, 0x54, 0x78, 0xff, 0xff, 0xff,
    0xff, 0xff, 0xff, 0xff, 0xc0, 0x0, 0x0, 0xe4,
    0xff, 0xff, 0xff, 0xff, 0xff, 0xff, 0xff, 0x54,
    0x78, 0xff, 0xff, 0xff, 0xff, 0xff, 0xff, 0xff,
    0xc0, 0x0, 0x0, 0xe4, 0xff, 0xff, 0xff, 0xff,
    0xff, 0xff, 0xff, 0x54, 0x78, 0xff, 0xff, 0xff,
    0xff, 0xff, 0xff, 0xff, 0xc0, 0x0, 0x0, 0xe4,
    0xff, 0xff, 0xff, 0xff, 0xff, 0xff, 0xff, 0x54,
    0x78, 0xff, 0xff, 0xff, 0xff, 0xff, 0xff, 0xff,
    0xc0, 0x0, 0x0, 0xe4, 0xff, 0xff, 0xff, 0xff,
    0xff, 0xff, 0xff, 0x54, 0x78, 0xff, 0xff, 0xff,
    0xff, 0xff, 0xff, 0xff, 0xc0, 0x0, 0x0, 0xe4,
    0xff, 0xff, 0xff, 0xff, 0xff, 0xff, 0xff, 0x54,
    0x78, 0xff, 0xff, 0xff, 0xff, 0xff, 0xff, 0xff,
    0xc0, 0x0, 0x0, 0xe4, 0xff, 0xff, 0xff, 0xff,
    0xff, 0xff, 0xff, 0x54, 0x78, 0xff, 0xff, 0xff,
    0xff, 0xff, 0xff, 0xff, 0xc0, 0x0, 0x0, 0xe4,
    0xff, 0xff, 0xff, 0xff, 0xff, 0xff, 0xff, 0x54,
    0x78, 0xff, 0xff, 0xff, 0xff, 0xff, 0xff, 0xff,
    0xc0, 0x0, 0x0, 0xe4, 0xff, 0xff, 0xff, 0xff,
    0xff, 0xff, 0xff, 0x54, 0x78, 0xff, 0xff, 0xff,
    0xff, 0xff, 0xff, 0xff, 0xc0, 0x0, 0x0, 0xe4,
    0xff, 0xff, 0xff, 0xff, 0xff, 0xff, 0xff, 0x54,
    0x78, 0xff, 0xff, 0xff, 0xff, 0xff, 0xff, 0xff,
    0xc0, 0x0, 0x0, 0xe4, 0xff, 0xff, 0xff, 0xff,
    0xff, 0xff, 0xff, 0x54, 0x78, 0xff, 0xff, 0xff,
    0xff, 0xff, 0xff, 0xff, 0xc0, 0x0, 0x0, 0xe4,
    0xff, 0xff, 0xff, 0xff, 0xff, 0xff, 0xff, 0x54,
    0x78, 0xff, 0xff, 0xff, 0xff, 0xff, 0xff, 0xff,
    0xc0, 0x0, 0x0, 0xe4, 0xff, 0xff, 0xff, 0xff,
    0xff, 0xff, 0xff, 0x54, 0x77, 0xff, 0xff, 0xff,
    0xff, 0xff, 0xff, 0xff, 0xc0, 0x0, 0x0, 0xe4,
    0xff, 0xff, 0xff, 0xff, 0xff, 0xff, 0xff, 0x54,
    0x76, 0xff, 0xff, 0xff, 0xff, 0xff, 0xff, 0xff,
    0xc0, 0x0, 0x0, 0xe4, 0xff, 0xff, 0xff, 0xff,
    0xff, 0xff, 0xff, 0x54, 0x74, 0xff, 0xff, 0xff,
    0xff, 0xff, 0xff, 0xff, 0xc0, 0x0, 0x0, 0xe4,
    0xff, 0xff, 0xff, 0xff, 0xff, 0xff, 0xff, 0x53,
    0x70, 0xff, 0xff, 0xff, 0xff, 0xff, 0xff, 0xff,
    0xc0, 0x0, 0x0, 0xe4, 0xff, 0xff, 0xff, 0xff,
    0xff, 0xff, 0xff, 0x50, 0x6a, 0xff, 0xff, 0xff,
    0xff, 0xff, 0xff, 0xff, 0xc0, 0x0, 0x0, 0xe4,
    0xff, 0xff, 0xff, 0xff, 0xff, 0xff, 0xff, 0x4b,
    0x60, 0xff, 0xff, 0xff, 0xff, 0xff, 0xff, 0xff,
    0xc2, 0x0, 0x0, 0xe9, 0xff, 0xff, 0xff, 0xff,
    0xff, 0xff, 0xff, 0x41, 0x4f, 0xff, 0xff, 0xff,
    0xff, 0xff, 0xff, 0xff, 0xcf, 0x0, 0x0, 0xf8,
    0xff, 0xff, 0xff, 0xff, 0xff, 0xff, 0xff, 0x30,
    0x21, 0xff, 0xff, 0xff, 0xff, 0xff, 0xff, 0xff,
    0xf5, 0x1f, 0x44, 0xff, 0xff, 0xff, 0xff, 0xff,
    0xff, 0xff, 0xfb, 0xe, 0x0, 0xd8, 0xff, 0xff,
    0xff, 0xff, 0xff, 0xff, 0xff, 0xfe, 0xff, 0xff,
    0xff, 0xff, 0xff, 0xff, 0xff, 0xff, 0xbc, 0x0,
    0x0, 0x59, 0xff, 0xff, 0xff, 0xff, 0xff, 0xff,
    0xff, 0xff, 0xff, 0xff, 0xff, 0xff, 0xff, 0xff,
    0xff, 0xfe, 0x3c, 0x0, 0x0, 0x1, 0xad, 0xff,
    0xff, 0xff, 0xff, 0xff, 0xff, 0xff, 0xff, 0xff,
    0xff, 0xff, 0xff, 0xff, 0xff, 0x8d, 0x0, 0x0,
    0x0, 0x0, 0x5, 0x93, 0xfe, 0xff, 0xff, 0xff,
    0xff, 0xff, 0xff, 0xff, 0xff, 0xff, 0xff, 0xff,
    0x93, 0x1, 0x0, 0x0, 0x0, 0x0, 0x0, 0x0,
    0x33, 0xa3, 0xed, 0xff, 0xff, 0xff, 0xff, 0xff,
    0xff, 0xfc, 0xc0, 0x3e, 0x0, 0x0, 0x0, 0x0,
    0x0, 0x0, 0x0, 0x0, 0x0, 0x0, 0x3, 0x39,
    0x59, 0x70, 0x79, 0x66, 0x4d, 0x11, 0x0, 0x0,
    0x0, 0x0, 0x0, 0x0,

    /* U+0056 "V" */
    0x2a, 0xff, 0xff, 0xff, 0xff, 0xff, 0xff, 0xff,
    0xff, 0x7d, 0x0, 0x0, 0x0, 0x8d, 0xff, 0xff,
    0xff, 0xff, 0xff, 0xff, 0xff, 0xff, 0x1a, 0x6,
    0xfc, 0xff, 0xff, 0xff, 0xff, 0xff, 0xff, 0xff,
    0x9a, 0x0, 0x0, 0x0, 0xa5, 0xff, 0xff, 0xff,
    0xff, 0xff, 0xff, 0xff, 0xf8, 0x1, 0x0, 0xde,
    0xff, 0xff, 0xff, 0xff, 0xff, 0xff, 0xff, 0xb6,
    0x0, 0x0, 0x0, 0xbd, 0xff, 0xff, 0xff, 0xff,
    0xff, 0xff, 0xff, 0xd8, 0x0, 0x0, 0xb8, 0xff,
    0xff, 0xff, 0xff, 0xff, 0xff, 0xff, 0xd2, 0x0,
    0x0, 0x0, 0xd5, 0xff, 0xff, 0xff, 0xff, 0xff,
    0xff, 0xff, 0xb6, 0x0, 0x0, 0x92, 0xff, 0xff,
    0xff, 0xff, 0xff, 0xff, 0xff, 0xee, 0x0, 0x0,
    0x0, 0xee, 0xff, 0xff, 0xff, 0xff, 0xff, 0xff,
    0xff, 0x95, 0x0, 0x0, 0x6c, 0xff, 0xff, 0xff,
    0xff, 0xff, 0xff, 0xff, 0xff, 0xa, 0x0, 0x6,
    0xff, 0xff, 0xff, 0xff, 0xff, 0xff, 0xff, 0xff,
    0x74, 0x0, 0x0, 0x46, 0xff, 0xff, 0xff, 0xff,
    0xff, 0xff, 0xff, 0xff, 0x25, 0x0, 0x1e, 0xff,
    0xff, 0xff, 0xff, 0xff, 0xff, 0xff, 0xff, 0x52,
    0x0, 0x0, 0x20, 0xff, 0xff, 0xff, 0xff, 0xff,
    0xff, 0xff, 0xff, 0x40, 0x0, 0x36, 0xff, 0xff,
    0xff, 0xff, 0xff, 0xff, 0xff, 0xff, 0x31, 0x0,
    0x0, 0x2, 0xf7, 0xff, 0xff, 0xff, 0xff, 0xff,
    0xff, 0xff, 0x5a, 0x0, 0x4e, 0xff, 0xff, 0xff,
    0xff, 0xff, 0xff, 0xff, 0xff, 0xf, 0x0, 0x0,
    0x0, 0xd4, 0xff, 0xff, 0xff, 0xff, 0xff, 0xff,
    0xff, 0x74, 0x0, 0x65, 0xff, 0xff, 0xff, 0xff,
    0xff, 0xff, 0xff, 0xee, 0x0, 0x0, 0x0, 0x0,
    0xae, 0xff, 0xff, 0xff, 0xff, 0xff, 0xff, 0xff,
    0x8e, 0x0, 0x7c, 0xff, 0xff, 0xff, 0xff, 0xff,
    0xff, 0xff, 0xcd, 0x0, 0x0, 0x0, 0x0, 0x88,
    0xff, 0xff, 0xff, 0xff, 0xff, 0xff, 0xff, 0xa7,
    0x0, 0x92, 0xff, 0xff, 0xff, 0xff, 0xff, 0xff,
    0xff, 0xab, 0x0, 0x0, 0x0, 0x0, 0x62, 0xff,
    0xff, 0xff, 0xff, 0xff, 0xff, 0xff, 0xc1, 0x0,
    0xa8, 0xff, 0xff, 0xff, 0xff, 0xff, 0xff, 0xff,
    0x8a, 0x0, 0x0, 0x0, 0x0, 0x3c, 0xff, 0xff,
    0xff, 0xff, 0xff, 0xff, 0xff, 0xd8, 0x0, 0xbd,
    0xff, 0xff, 0xff, 0xff, 0xff, 0xff, 0xff, 0x69,
    0x0, 0x0, 0x0, 0x0, 0x16, 0xff, 0xff, 0xff,
    0xff, 0xff, 0xff, 0xff, 0xf0, 0x0, 0xd2, 0xff,
    0xff, 0xff, 0xff, 0xff, 0xff, 0xff, 0x47, 0x0,
    0x0, 0x0, 0x0, 0x0, 0xef, 0xff, 0xff, 0xff,
    0xff, 0xff, 0xff, 0xff, 0x8, 0xe6, 0xff, 0xff,
    0xff, 0xff, 0xff, 0xff, 0xff, 0x26, 0x0, 0x0,
    0x0, 0x0, 0x0, 0xca, 0xff, 0xff, 0xff, 0xff,
    0xff, 0xff, 0xff, 0x1e, 0xf9, 0xff, 0xff, 0xff,
    0xff, 0xff, 0xff, 0xfd, 0x6, 0x0, 0x0, 0x0,
    0x0, 0x0, 0xa4, 0xff, 0xff, 0xff, 0xff, 0xff,
    0xff, 0xff, 0x42, 0xff, 0xff, 0xff, 0xff, 0xff,
    0xff, 0xff, 0xe3, 0x0, 0x0, 0x0, 0x0, 0x0,
    0x0, 0x7e, 0xff, 0xff, 0xff, 0xff, 0xff, 0xff,
    0xff, 0x6a, 0xff, 0xff, 0xff, 0xff, 0xff, 0xff,
    0xff, 0xc2, 0x0, 0x0, 0x0, 0x0, 0x0, 0x0,
    0x58, 0xff, 0xff, 0xff, 0xff, 0xff, 0xff, 0xff,
    0x92, 0xff, 0xff, 0xff, 0xff, 0xff, 0xff, 0xff,
    0xa0, 0x0, 0x0, 0x0, 0x0, 0x0, 0x0, 0x32,
    0xff, 0xff, 0xff, 0xff, 0xff, 0xff, 0xff, 0xb9,
    0xff, 0xff, 0xff, 0xff, 0xff, 0xff, 0xff, 0x7f,
    0x0, 0x0, 0x0, 0x0, 0x0, 0x0, 0xc, 0xff,
    0xff, 0xff, 0xff, 0xff, 0xff, 0xff, 0xdf, 0xff,
    0xff, 0xff, 0xff, 0xff, 0xff, 0xff, 0x5e, 0x0,
    0x0, 0x0, 0x0, 0x0, 0x0, 0x0, 0xe6, 0xff,
    0xff, 0xff, 0xff, 0xff, 0xff, 0xfd, 0xff, 0xff,
    0xff, 0xff, 0xff, 0xff, 0xff, 0x3c, 0x0, 0x0,
    0x0, 0x0, 0x0, 0x0, 0x0, 0xc0, 0xff, 0xff,
    0xff, 0xff, 0xff, 0xff, 0xff, 0xff, 0xff, 0xff,
    0xff, 0xff, 0xff, 0xff, 0x1b, 0x0, 0x0, 0x0,
    0x0, 0x0, 0x0, 0x0, 0x9a, 0xff, 0xff, 0xff,
    0xff, 0xff, 0xff, 0xff, 0xff, 0xff, 0xff, 0xff,
    0xff, 0xff, 0xf8, 0x1, 0x0, 0x0, 0x0, 0x0,
    0x0, 0x0, 0x0, 0x74, 0xff, 0xff, 0xff, 0xff,
    0xff, 0xff, 0xff, 0xff, 0xff, 0xff, 0xff, 0xff,
    0xff, 0xd8, 0x0, 0x0, 0x0, 0x0, 0x0, 0x0,
    0x0, 0x0, 0x4e, 0xff, 0xff, 0xff, 0xff, 0xff,
    0xff, 0xff, 0xff, 0xff, 0xff, 0xff, 0xff, 0xff,
    0xb7, 0x0, 0x0, 0x0, 0x0, 0x0, 0x0, 0x0,
    0x0, 0x28, 0xff, 0xff, 0xff, 0xff, 0xff, 0xff,
    0xff, 0xff, 0xff, 0xff, 0xff, 0xff, 0xff, 0x95,
    0x0, 0x0, 0x0, 0x0, 0x0, 0x0, 0x0, 0x0,
    0x5, 0xfb, 0xff, 0xff, 0xff, 0xff, 0xff, 0xff,
    0xff, 0xff, 0xff, 0xff, 0xff, 0xff, 0x74, 0x0,
    0x0, 0x0, 0x0, 0x0, 0x0, 0x0, 0x0, 0x0,
    0xdc, 0xff, 0xff, 0xff, 0xff, 0xff, 0xff, 0xff,
    0xff, 0xff, 0xff, 0xff, 0xff, 0x53, 0x0, 0x0,
    0x0, 0x0, 0x0, 0x0, 0x0, 0x0, 0x0, 0xb6,
    0xff, 0xff, 0xff, 0xff, 0xff, 0xff, 0xff, 0xff,
    0xff, 0xff, 0xff, 0xff, 0x31, 0x0, 0x0, 0x0,
    0x0, 0x0, 0x0, 0x0, 0x0, 0x0, 0x8f, 0xff,
    0xff, 0xff, 0xff, 0xff, 0xff, 0xff, 0xff, 0xff,
    0xff, 0xff, 0xff, 0x10, 0x0, 0x0, 0x0, 0x0,

    /* U+0057 "W" */
    0xf1, 0xff, 0xff, 0xff, 0xff, 0xff, 0xff, 0xff,
    0x5, 0x0, 0x0, 0x1d, 0xff, 0xff, 0xff, 0xff,
    0xff, 0xff, 0xff, 0xff, 0x90, 0x0, 0x0, 0x0,
    0x78, 0xff, 0xff, 0xff, 0xff, 0xff, 0xff, 0xff,
    0x84, 0xd4, 0xff, 0xff, 0xff, 0xff, 0xff, 0xff,
    0xff, 0x18, 0x0, 0x0, 0x3e, 0xff, 0xff, 0xff,
    0xff, 0xff, 0xff, 0xff, 0xff, 0xa8, 0x0, 0x0,
    0x0, 0x97, 0xff, 0xff, 0xff, 0xff, 0xff, 0xff,
    0xff, 0x67, 0xb7, 0xff, 0xff, 0xff, 0xff, 0xff,
    0xff, 0xff, 0x2c, 0x0, 0x0, 0x60, 0xff, 0xff,
    0xff, 0xff, 0xff, 0xff, 0xff, 0xff, 0xbf, 0x0,
    0x0, 0x0, 0xb7, 0xff, 0xff, 0xff, 0xff, 0xff,
    0xff, 0xff, 0x4a, 0x99, 0xff, 0xff, 0xff, 0xff,
    0xff, 0xff, 0xff, 0x3f, 0x0, 0x0, 0x80, 0xff,
    0xff, 0xff, 0xff, 0xff, 0xff, 0xff, 0xff, 0xd6,
    0x0, 0x0, 0x0, 0xd6, 0xff, 0xff, 0xff, 0xff,
    0xff, 0xff, 0xff, 0x2d, 0x7c, 0xff, 0xff, 0xff,
    0xff, 0xff, 0xff, 0xff, 0x52, 0x0, 0x0, 0xa1,
    0xff, 0xff, 0xff, 0xff, 0xff, 0xff, 0xff, 0xff,
    0xea, 0x0, 0x0, 0x0, 0xf4, 0xff, 0xff, 0xff,
    0xff, 0xff, 0xff, 0xff, 0xf, 0x5f, 0xff, 0xff,
    0xff, 0xff, 0xff, 0xff, 0xff, 0x66, 0x0, 0x0,
    0xc1, 0xff, 0xff, 0xff, 0xff, 0xff, 0xff, 0xff,
    0xff, 0xfd, 0x2, 0x0, 0x15, 0xff, 0xff, 0xff,
    0xff, 0xff, 0xff, 0xff, 0xf2, 0x0, 0x41, 0xff,
    0xff, 0xff, 0xff, 0xff, 0xff, 0xff, 0x79, 0x0,
    0x0, 0xe0, 0xff, 0xff, 0xff, 0xff, 0xff, 0xff,
    0xff, 0xff, 0xff, 0x14, 0x0, 0x34, 0xff, 0xff,
    0xff, 0xff, 0xff, 0xff, 0xff, 0xd5, 0x0, 0x24,
    0xff, 0xff, 0xff, 0xff, 0xff, 0xff, 0xff, 0x8c,
    0x0, 0x2, 0xfb, 0xff, 0xff, 0xff, 0xff, 0xff,
    0xff, 0xff, 0xff, 0xff, 0x29, 0x0, 0x53, 0xff,
    0xff, 0xff, 0xff, 0xff, 0xff, 0xff, 0xb8, 0x0,
    0x7, 0xfe, 0xff, 0xff, 0xff, 0xff, 0xff, 0xff,
    0xa0, 0x0, 0x1c, 0xff, 0xff, 0xff, 0xff, 0xff,
    0xff, 0xff, 0xff, 0xff, 0xff, 0x3e, 0x0, 0x73,
    0xff, 0xff, 0xff, 0xff, 0xff, 0xff, 0xff, 0x9a,
    0x0, 0x0, 0xe9, 0xff, 0xff, 0xff, 0xff, 0xff,
    0xff, 0xb3, 0x0, 0x39, 0xff, 0xff, 0xff, 0xff,
    0xff, 0xff, 0xff, 0xff, 0xff, 0xff, 0x52, 0x0,
    0x92, 0xff, 0xff, 0xff, 0xff, 0xff, 0xff, 0xff,
    0x7d, 0x0, 0x0, 0xcc, 0xff, 0xff, 0xff, 0xff,
    0xff, 0xff, 0xc6, 0x0, 0x55, 0xff, 0xff, 0xff,
    0xff, 0xff, 0xff, 0xff, 0xff, 0xff, 0xff, 0x66,
    0x0, 0xb2, 0xff, 0xff, 0xff, 0xff, 0xff, 0xff,
    0xff, 0x60, 0x0, 0x0, 0xae, 0xff, 0xff, 0xff,
    0xff, 0xff, 0xff, 0xda, 0x0, 0x70, 0xff, 0xff,
    0xff, 0xff, 0xff, 0xff, 0xff, 0xff, 0xff, 0xff,
    0x79, 0x0, 0xcd, 0xff, 0xff, 0xff, 0xff, 0xff,
    0xff, 0xff, 0x43, 0x0, 0x0, 0x91, 0xff, 0xff,
    0xff, 0xff, 0xff, 0xff, 0xef, 0x0, 0x8a, 0xff,
    0xff, 0xff, 0xff, 0xff, 0xff, 0xff, 0xff, 0xff,
    0xff, 0x8c, 0x0, 0xe2, 0xff, 0xff, 0xff, 0xff,
    0xff, 0xff, 0xff, 0x25, 0x0, 0x0, 0x74, 0xff,
    0xff, 0xff, 0xff, 0xff, 0xff, 0xfe, 0x4, 0xa5,
    0xff, 0xff, 0xff, 0xff, 0xff, 0xff, 0xff, 0xff,
    0xff, 0xff, 0x9f, 0x0, 0xf6, 0xff, 0xff, 0xff,
    0xff, 0xff, 0xff, 0xff, 0x9, 0x0, 0x0, 0x56,
    0xff, 0xff, 0xff, 0xff, 0xff, 0xff, 0xff, 0x18,
    0xbe, 0xff, 0xff, 0xff, 0xff, 0xff, 0xff, 0xff,
    0xff, 0xff, 0xff, 0xb2, 0xb, 0xff, 0xff, 0xff,
    0xff, 0xff, 0xff, 0xff, 0xeb, 0x0, 0x0, 0x0,
    0x39, 0xff, 0xff, 0xff, 0xff, 0xff, 0xff, 0xff,
    0x2c, 0xd6, 0xff, 0xff, 0xff, 0xff, 0xff, 0xed,
    0xff, 0xff, 0xff, 0xff, 0xc6, 0x1f, 0xff, 0xff,
    0xff, 0xff, 0xff, 0xff, 0xff, 0xce, 0x0, 0x0,
    0x0, 0x1c, 0xff, 0xff, 0xff, 0xff, 0xff, 0xff,
    0xff, 0x40, 0xec, 0xff, 0xff, 0xff, 0xff, 0xfd,
    0xb2, 0xff, 0xff, 0xff, 0xff, 0xd9, 0x33, 0xff,
    0xff, 0xff, 0xff, 0xff, 0xff, 0xff, 0xb0, 0x0,
    0x0, 0x0, 0x2, 0xfb, 0xff, 0xff, 0xff, 0xff,
    0xff, 0xff, 0x58, 0xfe, 0xff, 0xff, 0xff, 0xff,
    0xe1, 0x8d, 0xff, 0xff, 0xff, 0xff, 0xec, 0x47,
    0xff, 0xff, 0xff, 0xff, 0xff, 0xff, 0xff, 0x93,
    0x0, 0x0, 0x0, 0x0, 0xe1, 0xff, 0xff, 0xff,
    0xff, 0xff, 0xff, 0x7f, 0xff, 0xff, 0xff, 0xff,
    0xff, 0xc0, 0x6e, 0xff, 0xff, 0xff, 0xff, 0xfd,
    0x5d, 0xff, 0xff, 0xff, 0xff, 0xff, 0xff, 0xff,
    0x76, 0x0, 0x0, 0x0, 0x0, 0xc3, 0xff, 0xff,
    0xff, 0xff, 0xff, 0xff, 0xa7, 0xff, 0xff, 0xff,
    0xff, 0xff, 0x9d, 0x4e, 0xff, 0xff, 0xff, 0xff,
    0xff, 0x82, 0xff, 0xff, 0xff, 0xff, 0xff, 0xff,
    0xff, 0x59, 0x0, 0x0, 0x0, 0x0, 0xa6, 0xff,
    0xff, 0xff, 0xff, 0xff, 0xff, 0xcc, 0xff, 0xff,
    0xff, 0xff, 0xff, 0x7b, 0x2d, 0xff, 0xff, 0xff,
    0xff, 0xff, 0xa9, 0xff, 0xff, 0xff, 0xff, 0xff,
    0xff, 0xff, 0x3b, 0x0, 0x0, 0x0, 0x0, 0x89,
    0xff, 0xff, 0xff, 0xff, 0xff, 0xff, 0xf0, 0xff,
    0xff, 0xff, 0xff, 0xff, 0x58, 0xa, 0xfe, 0xff,
    0xff, 0xff, 0xff, 0xd0, 0xff, 0xff, 0xff, 0xff,
    0xff, 0xff, 0xff, 0x1e, 0x0, 0x0, 0x0, 0x0,
    0x6b, 0xff, 0xff, 0xff, 0xff, 0xff, 0xff, 0xff,
    0xff, 0xff, 0xff, 0xff, 0xff, 0x35, 0x0, 0xe5,
    0xff, 0xff, 0xff, 0xff, 0xf6, 0xff, 0xff, 0xff,
    0xff, 0xff, 0xff, 0xfd, 0x4, 0x0, 0x0, 0x0,
    0x0, 0x4e, 0xff, 0xff, 0xff, 0xff, 0xff, 0xff,
    0xff, 0xff, 0xff, 0xff, 0xff, 0xff, 0x12, 0x0,
    0xc1, 0xff, 0xff, 0xff, 0xff, 0xff, 0xff, 0xff,
    0xff, 0xff, 0xff, 0xff, 0xe4, 0x0, 0x0, 0x0,
    0x0, 0x0, 0x31, 0xff, 0xff, 0xff, 0xff, 0xff,
    0xff, 0xff, 0xff, 0xff, 0xff, 0xff, 0xef, 0x0,
    0x0, 0x9b, 0xff, 0xff, 0xff, 0xff, 0xff, 0xff,
    0xff, 0xff, 0xff, 0xff, 0xff, 0xc6, 0x0, 0x0,
    0x0, 0x0, 0x0, 0x13, 0xff, 0xff, 0xff, 0xff,
    0xff, 0xff, 0xff, 0xff, 0xff, 0xff, 0xff, 0xcb,
    0x0, 0x0, 0x74, 0xff, 0xff, 0xff, 0xff, 0xff,
    0xff, 0xff, 0xff, 0xff, 0xff, 0xff, 0xa9, 0x0,
    0x0, 0x0, 0x0, 0x0, 0x0, 0xf5, 0xff, 0xff,
    0xff, 0xff, 0xff, 0xff, 0xff, 0xff, 0xff, 0xff,
    0xa8, 0x0, 0x0, 0x4b, 0xff, 0xff, 0xff, 0xff,
    0xff, 0xff, 0xff, 0xff, 0xff, 0xff, 0xff, 0x8c,
    0x0, 0x0, 0x0, 0x0, 0x0, 0x0, 0xd8, 0xff,
    0xff, 0xff, 0xff, 0xff, 0xff, 0xff, 0xff, 0xff,
    0xff, 0x85, 0x0, 0x0, 0x23, 0xff, 0xff, 0xff,
    0xff, 0xff, 0xff, 0xff, 0xff, 0xff, 0xff, 0xff,
    0x6f, 0x0, 0x0, 0x0, 0x0, 0x0, 0x0, 0xbb,
    0xff, 0xff, 0xff, 0xff, 0xff, 0xff, 0xff, 0xff,
    0xff, 0xff, 0x61, 0x0, 0x0, 0x2, 0xf6, 0xff,
    0xff, 0xff, 0xff, 0xff, 0xff, 0xff, 0xff, 0xff,
    0xff, 0x51, 0x0, 0x0, 0x0, 0x0, 0x0, 0x0,
    0x9e, 0xff, 0xff, 0xff, 0xff, 0xff, 0xff, 0xff,
    0xff, 0xff, 0xff, 0x3d, 0x0, 0x0, 0x0, 0xcb,
    0xff, 0xff, 0xff, 0xff, 0xff, 0xff, 0xff, 0xff,
    0xff, 0xff, 0x34, 0x0, 0x0, 0x0, 0x0, 0x0,
    0x0, 0x80, 0xff, 0xff, 0xff, 0xff, 0xff, 0xff,
    0xff, 0xff, 0xff, 0xff, 0x19, 0x0, 0x0, 0x0,
    0x9d, 0xff, 0xff, 0xff, 0xff, 0xff, 0xff, 0xff,
    0xff, 0xff, 0xff, 0x17, 0x0, 0x0, 0x0, 0x0,
    0x0, 0x0, 0x63, 0xff, 0xff, 0xff, 0xff, 0xff,
    0xff, 0xff, 0xff, 0xff, 0xf5, 0x0, 0x0, 0x0,
    0x0, 0x6f, 0xff, 0xff, 0xff, 0xff, 0xff, 0xff,
    0xff, 0xff, 0xff, 0xf9, 0x1, 0x0, 0x0, 0x0,

    /* U+0058 "X" */
    0xe5, 0xff, 0xff, 0xff, 0xff, 0xff, 0xff, 0xfe,
    0xb, 0x0, 0x0, 0xb2, 0xff, 0xff, 0xff, 0xff,
    0xff, 0xff, 0x31, 0x0, 0xb0, 0xff, 0xff, 0xff,
    0xff, 0xff, 0xff, 0xff, 0x3a, 0x0, 0x0, 0xe5,
    0xff, 0xff, 0xff, 0xff, 0xff, 0xf8, 0x5, 0x0,
    0x7a, 0xff, 0xff, 0xff, 0xff, 0xff, 0xff, 0xff,
    0x6c, 0x0, 0x18, 0xff, 0xff, 0xff, 0xff, 0xff,
    0xff, 0xca, 0x0, 0x0, 0x44, 0xff, 0xff, 0xff,
    0xff, 0xff, 0xff, 0xff, 0x9f, 0x0, 0x4c, 0xff,
    0xff, 0xff, 0xff, 0xff, 0xff, 0x96, 0x0, 0x0,
    0x10, 0xfe, 0xff, 0xff, 0xff, 0xff, 0xff, 0xff,
    0xd4, 0x0, 0x7f, 0xff, 0xff, 0xff, 0xff, 0xff,
    0xff, 0x63, 0x0, 0x0, 0x0, 0xd9, 0xff, 0xff,
    0xff, 0xff, 0xff, 0xff, 0xfd, 0xb, 0xb3, 0xff,
    0xff, 0xff, 0xff, 0xff, 0xff, 0x2f, 0x0, 0x0,
    0x0, 0xa3, 0xff, 0xff, 0xff, 0xff, 0xff, 0xff,
    0xff, 0x3d, 0xe6, 0xff, 0xff, 0xff, 0xff, 0xff,
    0xf7, 0x4, 0x0, 0x0, 0x0, 0x6e, 0xff, 0xff,
    0xff, 0xff, 0xff, 0xff, 0xff, 0x87, 0xff, 0xff,
    0xff, 0xff, 0xff, 0xff, 0xc8, 0x0, 0x0, 0x0,
    0x0, 0x38, 0xff, 0xff, 0xff, 0xff, 0xff, 0xff,
    0xff, 0xe6, 0xff, 0xff, 0xff, 0xff, 0xff, 0xff,
    0x94, 0x0, 0x0, 0x0, 0x0, 0x7, 0xfa, 0xff,
    0xff, 0xff, 0xff, 0xff, 0xff, 0xff, 0xff, 0xff,
    0xff, 0xff, 0xff, 0xff, 0x60, 0x0, 0x0, 0x0,
    0x0, 0x0, 0xcd, 0xff, 0xff, 0xff, 0xff, 0xff,
    0xff, 0xff, 0xff, 0xff, 0xff, 0xff, 0xff, 0xff,
    0x2c, 0x0, 0x0, 0x0, 0x0, 0x0, 0x97, 0xff,
    0xff, 0xff, 0xff, 0xff, 0xff, 0xff, 0xff, 0xff,
    0xff, 0xff, 0xff, 0xf5, 0x3, 0x0, 0x0, 0x0,
    0x0, 0x0, 0x61, 0xff, 0xff, 0xff, 0xff, 0xff,
    0xff, 0xff, 0xff, 0xff, 0xff, 0xff, 0xff, 0xc5,
    0x0, 0x0, 0x0, 0x0, 0x0, 0x0, 0x2c, 0xff,
    0xff, 0xff, 0xff, 0xff, 0xff, 0xff, 0xff, 0xff,
    0xff, 0xff, 0xff, 0x91, 0x0, 0x0, 0x0, 0x0,
    0x0, 0x0, 0x17, 0xff, 0xff, 0xff, 0xff, 0xff,
    0xff, 0xff, 0xff, 0xff, 0xff, 0xff, 0xff, 0x86,
    0x0, 0x0, 0x0, 0x0, 0x0, 0x0, 0x41, 0xff,
    0xff, 0xff, 0xff, 0xff, 0xff, 0xff, 0xff, 0xff,
    0xff, 0xff, 0xff, 0xc3, 0x0, 0x0, 0x0, 0x0,
    0x0, 0x0, 0x6c, 0xff, 0xff, 0xff, 0xff, 0xff,
    0xff, 0xff, 0xff, 0xff, 0xff, 0xff, 0xff, 0xf8,
    0x8, 0x0, 0x0, 0x0, 0x0, 0x0, 0x97, 0xff,
    0xff, 0xff, 0xff, 0xff, 0xff, 0xff, 0xff, 0xff,
    0xff, 0xff, 0xff, 0xff, 0x3f, 0x0, 0x0, 0x0,
    0x0, 0x0, 0xc1, 0xff, 0xff, 0xff, 0xff, 0xff,
    0xff, 0xff, 0xff, 0xff, 0xff, 0xff, 0xff, 0xff,
    0x7d, 0x0, 0x0, 0x0, 0x0, 0x0, 0xeb, 0xff,
    0xff, 0xff, 0xff, 0xff, 0xff, 0xff, 0xff, 0xff,
    0xff, 0xff, 0xff, 0xff, 0xbb, 0x0, 0x0, 0x0,
    0x0, 0x16, 0xff, 0xff, 0xff, 0xff, 0xff, 0xff,
    0xff, 0xf0, 0xff, 0xff, 0xff, 0xff, 0xff, 0xff,
    0xf4, 0x4, 0x0, 0x0, 0x0, 0x41, 0xff, 0xff,
    0xff, 0xff, 0xff, 0xff, 0xff, 0xaa, 0xff, 0xff,
    0xff, 0xff, 0xff, 0xff, 0xff, 0x37, 0x0, 0x0,
    0x0, 0x6c, 0xff, 0xff, 0xff, 0xff, 0xff, 0xff,
    0xff, 0x68, 0xf5, 0xff, 0xff, 0xff, 0xff, 0xff,
    0xff, 0x76, 0x0, 0x0, 0x0, 0x96, 0xff, 0xff,
    0xff, 0xff, 0xff, 0xff, 0xff, 0x47, 0xcb, 0xff,
    0xff, 0xff, 0xff, 0xff, 0xff, 0xb4, 0x0, 0x0,
    0x0, 0xc1, 0xff, 0xff, 0xff, 0xff, 0xff, 0xff,
    0xff, 0x22, 0x99, 0xff, 0xff, 0xff, 0xff, 0xff,
    0xff, 0xef, 0x2, 0x0, 0x0, 0xeb, 0xff, 0xff,
    0xff, 0xff, 0xff, 0xff, 0xf9, 0x3, 0x66, 0xff,
    0xff, 0xff, 0xff, 0xff, 0xff, 0xff, 0x30, 0x0,
    0x16, 0xff, 0xff, 0xff, 0xff, 0xff, 0xff, 0xff,
    0xd6, 0x0, 0x32, 0xff, 0xff, 0xff, 0xff, 0xff,
    0xff, 0xff, 0x6e, 0x0, 0x41, 0xff, 0xff, 0xff,
    0xff, 0xff, 0xff, 0xff, 0xb0, 0x0, 0x4, 0xf4,
    0xff, 0xff, 0xff, 0xff, 0xff, 0xff, 0xac, 0x0,
    0x6b, 0xff, 0xff, 0xff, 0xff, 0xff, 0xff, 0xff,
    0x89, 0x0, 0x0, 0xbe, 0xff, 0xff, 0xff, 0xff,
    0xff, 0xff, 0xe9, 0x0, 0x96, 0xff, 0xff, 0xff,
    0xff, 0xff, 0xff, 0xff, 0x63, 0x0, 0x0, 0x81,
    0xff, 0xff, 0xff, 0xff, 0xff, 0xff, 0xff, 0x28,
    0xc0, 0xff, 0xff, 0xff, 0xff, 0xff, 0xff, 0xff,
    0x3d, 0x0, 0x0, 0x3f, 0xff, 0xff, 0xff, 0xff,
    0xff, 0xff, 0xff, 0x66, 0xeb, 0xff, 0xff, 0xff,
    0xff, 0xff, 0xff, 0xff, 0x17, 0x0, 0x0, 0x6,
    0xf4, 0xff, 0xff, 0xff, 0xff, 0xff, 0xff, 0xa4,

    /* U+0059 "Y" */
    0x19, 0xfe, 0xff, 0xff, 0xff, 0xff, 0xff, 0xff,
    0x6b, 0x0, 0x0, 0x0, 0x7f, 0xff, 0xff, 0xff,
    0xff, 0xff, 0xff, 0xf7, 0xa, 0x0, 0xd0, 0xff,
    0xff, 0xff, 0xff, 0xff, 0xff, 0x9b, 0x0, 0x0,
    0x0, 0xb4, 0xff, 0xff, 0xff, 0xff, 0xff, 0xff,
    0xb6, 0x0, 0x0, 0x87, 0xff, 0xff, 0xff, 0xff,
    0xff, 0xff, 0xca, 0x0, 0x0, 0x0, 0xe9, 0xff,
    0xff, 0xff, 0xff, 0xff, 0xff, 0x6b, 0x0, 0x0,
    0x3f, 0xff, 0xff, 0xff, 0xff, 0xff, 0xff, 0xf6,
    0x2, 0x0, 0x1f, 0xff, 0xff, 0xff, 0xff, 0xff,
    0xff, 0xff, 0x21, 0x0, 0x0, 0x4, 0xf1, 0xff,
    0xff, 0xff, 0xff, 0xff, 0xff, 0x26, 0x0, 0x51,
    0xff, 0xff, 0xff, 0xff, 0xff, 0xff, 0xd5, 0x0,
    0x0, 0x0, 0x0, 0xae, 0xff, 0xff, 0xff, 0xff,
    0xff, 0xff, 0x53, 0x0, 0x81, 0xff, 0xff, 0xff,
    0xff, 0xff, 0xff, 0x8a, 0x0, 0x0, 0x0, 0x0,
    0x65, 0xff, 0xff, 0xff, 0xff, 0xff, 0xff, 0x7e,
    0x0, 0xb2, 0xff, 0xff, 0xff, 0xff, 0xff, 0xff,
    0x3f, 0x0, 0x0, 0x0, 0x0, 0x1d, 0xff, 0xff,
    0xff, 0xff, 0xff, 0xff, 0xa9, 0x0, 0xe1, 0xff,
    0xff, 0xff, 0xff, 0xff, 0xf0, 0x4, 0x0, 0x0,
    0x0, 0x0, 0x0, 0xd4, 0xff, 0xff, 0xff, 0xff,
    0xff, 0xd0, 0xd, 0xff, 0xff, 0xff, 0xff, 0xff,
    0xff, 0xa9, 0x0, 0x0, 0x0, 0x0, 0x0, 0x0,
    0x8c, 0xff, 0xff, 0xff, 0xff, 0xff, 0xf4, 0x39,
    0xff, 0xff, 0xff, 0xff, 0xff, 0xff, 0x5e, 0x0,
    0x0, 0x0, 0x0, 0x0, 0x0, 0x43, 0xff, 0xff,
    0xff, 0xff, 0xff, 0xff, 0x79, 0xff, 0xff, 0xff,
    0xff, 0xff, 0xfd, 0x16, 0x0, 0x0, 0x0, 0x0,
    0x0, 0x0, 0x6, 0xf4, 0xff, 0xff, 0xff, 0xff,
    0xff, 0xbc, 0xff, 0xff, 0xff, 0xff, 0xff, 0xc8,
    0x0, 0x0, 0x0, 0x0, 0x0, 0x0, 0x0, 0x0,
    0xb2, 0xff, 0xff, 0xff, 0xff, 0xff, 0xf5, 0xff,
    0xff, 0xff, 0xff, 0xff, 0x7d, 0x0, 0x0, 0x0,
    0x0, 0x0, 0x0, 0x0, 0x0, 0x6a, 0xff, 0xff,
    0xff, 0xff, 0xff, 0xff, 0xff, 0xff, 0xff, 0xff,
    0xff, 0x32, 0x0, 0x0, 0x0, 0x0, 0x0, 0x0,
    0x0, 0x0, 0x21, 0xff, 0xff, 0xff, 0xff, 0xff,
    0xff, 0xff, 0xff, 0xff, 0xff, 0xe6, 0x1, 0x0,
    0x0, 0x0, 0x0, 0x0, 0x0, 0x0, 0x0, 0x0,
    0xd9, 0xff, 0xff, 0xff, 0xff, 0xff, 0xff, 0xff,
    0xff, 0xff, 0x9c, 0x0, 0x0, 0x0, 0x0, 0x0,
    0x0, 0x0, 0x0, 0x0, 0x0, 0x90, 0xff, 0xff,
    0xff, 0xff, 0xff, 0xff, 0xff, 0xff, 0xff, 0x51,
    0x0, 0x0, 0x0, 0x0, 0x0, 0x0, 0x0, 0x0,
    0x0, 0x0, 0x48, 0xff, 0xff, 0xff, 0xff, 0xff,
    0xff, 0xff, 0xff, 0xf9, 0xd, 0x0, 0x0, 0x0,
    0x0, 0x0, 0x0, 0x0, 0x0, 0x0, 0x0, 0x8,
    0xf6, 0xff, 0xff, 0xff, 0xff, 0xff, 0xff, 0xff,
    0xbb, 0x0, 0x0, 0x0, 0x0, 0x0, 0x0, 0x0,
    0x0, 0x0, 0x0, 0x0, 0x0, 0xb7, 0xff, 0xff,
    0xff, 0xff, 0xff, 0xff, 0xff, 0x70, 0x0, 0x0,
    0x0, 0x0, 0x0, 0x0, 0x0, 0x0, 0x0, 0x0,
    0x0, 0x0, 0x7a, 0xff, 0xff, 0xff, 0xff, 0xff,
    0xff, 0xff, 0x32, 0x0, 0x0, 0x0, 0x0, 0x0,
    0x0, 0x0, 0x0, 0x0, 0x0, 0x0, 0x0, 0x74,
    0xff, 0xff, 0xff, 0xff, 0xff, 0xff, 0xff, 0x2c,
    0x0, 0x0, 0x0, 0x0, 0x0, 0x0, 0x0, 0x0,
    0x0, 0x0, 0x0, 0x0, 0x74, 0xff, 0xff, 0xff,
    0xff, 0xff, 0xff, 0xff, 0x2c, 0x0, 0x0, 0x0,
    0x0, 0x0, 0x0, 0x0, 0x0, 0x0, 0x0, 0x0,
    0x0, 0x74, 0xff, 0xff, 0xff, 0xff, 0xff, 0xff,
    0xff, 0x2c, 0x0, 0x0, 0x0, 0x0, 0x0, 0x0,
    0x0, 0x0, 0x0, 0x0, 0x0, 0x0, 0x74, 0xff,
    0xff, 0xff, 0xff, 0xff, 0xff, 0xff, 0x2c, 0x0,
    0x0, 0x0, 0x0, 0x0, 0x0, 0x0, 0x0, 0x0,
    0x0, 0x0, 0x0, 0x74, 0xff, 0xff, 0xff, 0xff,
    0xff, 0xff, 0xff, 0x2c, 0x0, 0x0, 0x0, 0x0,
    0x0, 0x0, 0x0, 0x0, 0x0, 0x0, 0x0, 0x0,
    0x74, 0xff, 0xff, 0xff, 0xff, 0xff, 0xff, 0xff,
    0x2c, 0x0, 0x0, 0x0, 0x0, 0x0, 0x0, 0x0,
    0x0, 0x0, 0x0, 0x0, 0x0, 0x74, 0xff, 0xff,
    0xff, 0xff, 0xff, 0xff, 0xff, 0x2c, 0x0, 0x0,
    0x0, 0x0, 0x0, 0x0, 0x0, 0x0, 0x0, 0x0,
    0x0, 0x0, 0x74, 0xff, 0xff, 0xff, 0xff, 0xff,
    0xff, 0xff, 0x2c, 0x0, 0x0, 0x0, 0x0, 0x0,
    0x0, 0x0, 0x0, 0x0, 0x0, 0x0, 0x0, 0x74,
    0xff, 0xff, 0xff, 0xff, 0xff, 0xff, 0xff, 0x2c,
    0x0, 0x0, 0x0, 0x0, 0x0, 0x0, 0x0, 0x0,
    0x0, 0x0, 0x0, 0x0, 0x74, 0xff, 0xff, 0xff,
    0xff, 0xff, 0xff, 0xff, 0x2c, 0x0, 0x0, 0x0,
    0x0, 0x0, 0x0, 0x0, 0x0, 0x0, 0x0, 0x0,
    0x0, 0x74, 0xff, 0xff, 0xff, 0xff, 0xff, 0xff,
    0xff, 0x2c, 0x0, 0x0, 0x0, 0x0, 0x0, 0x0,

    /* U+005A "Z" */
    0x4, 0xff, 0xff, 0xff, 0xff, 0xff, 0xff, 0xff,
    0xff, 0xff, 0xff, 0xff, 0xff, 0xff, 0xff, 0x64,
    0x4, 0xff, 0xff, 0xff, 0xff, 0xff, 0xff, 0xff,
    0xff, 0xff, 0xff, 0xff, 0xff, 0xff, 0xff, 0x64,
    0x4, 0xff, 0xff, 0xff, 0xff, 0xff, 0xff, 0xff,
    0xff, 0xff, 0xff, 0xff, 0xff, 0xff, 0xff, 0x64,
    0x4, 0xff, 0xff, 0xff, 0xff, 0xff, 0xff, 0xff,
    0xff, 0xff, 0xff, 0xff, 0xff, 0xff, 0xff, 0x64,
    0x4, 0xff, 0xff, 0xff, 0xff, 0xff, 0xff, 0xff,
    0xff, 0xff, 0xff, 0xff, 0xff, 0xff, 0xff, 0x64,
    0x4, 0xff, 0xff, 0xff, 0xff, 0xff, 0xff, 0xff,
    0xff, 0xff, 0xff, 0xff, 0xff, 0xff, 0xff, 0x64,
    0x1, 0x78, 0x78, 0x78, 0x78, 0x78, 0xbe, 0xff,
    0xff, 0xff, 0xff, 0xff, 0xff, 0xff, 0xff, 0x58,
    0x0, 0x0, 0x0, 0x0, 0x0, 0x0, 0xc1, 0xff,
    0xff, 0xff, 0xff, 0xff, 0xff, 0xff, 0xfb, 0x13,
    0x0, 0x0, 0x0, 0x0, 0x0, 0x11, 0xfc, 0xff,
    0xff, 0xff, 0xff, 0xff, 0xff, 0xff, 0xbc, 0x0,
    0x0, 0x0, 0x0, 0x0, 0x0, 0x5c, 0xff, 0xff,
    0xff, 0xff, 0xff, 0xff, 0xff, 0xff, 0x6a, 0x0,
    0x0, 0x0, 0x0, 0x0, 0x0, 0xaa, 0xff, 0xff,
    0xff, 0xff, 0xff, 0xff, 0xff, 0xfe, 0x19, 0x0,
    0x0, 0x0, 0x0, 0x0, 0x5, 0xf1, 0xff, 0xff,
    0xff, 0xff, 0xff, 0xff, 0xff, 0xc6, 0x0, 0x0,
    0x0, 0x0, 0x0, 0x0, 0x45, 0xff, 0xff, 0xff,
    0xff, 0xff, 0xff, 0xff, 0xff, 0x73, 0x0, 0x0,
    0x0, 0x0, 0x0, 0x0, 0x93, 0xff, 0xff, 0xff,
    0xff, 0xff, 0xff, 0xff, 0xff, 0x21, 0x0, 0x0,
    0x0, 0x0, 0x0, 0x0, 0xe0, 0xff, 0xff, 0xff,
    0xff, 0xff, 0xff, 0xff, 0xcf, 0x0, 0x0, 0x0,
    0x0, 0x0, 0x0, 0x2e, 0xff, 0xff, 0xff, 0xff,
    0xff, 0xff, 0xff, 0xff, 0x7c, 0x0, 0x0, 0x0,
    0x0, 0x0, 0x0, 0x7c, 0xff, 0xff, 0xff, 0xff,
    0xff, 0xff, 0xff, 0xff, 0x2a, 0x0, 0x0, 0x0,
    0x0, 0x0, 0x0, 0xca, 0xff, 0xff, 0xff, 0xff,
    0xff, 0xff, 0xff, 0xd8, 0x0, 0x0, 0x0, 0x0,
    0x0, 0x0, 0x18, 0xfe, 0xff, 0xff, 0xff, 0xff,
    0xff, 0xff, 0xff, 0x86, 0x0, 0x0, 0x0, 0x0,
    0x0, 0x0, 0x65, 0xff, 0xff, 0xff, 0xff, 0xff,
    0xff, 0xff, 0xff, 0x33, 0x0, 0x0, 0x0, 0x0,
    0x0, 0x0, 0xb3, 0xff, 0xff, 0xff, 0xff, 0xff,
    0xff, 0xff, 0xe0, 0x0, 0x0, 0x0, 0x0, 0x0,
    0x0, 0xa, 0xf6, 0xff, 0xff, 0xff, 0xff, 0xff,
    0xff, 0xff, 0x8f, 0x0, 0x0, 0x0, 0x0, 0x0,
    0x0, 0x4e, 0xff, 0xff, 0xff, 0xff, 0xff, 0xff,
    0xff, 0xff, 0x3d, 0x0, 0x0, 0x0, 0x0, 0x0,
    0x0, 0x9c, 0xff, 0xff, 0xff, 0xff, 0xff, 0xff,
    0xff, 0xe8, 0x2, 0x0, 0x0, 0x0, 0x0, 0x0,
    0x1, 0xe7, 0xff, 0xff, 0xff, 0xff, 0xff, 0xff,
    0xff, 0x98, 0x0, 0x0, 0x0, 0x0, 0x0, 0x0,
    0x37, 0xff, 0xff, 0xff, 0xff, 0xff, 0xff, 0xff,
    0xff, 0xa7, 0x78, 0x78, 0x78, 0x78, 0x78, 0x2e,
    0x85, 0xff, 0xff, 0xff, 0xff, 0xff, 0xff, 0xff,
    0xff, 0xff, 0xff, 0xff, 0xff, 0xff, 0xff, 0x64,
    0xc0, 0xff, 0xff, 0xff, 0xff, 0xff, 0xff, 0xff,
    0xff, 0xff, 0xff, 0xff, 0xff, 0xff, 0xff, 0x64,
    0xc4, 0xff, 0xff, 0xff, 0xff, 0xff, 0xff, 0xff,
    0xff, 0xff, 0xff, 0xff, 0xff, 0xff, 0xff, 0x64,
    0xc4, 0xff, 0xff, 0xff, 0xff, 0xff, 0xff, 0xff,
    0xff, 0xff, 0xff, 0xff, 0xff, 0xff, 0xff, 0x64,
    0xc4, 0xff, 0xff, 0xff, 0xff, 0xff, 0xff, 0xff,
    0xff, 0xff, 0xff, 0xff, 0xff, 0xff, 0xff, 0x64,
    0xc4, 0xff, 0xff, 0xff, 0xff, 0xff, 0xff, 0xff,
    0xff, 0xff, 0xff, 0xff, 0xff, 0xff, 0xff, 0x64,

    /* U+005B "[" */
    0x5c, 0xff, 0xff, 0xff, 0xff, 0xff, 0xff, 0xff,
    0xff, 0x90, 0x5c, 0xff, 0xff, 0xff, 0xff, 0xff,
    0xff, 0xff, 0xff, 0x90, 0x5c, 0xff, 0xff, 0xff,
    0xff, 0xff, 0xff, 0xff, 0xff, 0x90, 0x5c, 0xff,
    0xff, 0xff, 0xff, 0xff, 0xff, 0xff, 0xff, 0x90,
    0x5c, 0xff, 0xff, 0xff, 0xff, 0xff, 0xff, 0xfe,
    0xf8, 0x8b, 0x5c, 0xff, 0xff, 0xff, 0xff, 0xff,
    0xff, 0xcc, 0x0, 0x0, 0x5c, 0xff, 0xff, 0xff,
    0xff, 0xff, 0xff, 0xcc, 0x0, 0x0, 0x5c, 0xff,
    0xff, 0xff, 0xff, 0xff, 0xff, 0xcc, 0x0, 0x0,
    0x5c, 0xff, 0xff, 0xff, 0xff, 0xff, 0xff, 0xcc,
    0x0, 0x0, 0x5c, 0xff, 0xff, 0xff, 0xff, 0xff,
    0xff, 0xcc, 0x0, 0x0, 0x5c, 0xff, 0xff, 0xff,
    0xff, 0xff, 0xff, 0xcc, 0x0, 0x0, 0x5c, 0xff,
    0xff, 0xff, 0xff, 0xff, 0xff, 0xcc, 0x0, 0x0,
    0x5c, 0xff, 0xff, 0xff, 0xff, 0xff, 0xff, 0xcc,
    0x0, 0x0, 0x5c, 0xff, 0xff, 0xff, 0xff, 0xff,
    0xff, 0xcc, 0x0, 0x0, 0x5c, 0xff, 0xff, 0xff,
    0xff, 0xff, 0xff, 0xcc, 0x0, 0x0, 0x5c, 0xff,
    0xff, 0xff, 0xff, 0xff, 0xff, 0xcc, 0x0, 0x0,
    0x5c, 0xff, 0xff, 0xff, 0xff, 0xff, 0xff, 0xcc,
    0x0, 0x0, 0x5c, 0xff, 0xff, 0xff, 0xff, 0xff,
    0xff, 0xcc, 0x0, 0x0, 0x5c, 0xff, 0xff, 0xff,
    0xff, 0xff, 0xff, 0xcc, 0x0, 0x0, 0x5c, 0xff,
    0xff, 0xff, 0xff, 0xff, 0xff, 0xcc, 0x0, 0x0,
    0x5c, 0xff, 0xff, 0xff, 0xff, 0xff, 0xff, 0xcc,
    0x0, 0x0, 0x5c, 0xff, 0xff, 0xff, 0xff, 0xff,
    0xff, 0xcc, 0x0, 0x0, 0x5c, 0xff, 0xff, 0xff,
    0xff, 0xff, 0xff, 0xcc, 0x0, 0x0, 0x5c, 0xff,
    0xff, 0xff, 0xff, 0xff, 0xff, 0xcc, 0x0, 0x0,
    0x5c, 0xff, 0xff, 0xff, 0xff, 0xff, 0xff, 0xcc,
    0x0, 0x0, 0x5c, 0xff, 0xff, 0xff, 0xff, 0xff,
    0xff, 0xcc, 0x0, 0x0, 0x5c, 0xff, 0xff, 0xff,
    0xff, 0xff, 0xff, 0xcc, 0x0, 0x0, 0x5c, 0xff,
    0xff, 0xff, 0xff, 0xff, 0xff, 0xfe, 0xf8, 0x8b,
    0x5c, 0xff, 0xff, 0xff, 0xff, 0xff, 0xff, 0xff,
    0xff, 0x90, 0x5c, 0xff, 0xff, 0xff, 0xff, 0xff,
    0xff, 0xff, 0xff, 0x90, 0x5c, 0xff, 0xff, 0xff,
    0xff, 0xff, 0xff, 0xff, 0xff, 0x90, 0x5c, 0xff,
    0xff, 0xff, 0xff, 0xff, 0xff, 0xff, 0xff, 0x90,

    /* U+005C "\\" */
    0x59, 0x80, 0x80, 0x80, 0x80, 0x80, 0x1d, 0x0,
    0x0, 0x0, 0x0, 0x0, 0x0, 0x0, 0x0, 0x0,
    0x7d, 0xff, 0xff, 0xff, 0xff, 0xff, 0x70, 0x0,
    0x0, 0x0, 0x0, 0x0, 0x0, 0x0, 0x0, 0x0,
    0x35, 0xff, 0xff, 0xff, 0xff, 0xff, 0xb8, 0x0,
    0x0, 0x0, 0x0, 0x0, 0x0, 0x0, 0x0, 0x0,
    0x1, 0xea, 0xff, 0xff, 0xff, 0xff, 0xf7, 0x9,
    0x0, 0x0, 0x0, 0x0, 0x0, 0x0, 0x0, 0x0,
    0x0, 0xa5, 0xff, 0xff, 0xff, 0xff, 0xff, 0x48,
    0x0, 0x0, 0x0, 0x0, 0x0, 0x0, 0x0, 0x0,
    0x0, 0x5e, 0xff, 0xff, 0xff, 0xff, 0xff, 0x90,
    0x0, 0x0, 0x0, 0x0, 0x0, 0x0, 0x0, 0x0,
    0x0, 0x17, 0xfe, 0xff, 0xff, 0xff, 0xff, 0xd8,
    0x0, 0x0, 0x0, 0x0, 0x0, 0x0, 0x0, 0x0,
    0x0, 0x0, 0xce, 0xff, 0xff, 0xff, 0xff, 0xff,
    0x20, 0x0, 0x0, 0x0, 0x0, 0x0, 0x0, 0x0,
    0x0, 0x0, 0x86, 0xff, 0xff, 0xff, 0xff, 0xff,
    0x68, 0x0, 0x0, 0x0, 0x0, 0x0, 0x0, 0x0,
    0x0, 0x0, 0x3f, 0xff, 0xff, 0xff, 0xff, 0xff,
    0xb1, 0x0, 0x0, 0x0, 0x0, 0x0, 0x0, 0x0,
    0x0, 0x0, 0x4, 0xf1, 0xff, 0xff, 0xff, 0xff,
    0xf3, 0x5, 0x0, 0x0, 0x0, 0x0, 0x0, 0x0,
    0x0, 0x0, 0x0, 0xaf, 0xff, 0xff, 0xff, 0xff,
    0xff, 0x41, 0x0, 0x0, 0x0, 0x0, 0x0, 0x0,
    0x0, 0x0, 0x0, 0x67, 0xff, 0xff, 0xff, 0xff,
    0xff, 0x89, 0x0, 0x0, 0x0, 0x0, 0x0, 0x0,
    0x0, 0x0, 0x0, 0x1f, 0xff, 0xff, 0xff, 0xff,
    0xff, 0xd1, 0x0, 0x0, 0x0, 0x0, 0x0, 0x0,
    0x0, 0x0, 0x0, 0x0, 0xd8, 0xff, 0xff, 0xff,
    0xff, 0xff, 0x1a, 0x0, 0x0, 0x0, 0x0, 0x0,
    0x0, 0x0, 0x0, 0x0, 0x90, 0xff, 0xff, 0xff,
    0xff, 0xff, 0x61, 0x0, 0x0, 0x0, 0x0, 0x0,
    0x0, 0x0, 0x0, 0x0, 0x48, 0xff, 0xff, 0xff,
    0xff, 0xff, 0xa9, 0x0, 0x0, 0x0, 0x0, 0x0,
    0x0, 0x0, 0x0, 0x0, 0x9, 0xf7, 0xff, 0xff,
    0xff, 0xff, 0xee, 0x3, 0x0, 0x0, 0x0, 0x0,
    0x0, 0x0, 0x0, 0x0, 0x0, 0xb9, 0xff, 0xff,
    0xff, 0xff, 0xff, 0x3a, 0x0, 0x0, 0x0, 0x0,
    0x0, 0x0, 0x0, 0x0, 0x0, 0x71, 0xff, 0xff,
    0xff, 0xff, 0xff, 0x82, 0x0, 0x0, 0x0, 0x0,
    0x0, 0x0, 0x0, 0x0, 0x0, 0x29, 0xff, 0xff,
    0xff, 0xff, 0xff, 0xca, 0x0, 0x0, 0x0, 0x0,
    0x0, 0x0, 0x0, 0x0, 0x0, 0x0, 0xe1, 0xff,
    0xff, 0xff, 0xff, 0xfd, 0x14, 0x0, 0x0, 0x0,
    0x0, 0x0, 0x0, 0x0, 0x0, 0x0, 0x9a, 0xff,
    0xff, 0xff, 0xff, 0xff, 0x5a, 0x0, 0x0, 0x0,
    0x0, 0x0, 0x0, 0x0, 0x0, 0x0, 0x52, 0xff,
    0xff, 0xff, 0xff, 0xff, 0xa2, 0x0, 0x0, 0x0,
    0x0, 0x0, 0x0, 0x0, 0x0, 0x0, 0xe, 0xfb,
    0xff, 0xff, 0xff, 0xff, 0xe8, 0x1, 0x0, 0x0,
    0x0, 0x0, 0x0, 0x0, 0x0, 0x0, 0x0, 0xc2,
    0xff, 0xff, 0xff, 0xff, 0xff, 0x32, 0x0, 0x0,
    0x0, 0x0, 0x0, 0x0, 0x0, 0x0, 0x0, 0x7b,
    0xff, 0xff, 0xff, 0xff, 0xff, 0x7b, 0x0, 0x0,
    0x0, 0x0, 0x0, 0x0, 0x0, 0x0, 0x0, 0x33,
    0xff, 0xff, 0xff, 0xff, 0xff, 0xc3, 0x0, 0x0,
    0x0, 0x0, 0x0, 0x0, 0x0, 0x0, 0x0, 0x1,
    0xe9, 0xff, 0xff, 0xff, 0xff, 0xfb, 0xf, 0x0,
    0x0, 0x0, 0x0, 0x0, 0x0, 0x0, 0x0, 0x0,
    0xa3, 0xff, 0xff, 0xff, 0xff, 0xff, 0x53, 0x0,
    0x0, 0x0, 0x0, 0x0, 0x0, 0x0, 0x0, 0x0,
    0x5c, 0xff, 0xff, 0xff, 0xff, 0xff, 0x9b, 0x0,
    0x0, 0x0, 0x0, 0x0, 0x0, 0x0, 0x0, 0x0,
    0x15, 0xfe, 0xff, 0xff, 0xff, 0xff, 0xe2, 0x0,
    0x0, 0x0, 0x0, 0x0, 0x0, 0x0, 0x0, 0x0,
    0x0, 0xcc, 0xff, 0xff, 0xff, 0xff, 0xff, 0x2b,
    0x0, 0x0, 0x0, 0x0, 0x0, 0x0, 0x0, 0x0,
    0x0, 0x84, 0xff, 0xff, 0xff, 0xff, 0xff, 0x73,

    /* U+005D "]" */
    0x4c, 0xff, 0xff, 0xff, 0xff, 0xff, 0xff, 0xff,
    0xff, 0xa0, 0x4c, 0xff, 0xff, 0xff, 0xff, 0xff,
    0xff, 0xff, 0xff, 0xa0, 0x4c, 0xff, 0xff, 0xff,
    0xff, 0xff, 0xff, 0xff, 0xff, 0xa0, 0x4c, 0xff,
    0xff, 0xff, 0xff, 0xff, 0xff, 0xff, 0xff, 0xa0,
    0x49, 0xf8, 0xfc, 0xff, 0xff, 0xff, 0xff, 0xff,
    0xff, 0xa0, 0x0, 0x0, 0x84, 0xff, 0xff, 0xff,
    0xff, 0xff, 0xff, 0xa0, 0x0, 0x0, 0x84, 0xff,
    0xff, 0xff, 0xff, 0xff, 0xff, 0xa0, 0x0, 0x0,
    0x84, 0xff, 0xff, 0xff, 0xff, 0xff, 0xff, 0xa0,
    0x0, 0x0, 0x84, 0xff, 0xff, 0xff, 0xff, 0xff,
    0xff, 0xa0, 0x0, 0x0, 0x84, 0xff, 0xff, 0xff,
    0xff, 0xff, 0xff, 0xa0, 0x0, 0x0, 0x84, 0xff,
    0xff, 0xff, 0xff, 0xff, 0xff, 0xa0, 0x0, 0x0,
    0x84, 0xff, 0xff, 0xff, 0xff, 0xff, 0xff, 0xa0,
    0x0, 0x0, 0x84, 0xff, 0xff, 0xff, 0xff, 0xff,
    0xff, 0xa0, 0x0, 0x0, 0x84, 0xff, 0xff, 0xff,
    0xff, 0xff, 0xff, 0xa0, 0x0, 0x0, 0x84, 0xff,
    0xff, 0xff, 0xff, 0xff, 0xff, 0xa0, 0x0, 0x0,
    0x84, 0xff, 0xff, 0xff, 0xff, 0xff, 0xff, 0xa0,
    0x0, 0x0, 0x84, 0xff, 0xff, 0xff, 0xff, 0xff,
    0xff, 0xa0, 0x0, 0x0, 0x84, 0xff, 0xff, 0xff,
    0xff, 0xff, 0xff, 0xa0, 0x0, 0x0, 0x84, 0xff,
    0xff, 0xff, 0xff, 0xff, 0xff, 0xa0, 0x0, 0x0,
    0x84, 0xff, 0xff, 0xff, 0xff, 0xff, 0xff, 0xa0,
    0x0, 0x0, 0x84, 0xff, 0xff, 0xff, 0xff, 0xff,
    0xff, 0xa0, 0x0, 0x0, 0x84, 0xff, 0xff, 0xff,
    0xff, 0xff, 0xff, 0xa0, 0x0, 0x0, 0x84, 0xff,
    0xff, 0xff, 0xff, 0xff, 0xff, 0xa0, 0x0, 0x0,
    0x84, 0xff, 0xff, 0xff, 0xff, 0xff, 0xff, 0xa0,
    0x0, 0x0, 0x84, 0xff, 0xff, 0xff, 0xff, 0xff,
    0xff, 0xa0, 0x0, 0x0, 0x84, 0xff, 0xff, 0xff,
    0xff, 0xff, 0xff, 0xa0, 0x0, 0x0, 0x84, 0xff,
    0xff, 0xff, 0xff, 0xff, 0xff, 0xa0, 0x49, 0xf8,
    0xfc, 0xff, 0xff, 0xff, 0xff, 0xff, 0xff, 0xa0,
    0x4c, 0xff, 0xff, 0xff, 0xff, 0xff, 0xff, 0xff,
    0xff, 0xa0, 0x4c, 0xff, 0xff, 0xff, 0xff, 0xff,
    0xff, 0xff, 0xff, 0xa0, 0x4c, 0xff, 0xff, 0xff,
    0xff, 0xff, 0xff, 0xff, 0xff, 0xa0, 0x4c, 0xff,
    0xff, 0xff, 0xff, 0xff, 0xff, 0xff, 0xff, 0xa0,

    /* U+005E "^" */
    0x0, 0x0, 0x0, 0x0, 0x0, 0x0, 0x0, 0xa7,
    0xff, 0xff, 0xff, 0xfe, 0x2a, 0x0, 0x0, 0x0,
    0x0, 0x0, 0x0, 0x0, 0x0, 0x0, 0x0, 0x0,
    0x0, 0x0, 0x20, 0xfc, 0xff, 0xff, 0xff, 0xff,
    0x9b, 0x0, 0x0, 0x0, 0x0, 0x0, 0x0, 0x0,
    0x0, 0x0, 0x0, 0x0, 0x0, 0x0, 0x92, 0xff,
    0xff, 0xff, 0xff, 0xff, 0xf7, 0x15, 0x0, 0x0,
    0x0, 0x0, 0x0, 0x0, 0x0, 0x0, 0x0, 0x0,
    0x0, 0x12, 0xf4, 0xff, 0xff, 0xff, 0xff, 0xff,
    0xff, 0x7f, 0x0, 0x0, 0x0, 0x0, 0x0, 0x0,
    0x0, 0x0, 0x0, 0x0, 0x0, 0x7d, 0xff, 0xff,
    0xff, 0xff, 0xff, 0xff, 0xff, 0xe9, 0x8, 0x0,
    0x0, 0x0, 0x0, 0x0, 0x0, 0x0, 0x0, 0x0,
    0x8, 0xe9, 0xff, 0xff, 0xff, 0xff, 0xff, 0xff,
    0xff, 0xff, 0x64, 0x0, 0x0, 0x0, 0x0, 0x0,
    0x0, 0x0, 0x0, 0x0, 0x68, 0xff, 0xff, 0xff,
    0xff, 0xbf, 0xff, 0xff, 0xff, 0xff, 0xd5, 0x1,
    0x0, 0x0, 0x0, 0x0, 0x0, 0x0, 0x0, 0x2,
    0xda, 0xff, 0xff, 0xff, 0xff, 0x29, 0xd1, 0xff,
    0xff, 0xff, 0xff, 0x48, 0x0, 0x0, 0x0, 0x0,
    0x0, 0x0, 0x0, 0x53, 0xff, 0xff, 0xff, 0xff,
    0xc5, 0x0, 0x6c, 0xff, 0xff, 0xff, 0xff, 0xba,
    0x0, 0x0, 0x0, 0x0, 0x0, 0x0, 0x0, 0xc8,
    0xff, 0xff, 0xff, 0xff, 0x60, 0x0, 0x10, 0xf7,
    0xff, 0xff, 0xff, 0xff, 0x2d, 0x0, 0x0, 0x0,
    0x0, 0x0, 0x3e, 0xff, 0xff, 0xff, 0xff, 0xf1,
    0xa, 0x0, 0x0, 0xa3, 0xff, 0xff, 0xff, 0xff,
    0x9f, 0x0, 0x0, 0x0, 0x0, 0x0, 0xb4, 0xff,
    0xff, 0xff, 0xff, 0x97, 0x0, 0x0, 0x0, 0x3e,
    0xff, 0xff, 0xff, 0xff, 0xf9, 0x18, 0x0, 0x0,
    0x0, 0x2a, 0xfe, 0xff, 0xff, 0xff, 0xff, 0x33,
    0x0, 0x0, 0x0, 0x0, 0xd8, 0xff, 0xff, 0xff,
    0xff, 0x83, 0x0, 0x0, 0x0, 0x9f, 0xff, 0xff,
    0xff, 0xff, 0xce, 0x0, 0x0, 0x0, 0x0, 0x0,
    0x74, 0xff, 0xff, 0xff, 0xff, 0xec, 0x9, 0x0,
    0x1a, 0xf9, 0xff, 0xff, 0xff, 0xff, 0x6a, 0x0,
    0x0, 0x0, 0x0, 0x0, 0x15, 0xf9, 0xff, 0xff,
    0xff, 0xff, 0x68, 0x0, 0x89, 0xff, 0xff, 0xff,
    0xff, 0xf6, 0xf, 0x0, 0x0, 0x0, 0x0, 0x0,
    0x0, 0xaa, 0xff, 0xff, 0xff, 0xff, 0xd8, 0x1,

    /* U+005F "_" */
    0x1, 0x8, 0x8, 0x8, 0x8, 0x8, 0x8, 0x8,
    0x8, 0x8, 0x8, 0x8, 0x8, 0x8, 0x8, 0x8,
    0x8, 0x8, 0x8, 0x8, 0x8, 0x8, 0x8, 0x2,
    0x3c, 0xff, 0xff, 0xff, 0xff, 0xff, 0xff, 0xff,
    0xff, 0xff, 0xff, 0xff, 0xff, 0xff, 0xff, 0xff,
    0xff, 0xff, 0xff, 0xff, 0xff, 0xff, 0xff, 0x54,
    0x3c, 0xff, 0xff, 0xff, 0xff, 0xff, 0xff, 0xff,
    0xff, 0xff, 0xff, 0xff, 0xff, 0xff, 0xff, 0xff,
    0xff, 0xff, 0xff, 0xff, 0xff, 0xff, 0xff, 0x54,

    /* U+0060 "`" */
    0x4f, 0x68, 0x68, 0x68, 0x68, 0x68, 0x67, 0x8,
    0x0, 0x0, 0x0, 0x1d, 0xcf, 0xff, 0xff, 0xff,
    0xff, 0xff, 0x87, 0x0, 0x0, 0x0, 0x0, 0xb,
    0xb1, 0xff, 0xff, 0xff, 0xff, 0xfb, 0x2e, 0x0,
    0x0, 0x0, 0x0, 0x2, 0x8b, 0xff, 0xff, 0xff,
    0xff, 0xc9, 0x2, 0x0, 0x0, 0x0, 0x0, 0x0,
    0x62, 0xfa, 0xff, 0xff, 0xff, 0x6f, 0x0, 0x0,
    0x0, 0x0, 0x0, 0x0, 0x3f, 0xed, 0xff, 0xff,
    0xf3, 0x1e,

    /* U+0061 "a" */
    0x0, 0x0, 0x0, 0x0, 0x30, 0x8a, 0xc5, 0xea,
    0xf9, 0xf8, 0xeb, 0xcc, 0x9b, 0x4b, 0x2, 0x0,
    0x0, 0x0, 0x0, 0x0, 0x16, 0xac, 0xff, 0xff,
    0xff, 0xff, 0xff, 0xff, 0xff, 0xff, 0xff, 0xff,
    0xd0, 0x2d, 0x0, 0x0, 0x0, 0x23, 0xe1, 0xff,
    0xff, 0xff, 0xff, 0xff, 0xff, 0xff, 0xff, 0xff,
    0xff, 0xff, 0xff, 0xf2, 0x30, 0x0, 0x3, 0xd2,
    0xff, 0xff, 0xff, 0xff, 0xff, 0xff, 0xff, 0xff,
    0xff, 0xff, 0xff, 0xff, 0xff, 0xff, 0xd7, 0x3,
    0x54, 0xff, 0xff, 0xff, 0xff, 0xff, 0xff, 0xfc,
    0xc3, 0xf2, 0xff, 0xff, 0xff, 0xff, 0xff, 0xff,
    0xff, 0x47, 0x9e, 0xff, 0xff, 0xff, 0xff, 0xff,
    0xff, 0x9b, 0x0, 0x51, 0xff, 0xff, 0xff, 0xff,
    0xff, 0xff, 0xff, 0x82, 0xc9, 0xff, 0xff, 0xff,
    0xff, 0xff, 0xff, 0x7c, 0x0, 0x1b, 0xff, 0xff,
    0xff, 0xff, 0xff, 0xff, 0xff, 0x9f, 0xe2, 0xff,
    0xff, 0xff, 0xff, 0xff, 0xff, 0x74, 0x0, 0xe,
    0xff, 0xff, 0xff, 0xff, 0xff, 0xff, 0xff, 0xb2,
    0xec, 0xff, 0xff, 0xff, 0xff, 0xff, 0xff, 0x74,
    0x0, 0x10, 0xff, 0xff, 0xff, 0xff, 0xff, 0xff,
    0xff, 0xc0, 0xf0, 0xff, 0xff, 0xff, 0xff, 0xff,
    0xff, 0x74, 0x0, 0x29, 0xff, 0xff, 0xff, 0xff,
    0xff, 0xff, 0xff, 0xc9, 0xb4, 0xc0, 0xc0, 0xc0,
    0xc0, 0xc0, 0xc0, 0x57, 0x20, 0xb9, 0xff, 0xff,
    0xff, 0xff, 0xff, 0xff, 0xff, 0xcf, 0x0, 0x0,
    0x0, 0x0, 0x0, 0x0, 0x38, 0xa4, 0xfb, 0xff,
    0xff, 0xff, 0xff, 0xff, 0xff, 0xff, 0xff, 0xd3,
    0x0, 0x0, 0x0, 0xa, 0x66, 0xd0, 0xff, 0xff,
    0xff, 0xff, 0xff, 0xff, 0xff, 0xff, 0xff, 0xff,
    0xff, 0xd6, 0x0, 0x5, 0x73, 0xea, 0xff, 0xff,
    0xff, 0xff, 0xff, 0xff, 0xff, 0xff, 0xff, 0xff,
    0xff, 0xff, 0xff, 0xd7, 0xd, 0xc8, 0xff, 0xff,
    0xff, 0xff, 0xff, 0xff, 0xff, 0xc4, 0xff, 0xff,
    0xff, 0xff, 0xff, 0xff, 0xff, 0xd8, 0x7c, 0xff,
    0xff, 0xff, 0xff, 0xff, 0xff, 0xff, 0xa8, 0x10,
    0xff, 0xff, 0xff, 0xff, 0xff, 0xff, 0xff, 0xd8,
    0xc3, 0xff, 0xff, 0xff, 0xff, 0xff, 0xff, 0xe0,
    0x7, 0xc, 0xff, 0xff, 0xff, 0xff, 0xff, 0xff,
    0xff, 0xd8, 0xe3, 0xff, 0xff, 0xff, 0xff, 0xff,
    0xff, 0x9c, 0x0, 0xc, 0xff, 0xff, 0xff, 0xff,
    0xff, 0xff, 0xff, 0xd8, 0xee, 0xff, 0xff, 0xff,
    0xff, 0xff, 0xff, 0x80, 0x0, 0xc, 0xff, 0xff,
    0xff, 0xff, 0xff, 0xff, 0xff, 0xd8, 0xf0, 0xff,
    0xff, 0xff, 0xff, 0xff, 0xff, 0x76, 0x0, 0xc,
    0xff, 0xff, 0xff, 0xff, 0xff, 0xff, 0xff, 0xd8,
    0xef, 0xff, 0xff, 0xff, 0xff, 0xff, 0xff, 0x79,
    0x0, 0xf, 0xff, 0xff, 0xff, 0xff, 0xff, 0xff,
    0xff, 0xd8, 0xe5, 0xff, 0xff, 0xff, 0xff, 0xff,
    0xff, 0x90, 0x0, 0x1d, 0xff, 0xff, 0xff, 0xff,
    0xff, 0xff, 0xff, 0xd8, 0xd1, 0xff, 0xff, 0xff,
    0xff, 0xff, 0xff, 0xe5, 0x4b, 0x8b, 0xff, 0xff,
    0xff, 0xff, 0xff, 0xff, 0xff, 0xd8, 0x9d, 0xff,
    0xff, 0xff, 0xff, 0xff, 0xff, 0xff, 0xff, 0xff,
    0xff, 0xff, 0xff, 0xff, 0xff, 0xff, 0xff, 0xd8,
    0x42, 0xff, 0xff, 0xff, 0xff, 0xff, 0xff, 0xff,
    0xff, 0xfd, 0xf5, 0xff, 0xff, 0xff, 0xff, 0xff,
    0xff, 0xd8, 0x0, 0x8c, 0xff, 0xff, 0xff, 0xff,
    0xff, 0xff, 0xff, 0x76, 0xd4, 0xff, 0xff, 0xff,
    0xff, 0xff, 0xff, 0xd8, 0x0, 0x0, 0x3f, 0xa9,
    0xe6, 0xfb, 0xe9, 0xb3, 0x45, 0x0, 0xd4, 0xff,
    0xff, 0xff, 0xff, 0xff, 0xff, 0xd8,

    /* U+0062 "b" */
    0x98, 0xff, 0xff, 0xff, 0xff, 0xff, 0xff, 0xff,
    0x4c, 0x0, 0x0, 0x0, 0x0, 0x0, 0x0, 0x0,
    0x0, 0x0, 0x0, 0x98, 0xff, 0xff, 0xff, 0xff,
    0xff, 0xff, 0xff, 0x4c, 0x0, 0x0, 0x0, 0x0,
    0x0, 0x0, 0x0, 0x0, 0x0, 0x0, 0x98, 0xff,
    0xff, 0xff, 0xff, 0xff, 0xff, 0xff, 0x4c, 0x0,
    0x0, 0x0, 0x0, 0x0, 0x0, 0x0, 0x0, 0x0,
    0x0, 0x98, 0xff, 0xff, 0xff, 0xff, 0xff, 0xff,
    0xff, 0x4c, 0x0, 0x0, 0x0, 0x0, 0x0, 0x0,
    0x0, 0x0, 0x0, 0x0, 0x98, 0xff, 0xff, 0xff,
    0xff, 0xff, 0xff, 0xff, 0x4c, 0x0, 0x0, 0x0,
    0x0, 0x0, 0x0, 0x0, 0x0, 0x0, 0x0, 0x98,
    0xff, 0xff, 0xff, 0xff, 0xff, 0xff, 0xff, 0x4c,
    0x3, 0x66, 0xc4, 0xef, 0xf6, 0xdc, 0x98, 0x26,
    0x0, 0x0, 0x98, 0xff, 0xff, 0xff, 0xff, 0xff,
    0xff, 0xff, 0x5f, 0xc8, 0xff, 0xff, 0xff, 0xff,
    0xff, 0xff, 0xfa, 0x4f, 0x0, 0x98, 0xff, 0xff,
    0xff, 0xff, 0xff, 0xff, 0xff, 0xf4, 0xff, 0xff,
    0xff, 0xff, 0xff, 0xff, 0xff, 0xff, 0xf0, 0x13,
    0x98, 0xff, 0xff, 0xff, 0xff, 0xff, 0xff, 0xff,
    0xff, 0xff, 0xff, 0xff, 0xff, 0xff, 0xff, 0xff,
    0xff, 0xff, 0x63, 0x98, 0xff, 0xff, 0xff, 0xff,
    0xff, 0xff, 0xff, 0xf6, 0xc3, 0xfb, 0xff, 0xff,
    0xff, 0xff, 0xff, 0xff, 0xff, 0x87, 0x98, 0xff,
    0xff, 0xff, 0xff, 0xff, 0xff, 0xff, 0x7a, 0x0,
    0x8b, 0xff, 0xff, 0xff, 0xff, 0xff, 0xff, 0xff,
    0x91, 0x98, 0xff, 0xff, 0xff, 0xff, 0xff, 0xff,
    0xff, 0x56, 0x0, 0x5b, 0xff, 0xff, 0xff, 0xff,
    0xff, 0xff, 0xff, 0x96, 0x98, 0xff, 0xff, 0xff,
    0xff, 0xff, 0xff, 0xff, 0x4d, 0x0, 0x4f, 0xff,
    0xff, 0xff, 0xff, 0xff, 0xff, 0xff, 0x97, 0x98,
    0xff, 0xff, 0xff, 0xff, 0xff, 0xff, 0xff, 0x4c,
    0x0, 0x4c, 0xff, 0xff, 0xff, 0xff, 0xff, 0xff,
    0xff, 0x98, 0x98, 0xff, 0xff, 0xff, 0xff, 0xff,
    0xff, 0xff, 0x4c, 0x0, 0x4c, 0xff, 0xff, 0xff,
    0xff, 0xff, 0xff, 0xff, 0x98, 0x98, 0xff, 0xff,
    0xff, 0xff, 0xff, 0xff, 0xff, 0x4c, 0x0, 0x4c,
    0xff, 0xff, 0xff, 0xff, 0xff, 0xff, 0xff, 0x98,
    0x98, 0xff, 0xff, 0xff, 0xff, 0xff, 0xff, 0xff,
    0x4c, 0x0, 0x4c, 0xff, 0xff, 0xff, 0xff, 0xff,
    0xff, 0xff, 0x98, 0x98, 0xff, 0xff, 0xff, 0xff,
    0xff, 0xff, 0xff, 0x4c, 0x0, 0x4c, 0xff, 0xff,
    0xff, 0xff, 0xff, 0xff, 0xff, 0x98, 0x98, 0xff,
    0xff, 0xff, 0xff, 0xff, 0xff, 0xff, 0x4c, 0x0,
    0x4c, 0xff, 0xff, 0xff, 0xff, 0xff, 0xff, 0xff,
    0x98, 0x98, 0xff, 0xff, 0xff, 0xff, 0xff, 0xff,
    0xff, 0x4c, 0x0, 0x4c, 0xff, 0xff, 0xff, 0xff,
    0xff, 0xff, 0xff, 0x98, 0x98, 0xff, 0xff, 0xff,
    0xff, 0xff, 0xff, 0xff, 0x4c, 0x0, 0x4c, 0xff,
    0xff, 0xff, 0xff, 0xff, 0xff, 0xff, 0x98, 0x98,
    0xff, 0xff, 0xff, 0xff, 0xff, 0xff, 0xff, 0x4c,
    0x0, 0x4c, 0xff, 0xff, 0xff, 0xff, 0xff, 0xff,
    0xff, 0x98, 0x98, 0xff, 0xff, 0xff, 0xff, 0xff,
    0xff, 0xff, 0x4c, 0x0, 0x4c, 0xff, 0xff, 0xff,
    0xff, 0xff, 0xff, 0xff, 0x98, 0x98, 0xff, 0xff,
    0xff, 0xff, 0xff, 0xff, 0xff, 0x4c, 0x0, 0x4c,
    0xff, 0xff, 0xff, 0xff, 0xff, 0xff, 0xff, 0x98,
    0x98, 0xff, 0xff, 0xff, 0xff, 0xff, 0xff, 0xff,
    0x4c, 0x0, 0x4d, 0xff, 0xff, 0xff, 0xff, 0xff,
    0xff, 0xff, 0x96, 0x98, 0xff, 0xff, 0xff, 0xff,
    0xff, 0xff, 0xff, 0x50, 0x0, 0x53, 0xff, 0xff,
    0xff, 0xff, 0xff, 0xff, 0xff, 0x90, 0x98, 0xff,
    0xff, 0xff, 0xff, 0xff, 0xff, 0xff, 0x65, 0x0,
    0x67, 0xff, 0xff, 0xff, 0xff, 0xff, 0xff, 0xff,
    0x82, 0x98, 0xff, 0xff, 0xff, 0xff, 0xff, 0xff,
    0xff, 0xc7, 0x47, 0xc7, 0xff, 0xff, 0xff, 0xff,
    0xff, 0xff, 0xff, 0x66, 0x98, 0xff, 0xff, 0xff,
    0xff, 0xff, 0xff, 0xff, 0xff, 0xff, 0xff, 0xff,
    0xff, 0xff, 0xff, 0xff, 0xff, 0xff, 0x30, 0x98,
    0xff, 0xff, 0xff, 0xff, 0xff, 0xff, 0xff, 0xff,
    0xff, 0xff, 0xff, 0xff, 0xff, 0xff, 0xff, 0xff,
    0xc3, 0x0, 0x98, 0xff, 0xff, 0xff, 0xff, 0xff,
    0xff, 0xff, 0x60, 0xe4, 0xff, 0xff, 0xff, 0xff,
    0xff, 0xff, 0xd6, 0x1a, 0x0, 0x98, 0xff, 0xff,
    0xff, 0xff, 0xff, 0xff, 0xea, 0x1, 0xc, 0x78,
    0xcb, 0xf3, 0xf9, 0xd3, 0x7c, 0xa, 0x0, 0x0,

    /* U+0063 "c" */
    0x0, 0x0, 0x0, 0x0, 0x1d, 0x79, 0xbe, 0xe7,
    0xf9, 0xf7, 0xe3, 0xb7, 0x6f, 0x14, 0x0, 0x0,
    0x0, 0x0, 0x0, 0x0, 0x7, 0x8a, 0xf9, 0xff,
    0xff, 0xff, 0xff, 0xff, 0xff, 0xff, 0xff, 0xf3,
    0x77, 0x2, 0x0, 0x0, 0x0, 0x10, 0xc7, 0xff,
    0xff, 0xff, 0xff, 0xff, 0xff, 0xff, 0xff, 0xff,
    0xff, 0xff, 0xff, 0xae, 0x5, 0x0, 0x0, 0xb1,
    0xff, 0xff, 0xff, 0xff, 0xff, 0xff, 0xff, 0xff,
    0xff, 0xff, 0xff, 0xff, 0xff, 0xff, 0x84, 0x0,
    0x35, 0xff, 0xff, 0xff, 0xff, 0xff, 0xff, 0xff,
    0xe8, 0xcc, 0xff, 0xff, 0xff, 0xff, 0xff, 0xff,
    0xf6, 0x13, 0x7e, 0xff, 0xff, 0xff, 0xff, 0xff,
    0xff, 0xff, 0x39, 0x0, 0xce, 0xff, 0xff, 0xff,
    0xff, 0xff, 0xff, 0x5b, 0xa9, 0xff, 0xff, 0xff,
    0xff, 0xff, 0xff, 0xff, 0x15, 0x0, 0xa2, 0xff,
    0xff, 0xff, 0xff, 0xff, 0xff, 0x90, 0xc3, 0xff,
    0xff, 0xff, 0xff, 0xff, 0xff, 0xff, 0x10, 0x0,
    0x98, 0xff, 0xff, 0xff, 0xff, 0xff, 0xff, 0xb2,
    0xcf, 0xff, 0xff, 0xff, 0xff, 0xff, 0xff, 0xff,
    0x10, 0x0, 0x98, 0xff, 0xff, 0xff, 0xff, 0xff,
    0xff, 0xc8, 0xd3, 0xff, 0xff, 0xff, 0xff, 0xff,
    0xff, 0xff, 0x10, 0x0, 0x98, 0xff, 0xff, 0xff,
    0xff, 0xff, 0xff, 0xd1, 0xd4, 0xff, 0xff, 0xff,
    0xff, 0xff, 0xff, 0xff, 0x10, 0x0, 0x34, 0x58,
    0x58, 0x58, 0x58, 0x58, 0x58, 0x49, 0xd4, 0xff,
    0xff, 0xff, 0xff, 0xff, 0xff, 0xff, 0x10, 0x0,
    0x0, 0x0, 0x0, 0x0, 0x0, 0x0, 0x0, 0x0,
    0xd4, 0xff, 0xff, 0xff, 0xff, 0xff, 0xff, 0xff,
    0x10, 0x0, 0x0, 0x0, 0x0, 0x0, 0x0, 0x0,
    0x0, 0x0, 0xd4, 0xff, 0xff, 0xff, 0xff, 0xff,
    0xff, 0xff, 0x10, 0x0, 0x0, 0x0, 0x0, 0x0,
    0x0, 0x0, 0x0, 0x0, 0xd4, 0xff, 0xff, 0xff,
    0xff, 0xff, 0xff, 0xff, 0x10, 0x0, 0x0, 0x0,
    0x0, 0x0, 0x0, 0x0, 0x0, 0x0, 0xd4, 0xff,
    0xff, 0xff, 0xff, 0xff, 0xff, 0xff, 0x10, 0x0,
    0xa, 0x38, 0x38, 0x38, 0x38, 0x38, 0x38, 0x2f,
    0xd3, 0xff, 0xff, 0xff, 0xff, 0xff, 0xff, 0xff,
    0x10, 0x0, 0x30, 0xff, 0xff, 0xff, 0xff, 0xff,
    0xff, 0xd5, 0xcf, 0xff, 0xff, 0xff, 0xff, 0xff,
    0xff, 0xff, 0x10, 0x0, 0x30, 0xff, 0xff, 0xff,
    0xff, 0xff, 0xff, 0xd0, 0xc5, 0xff, 0xff, 0xff,
    0xff, 0xff, 0xff, 0xff, 0x10, 0x0, 0x30, 0xff,
    0xff, 0xff, 0xff, 0xff, 0xff, 0xc7, 0xaf, 0xff,
    0xff, 0xff, 0xff, 0xff, 0xff, 0xff, 0x11, 0x0,
    0x33, 0xff, 0xff, 0xff, 0xff, 0xff, 0xff, 0xb7,
    0x8d, 0xff, 0xff, 0xff, 0xff, 0xff, 0xff, 0xff,
    0x23, 0x0, 0x43, 0xff, 0xff, 0xff, 0xff, 0xff,
    0xff, 0x98, 0x59, 0xff, 0xff, 0xff, 0xff, 0xff,
    0xff, 0xff, 0x6a, 0x0, 0x7e, 0xff, 0xff, 0xff,
    0xff, 0xff, 0xff, 0x58, 0x12, 0xf8, 0xff, 0xff,
    0xff, 0xff, 0xff, 0xff, 0xf8, 0xc5, 0xfa, 0xff,
    0xff, 0xff, 0xff, 0xff, 0xe8, 0xb, 0x0, 0x93,
    0xff, 0xff, 0xff, 0xff, 0xff, 0xff, 0xff, 0xff,
    0xff, 0xff, 0xff, 0xff, 0xff, 0xff, 0x65, 0x0,
    0x0, 0xc, 0xcf, 0xff, 0xff, 0xff, 0xff, 0xff,
    0xff, 0xff, 0xff, 0xff, 0xff, 0xff, 0xff, 0x99,
    0x0, 0x0, 0x0, 0x0, 0x11, 0xad, 0xff, 0xff,
    0xff, 0xff, 0xff, 0xff, 0xff, 0xff, 0xff, 0xf8,
    0x7c, 0x3, 0x0, 0x0, 0x0, 0x0, 0x0, 0x0,
    0x35, 0x8f, 0xc8, 0xeb, 0xfa, 0xf5, 0xe0, 0xc1,
    0x77, 0x20, 0x0, 0x0, 0x0, 0x0,

    /* U+0064 "d" */
    0x0, 0x0, 0x0, 0x0, 0x0, 0x0, 0x0, 0x0,
    0x0, 0x0, 0x88, 0xff, 0xff, 0xff, 0xff, 0xff,
    0xff, 0xff, 0x5c, 0x0, 0x0, 0x0, 0x0, 0x0,
    0x0, 0x0, 0x0, 0x0, 0x0, 0x88, 0xff, 0xff,
    0xff, 0xff, 0xff, 0xff, 0xff, 0x5c, 0x0, 0x0,
    0x0, 0x0, 0x0, 0x0, 0x0, 0x0, 0x0, 0x0,
    0x88, 0xff, 0xff, 0xff, 0xff, 0xff, 0xff, 0xff,
    0x5c, 0x0, 0x0, 0x0, 0x0, 0x0, 0x0, 0x0,
    0x0, 0x0, 0x0, 0x88, 0xff, 0xff, 0xff, 0xff,
    0xff, 0xff, 0xff, 0x5c, 0x0, 0x0, 0x0, 0x0,
    0x0, 0x0, 0x0, 0x0, 0x0, 0x0, 0x88, 0xff,
    0xff, 0xff, 0xff, 0xff, 0xff, 0xff, 0x5c, 0x0,
    0x0, 0x26, 0x9c, 0xda, 0xf7, 0xe8, 0xb1, 0x4c,
    0x0, 0x88, 0xff, 0xff, 0xff, 0xff, 0xff, 0xff,
    0xff, 0x5c, 0x0, 0x52, 0xf8, 0xff, 0xff, 0xff,
    0xff, 0xff, 0xff, 0xae, 0x91, 0xff, 0xff, 0xff,
    0xff, 0xff, 0xff, 0xff, 0x5c, 0x1f, 0xf9, 0xff,
    0xff, 0xff, 0xff, 0xff, 0xff, 0xff, 0xff, 0xfc,
    0xff, 0xff, 0xff, 0xff, 0xff, 0xff, 0xff, 0x5c,
    0x85, 0xff, 0xff, 0xff, 0xff, 0xff, 0xff, 0xff,
    0xff, 0xff, 0xff, 0xff, 0xff, 0xff, 0xff, 0xff,
    0xff, 0xff, 0x5c, 0xb0, 0xff, 0xff, 0xff, 0xff,
    0xff, 0xff, 0xff, 0xe8, 0xc6, 0xff, 0xff, 0xff,
    0xff, 0xff, 0xff, 0xff, 0xff, 0x5c, 0xc6, 0xff,
    0xff, 0xff, 0xff, 0xff, 0xff, 0xff, 0x36, 0x0,
    0xb8, 0xff, 0xff, 0xff, 0xff, 0xff, 0xff, 0xff,
    0x5c, 0xd0, 0xff, 0xff, 0xff, 0xff, 0xff, 0xff,
    0xff, 0x14, 0x0, 0x91, 0xff, 0xff, 0xff, 0xff,
    0xff, 0xff, 0xff, 0x5c, 0xd3, 0xff, 0xff, 0xff,
    0xff, 0xff, 0xff, 0xff, 0x10, 0x0, 0x88, 0xff,
    0xff, 0xff, 0xff, 0xff, 0xff, 0xff, 0x5c, 0xd4,
    0xff, 0xff, 0xff, 0xff, 0xff, 0xff, 0xff, 0x10,
    0x0, 0x88, 0xff, 0xff, 0xff, 0xff, 0xff, 0xff,
    0xff, 0x5c, 0xd4, 0xff, 0xff, 0xff, 0xff, 0xff,
    0xff, 0xff, 0x10, 0x0, 0x88, 0xff, 0xff, 0xff,
    0xff, 0xff, 0xff, 0xff, 0x5c, 0xd4, 0xff, 0xff,
    0xff, 0xff, 0xff, 0xff, 0xff, 0x10, 0x0, 0x88,
    0xff, 0xff, 0xff, 0xff, 0xff, 0xff, 0xff, 0x5c,
    0xd4, 0xff, 0xff, 0xff, 0xff, 0xff, 0xff, 0xff,
    0x10, 0x0, 0x88, 0xff, 0xff, 0xff, 0xff, 0xff,
    0xff, 0xff, 0x5c, 0xd4, 0xff, 0xff, 0xff, 0xff,
    0xff, 0xff, 0xff, 0x10, 0x0, 0x88, 0xff, 0xff,
    0xff, 0xff, 0xff, 0xff, 0xff, 0x5c, 0xd4, 0xff,
    0xff, 0xff, 0xff, 0xff, 0xff, 0xff, 0x10, 0x0,
    0x88, 0xff, 0xff, 0xff, 0xff, 0xff, 0xff, 0xff,
    0x5c, 0xd4, 0xff, 0xff, 0xff, 0xff, 0xff, 0xff,
    0xff, 0x10, 0x0, 0x88, 0xff, 0xff, 0xff, 0xff,
    0xff, 0xff, 0xff, 0x5c, 0xd4, 0xff, 0xff, 0xff,
    0xff, 0xff, 0xff, 0xff, 0x10, 0x0, 0x88, 0xff,
    0xff, 0xff, 0xff, 0xff, 0xff, 0xff, 0x5c, 0xd4,
    0xff, 0xff, 0xff, 0xff, 0xff, 0xff, 0xff, 0x10,
    0x0, 0x88, 0xff, 0xff, 0xff, 0xff, 0xff, 0xff,
    0xff, 0x5c, 0xd4, 0xff, 0xff, 0xff, 0xff, 0xff,
    0xff, 0xff, 0x10, 0x0, 0x88, 0xff, 0xff, 0xff,
    0xff, 0xff, 0xff, 0xff, 0x5c, 0xd4, 0xff, 0xff,
    0xff, 0xff, 0xff, 0xff, 0xff, 0x10, 0x0, 0x88,
    0xff, 0xff, 0xff, 0xff, 0xff, 0xff, 0xff, 0x5c,
    0xd3, 0xff, 0xff, 0xff, 0xff, 0xff, 0xff, 0xff,
    0x10, 0x0, 0x88, 0xff, 0xff, 0xff, 0xff, 0xff,
    0xff, 0xff, 0x5c, 0xd0, 0xff, 0xff, 0xff, 0xff,
    0xff, 0xff, 0xff, 0x11, 0x0, 0x8f, 0xff, 0xff,
    0xff, 0xff, 0xff, 0xff, 0xff, 0x5c, 0xc6, 0xff,
    0xff, 0xff, 0xff, 0xff, 0xff, 0xff, 0x21, 0x0,
    0xa4, 0xff, 0xff, 0xff, 0xff, 0xff, 0xff, 0xff,
    0x5c, 0xaf, 0xff, 0xff, 0xff, 0xff, 0xff, 0xff,
    0xff, 0x93, 0x4e, 0xec, 0xff, 0xff, 0xff, 0xff,
    0xff, 0xff, 0xff, 0x5c, 0x82, 0xff, 0xff, 0xff,
    0xff, 0xff, 0xff, 0xff, 0xff, 0xff, 0xff, 0xff,
    0xff, 0xff, 0xff, 0xff, 0xff, 0xff, 0x5c, 0x1c,
    0xf7, 0xff, 0xff, 0xff, 0xff, 0xff, 0xff, 0xff,
    0xff, 0xff, 0xff, 0xff, 0xff, 0xff, 0xff, 0xff,
    0xff, 0x5c, 0x0, 0x4e, 0xf8, 0xff, 0xff, 0xff,
    0xff, 0xff, 0xff, 0xc1, 0xa5, 0xff, 0xff, 0xff,
    0xff, 0xff, 0xff, 0xff, 0x5c, 0x0, 0x0, 0x26,
    0xa0, 0xde, 0xf9, 0xe7, 0xae, 0x4e, 0x1, 0x88,
    0xff, 0xff, 0xff, 0xff, 0xff, 0xff, 0xff, 0x5c,

    /* U+0065 "e" */
    0x0, 0x0, 0x0, 0x0, 0x1f, 0x7d, 0xc0, 0xe8,
    0xfa, 0xf7, 0xe6, 0xc0, 0x81, 0x27, 0x0, 0x0,
    0x0, 0x0, 0x0, 0x0, 0x0, 0x9, 0x93, 0xfc,
    0xff, 0xff, 0xff, 0xff, 0xff, 0xff, 0xff, 0xff,
    0xfd, 0xa2, 0x11, 0x0, 0x0, 0x0, 0x0, 0x9,
    0xc5, 0xff, 0xff, 0xff, 0xff, 0xff, 0xff, 0xff,
    0xff, 0xff, 0xff, 0xff, 0xff, 0xd8, 0x1a, 0x0,
    0x0, 0x0, 0x92, 0xff, 0xff, 0xff, 0xff, 0xff,
    0xff, 0xff, 0xff, 0xff, 0xff, 0xff, 0xff, 0xff,
    0xff, 0xc4, 0x1, 0x0, 0x15, 0xfa, 0xff, 0xff,
    0xff, 0xff, 0xff, 0xff, 0xe6, 0xca, 0xff, 0xff,
    0xff, 0xff, 0xff, 0xff, 0xff, 0x52, 0x0, 0x63,
    0xff, 0xff, 0xff, 0xff, 0xff, 0xff, 0xff, 0x33,
    0x0, 0xd0, 0xff, 0xff, 0xff, 0xff, 0xff, 0xff,
    0xb0, 0x0, 0x99, 0xff, 0xff, 0xff, 0xff, 0xff,
    0xff, 0xff, 0x17, 0x0, 0xaa, 0xff, 0xff, 0xff,
    0xff, 0xff, 0xff, 0xed, 0x0, 0xbb, 0xff, 0xff,
    0xff, 0xff, 0xff, 0xff, 0xff, 0x10, 0x0, 0xa1,
    0xff, 0xff, 0xff, 0xff, 0xff, 0xff, 0xff, 0x18,
    0xcc, 0xff, 0xff, 0xff, 0xff, 0xff, 0xff, 0xff,
    0x10, 0x0, 0xa0, 0xff, 0xff, 0xff, 0xff, 0xff,
    0xff, 0xff, 0x32, 0xd3, 0xff, 0xff, 0xff, 0xff,
    0xff, 0xff, 0xff, 0x5e, 0x54, 0xbf, 0xff, 0xff,
    0xff, 0xff, 0xff, 0xff, 0xff, 0x3f, 0xd4, 0xff,
    0xff, 0xff, 0xff, 0xff, 0xff, 0xff, 0xff, 0xff,
    0xff, 0xff, 0xff, 0xff, 0xff, 0xff, 0xff, 0xff,
    0x46, 0xd4, 0xff, 0xff, 0xff, 0xff, 0xff, 0xff,
    0xff, 0xff, 0xff, 0xff, 0xff, 0xff, 0xff, 0xff,
    0xff, 0xff, 0xff, 0x48, 0xd4, 0xff, 0xff, 0xff,
    0xff, 0xff, 0xff, 0xff, 0xff, 0xff, 0xff, 0xff,
    0xff, 0xff, 0xff, 0xff, 0xff, 0xff, 0x48, 0xd4,
    0xff, 0xff, 0xff, 0xff, 0xff, 0xff, 0xff, 0xff,
    0xff, 0xff, 0xff, 0xff, 0xff, 0xff, 0xff, 0xff,
    0xff, 0x48, 0xd4, 0xff, 0xff, 0xff, 0xff, 0xff,
    0xff, 0xff, 0x10, 0x0, 0x0, 0x0, 0x0, 0x0,
    0x0, 0x0, 0x0, 0x0, 0x0, 0xd4, 0xff, 0xff,
    0xff, 0xff, 0xff, 0xff, 0xff, 0x10, 0x0, 0x11,
    0x54, 0x54, 0x54, 0x54, 0x54, 0x54, 0x54, 0x17,
    0xd4, 0xff, 0xff, 0xff, 0xff, 0xff, 0xff, 0xff,
    0x10, 0x0, 0x34, 0xff, 0xff, 0xff, 0xff, 0xff,
    0xff, 0xff, 0x48, 0xd2, 0xff, 0xff, 0xff, 0xff,
    0xff, 0xff, 0xff, 0x10, 0x0, 0x34, 0xff, 0xff,
    0xff, 0xff, 0xff, 0xff, 0xff, 0x47, 0xcb, 0xff,
    0xff, 0xff, 0xff, 0xff, 0xff, 0xff, 0x10, 0x0,
    0x34, 0xff, 0xff, 0xff, 0xff, 0xff, 0xff, 0xff,
    0x43, 0xbb, 0xff, 0xff, 0xff, 0xff, 0xff, 0xff,
    0xff, 0x10, 0x0, 0x36, 0xff, 0xff, 0xff, 0xff,
    0xff, 0xff, 0xff, 0x36, 0x9d, 0xff, 0xff, 0xff,
    0xff, 0xff, 0xff, 0xff, 0x17, 0x0, 0x46, 0xff,
    0xff, 0xff, 0xff, 0xff, 0xff, 0xff, 0x1b, 0x66,
    0xff, 0xff, 0xff, 0xff, 0xff, 0xff, 0xff, 0x3e,
    0x0, 0x82, 0xff, 0xff, 0xff, 0xff, 0xff, 0xff,
    0xe1, 0x0, 0xf, 0xf5, 0xff, 0xff, 0xff, 0xff,
    0xff, 0xff, 0xeb, 0xc3, 0xfc, 0xff, 0xff, 0xff,
    0xff, 0xff, 0xff, 0x7f, 0x0, 0x0, 0x78, 0xff,
    0xff, 0xff, 0xff, 0xff, 0xff, 0xff, 0xff, 0xff,
    0xff, 0xff, 0xff, 0xff, 0xff, 0xdf, 0xa, 0x0,
    0x0, 0x3, 0xa9, 0xff, 0xff, 0xff, 0xff, 0xff,
    0xff, 0xff, 0xff, 0xff, 0xff, 0xff, 0xff, 0xef,
    0x32, 0x0, 0x0, 0x0, 0x0, 0x1, 0x7a, 0xf0,
    0xff, 0xff, 0xff, 0xff, 0xff, 0xff, 0xff, 0xff,
    0xff, 0xce, 0x30, 0x0, 0x0, 0x0, 0x0, 0x0,
    0x0, 0x0, 0x11, 0x67, 0xaa, 0xd9, 0xee, 0xfb,
    0xec, 0xd6, 0x9f, 0x52, 0x2, 0x0, 0x0, 0x0,
    0x0,

    /* U+0066 "f" */
    0x0, 0x0, 0x0, 0x2f, 0x94, 0xcf, 0xec, 0xf9,
    0xff, 0xff, 0xff, 0x78, 0x0, 0x0, 0x67, 0xfc,
    0xff, 0xff, 0xff, 0xff, 0xff, 0xff, 0xff, 0x78,
    0x0, 0xe, 0xf6, 0xff, 0xff, 0xff, 0xff, 0xff,
    0xff, 0xff, 0xff, 0x78, 0x0, 0x37, 0xff, 0xff,
    0xff, 0xff, 0xff, 0xff, 0xff, 0xff, 0xff, 0x78,
    0x0, 0x46, 0xff, 0xff, 0xff, 0xff, 0xff, 0xff,
    0x7c, 0x26, 0x1b, 0xb, 0x0, 0x4b, 0xff, 0xff,
    0xff, 0xff, 0xff, 0xff, 0x26, 0x0, 0x0, 0x0,
    0xec, 0xff, 0xff, 0xff, 0xff, 0xff, 0xff, 0xff,
    0xff, 0xff, 0xff, 0x78, 0xec, 0xff, 0xff, 0xff,
    0xff, 0xff, 0xff, 0xff, 0xff, 0xff, 0xff, 0x78,
    0xec, 0xff, 0xff, 0xff, 0xff, 0xff, 0xff, 0xff,
    0xff, 0xff, 0xff, 0x78, 0xec, 0xff, 0xff, 0xff,
    0xff, 0xff, 0xff, 0xff, 0xff, 0xff, 0xff, 0x78,
    0x2c, 0x6d, 0xff, 0xff, 0xff, 0xff, 0xff, 0xff,
    0xff, 0xab, 0x30, 0x16, 0x0, 0x4c, 0xff, 0xff,
    0xff, 0xff, 0xff, 0xff, 0xff, 0x98, 0x0, 0x0,
    0x0, 0x4c, 0xff, 0xff, 0xff, 0xff, 0xff, 0xff,
    0xff, 0x98, 0x0, 0x0, 0x0, 0x4c, 0xff, 0xff,
    0xff, 0xff, 0xff, 0xff, 0xff, 0x98, 0x0, 0x0,
    0x0, 0x4c, 0xff, 0xff, 0xff, 0xff, 0xff, 0xff,
    0xff, 0x98, 0x0, 0x0, 0x0, 0x4c, 0xff, 0xff,
    0xff, 0xff, 0xff, 0xff, 0xff, 0x98, 0x0, 0x0,
    0x0, 0x4c, 0xff, 0xff, 0xff, 0xff, 0xff, 0xff,
    0xff, 0x98, 0x0, 0x0, 0x0, 0x4c, 0xff, 0xff,
    0xff, 0xff, 0xff, 0xff, 0xff, 0x98, 0x0, 0x0,
    0x0, 0x4c, 0xff, 0xff, 0xff, 0xff, 0xff, 0xff,
    0xff, 0x98, 0x0, 0x0, 0x0, 0x4c, 0xff, 0xff,
    0xff, 0xff, 0xff, 0xff, 0xff, 0x98, 0x0, 0x0,
    0x0, 0x4c, 0xff, 0xff, 0xff, 0xff, 0xff, 0xff,
    0xff, 0x98, 0x0, 0x0, 0x0, 0x4c, 0xff, 0xff,
    0xff, 0xff, 0xff, 0xff, 0xff, 0x98, 0x0, 0x0,
    0x0, 0x4c, 0xff, 0xff, 0xff, 0xff, 0xff, 0xff,
    0xff, 0x98, 0x0, 0x0, 0x0, 0x4c, 0xff, 0xff,
    0xff, 0xff, 0xff, 0xff, 0xff, 0x98, 0x0, 0x0,
    0x0, 0x4c, 0xff, 0xff, 0xff, 0xff, 0xff, 0xff,
    0xff, 0x98, 0x0, 0x0, 0x0, 0x4c, 0xff, 0xff,
    0xff, 0xff, 0xff, 0xff, 0xff, 0x98, 0x0, 0x0,
    0x0, 0x4c, 0xff, 0xff, 0xff, 0xff, 0xff, 0xff,
    0xff, 0x98, 0x0, 0x0, 0x0, 0x4c, 0xff, 0xff,
    0xff, 0xff, 0xff, 0xff, 0xff, 0x98, 0x0, 0x0,
    0x0, 0x4c, 0xff, 0xff, 0xff, 0xff, 0xff, 0xff,
    0xff, 0x98, 0x0, 0x0, 0x0, 0x4c, 0xff, 0xff,
    0xff, 0xff, 0xff, 0xff, 0xff, 0x98, 0x0, 0x0,
    0x0, 0x4c, 0xff, 0xff, 0xff, 0xff, 0xff, 0xff,
    0xff, 0x98, 0x0, 0x0, 0x0, 0x4c, 0xff, 0xff,
    0xff, 0xff, 0xff, 0xff, 0xff, 0x98, 0x0, 0x0,

    /* U+0067 "g" */
    0x0, 0x0, 0x34, 0xab, 0xe7, 0xfa, 0xe9, 0xb5,
    0x56, 0x1, 0x24, 0xff, 0xff, 0xff, 0xff, 0xff,
    0xff, 0xff, 0x58, 0x0, 0x51, 0xfb, 0xff, 0xff,
    0xff, 0xff, 0xff, 0xff, 0xba, 0x7c, 0xff, 0xff,
    0xff, 0xff, 0xff, 0xff, 0xff, 0x58, 0xe, 0xec,
    0xff, 0xff, 0xff, 0xff, 0xff, 0xff, 0xff, 0xff,
    0xff, 0xff, 0xff, 0xff, 0xff, 0xff, 0xff, 0xff,
    0x58, 0x5f, 0xff, 0xff, 0xff, 0xff, 0xff, 0xff,
    0xff, 0xff, 0xff, 0xff, 0xff, 0xff, 0xff, 0xff,
    0xff, 0xff, 0xff, 0x58, 0x9b, 0xff, 0xff, 0xff,
    0xff, 0xff, 0xff, 0xff, 0xb7, 0x62, 0xee, 0xff,
    0xff, 0xff, 0xff, 0xff, 0xff, 0xff, 0x58, 0xbf,
    0xff, 0xff, 0xff, 0xff, 0xff, 0xff, 0xff, 0x2f,
    0x0, 0xa8, 0xff, 0xff, 0xff, 0xff, 0xff, 0xff,
    0xff, 0x58, 0xcd, 0xff, 0xff, 0xff, 0xff, 0xff,
    0xff, 0xff, 0x14, 0x0, 0x97, 0xff, 0xff, 0xff,
    0xff, 0xff, 0xff, 0xff, 0x58, 0xd3, 0xff, 0xff,
    0xff, 0xff, 0xff, 0xff, 0xff, 0x10, 0x0, 0x94,
    0xff, 0xff, 0xff, 0xff, 0xff, 0xff, 0xff, 0x58,
    0xd4, 0xff, 0xff, 0xff, 0xff, 0xff, 0xff, 0xff,
    0x10, 0x0, 0x94, 0xff, 0xff, 0xff, 0xff, 0xff,
    0xff, 0xff, 0x58, 0xd4, 0xff, 0xff, 0xff, 0xff,
    0xff, 0xff, 0xff, 0x10, 0x0, 0x94, 0xff, 0xff,
    0xff, 0xff, 0xff, 0xff, 0xff, 0x58, 0xd4, 0xff,
    0xff, 0xff, 0xff, 0xff, 0xff, 0xff, 0x10, 0x0,
    0x94, 0xff, 0xff, 0xff, 0xff, 0xff, 0xff, 0xff,
    0x58, 0xd4, 0xff, 0xff, 0xff, 0xff, 0xff, 0xff,
    0xff, 0x10, 0x0, 0x94, 0xff, 0xff, 0xff, 0xff,
    0xff, 0xff, 0xff, 0x58, 0xd4, 0xff, 0xff, 0xff,
    0xff, 0xff, 0xff, 0xff, 0x10, 0x0, 0x94, 0xff,
    0xff, 0xff, 0xff, 0xff, 0xff, 0xff, 0x58, 0xd4,
    0xff, 0xff, 0xff, 0xff, 0xff, 0xff, 0xff, 0x10,
    0x0, 0x94, 0xff, 0xff, 0xff, 0xff, 0xff, 0xff,
    0xff, 0x58, 0xd4, 0xff, 0xff, 0xff, 0xff, 0xff,
    0xff, 0xff, 0x10, 0x0, 0x94, 0xff, 0xff, 0xff,
    0xff, 0xff, 0xff, 0xff, 0x58, 0xd4, 0xff, 0xff,
    0xff, 0xff, 0xff, 0xff, 0xff, 0x10, 0x0, 0x94,
    0xff, 0xff, 0xff, 0xff, 0xff, 0xff, 0xff, 0x58,
    0xd3, 0xff, 0xff, 0xff, 0xff, 0xff, 0xff, 0xff,
    0x10, 0x0, 0x98, 0xff, 0xff, 0xff, 0xff, 0xff,
    0xff, 0xff, 0x58, 0xcf, 0xff, 0xff, 0xff, 0xff,
    0xff, 0xff, 0xff, 0x19, 0x0, 0xa6, 0xff, 0xff,
    0xff, 0xff, 0xff, 0xff, 0xff, 0x58, 0xc1, 0xff,
    0xff, 0xff, 0xff, 0xff, 0xff, 0xff, 0x48, 0x5,
    0xd9, 0xff, 0xff, 0xff, 0xff, 0xff, 0xff, 0xff,
    0x58, 0xa1, 0xff, 0xff, 0xff, 0xff, 0xff, 0xff,
    0xff, 0xf7, 0xea, 0xff, 0xff, 0xff, 0xff, 0xff,
    0xff, 0xff, 0xff, 0x58, 0x67, 0xff, 0xff, 0xff,
    0xff, 0xff, 0xff, 0xff, 0xff, 0xff, 0xff, 0xff,
    0xff, 0xff, 0xff, 0xff, 0xff, 0xff, 0x57, 0xa,
    0xe4, 0xff, 0xff, 0xff, 0xff, 0xff, 0xff, 0xff,
    0xff, 0xff, 0xff, 0xff, 0xff, 0xff, 0xff, 0xff,
    0xff, 0x56, 0x0, 0x36, 0xea, 0xff, 0xff, 0xff,
    0xff, 0xff, 0xff, 0xd8, 0x97, 0xff, 0xff, 0xff,
    0xff, 0xff, 0xff, 0xff, 0x55, 0x0, 0x0, 0x18,
    0x81, 0xce, 0xec, 0xf1, 0xc9, 0x6f, 0x7, 0x70,
    0xff, 0xff, 0xff, 0xff, 0xff, 0xff, 0xff, 0x50,
    0x0, 0x0, 0x0, 0x0, 0x0, 0x0, 0x0, 0x0,
    0x0, 0x0, 0x72, 0xff, 0xff, 0xff, 0xff, 0xff,
    0xff, 0xff, 0x49, 0xa7, 0xd4, 0xd4, 0xd4, 0xd4,
    0xd4, 0xd4, 0xb8, 0x0, 0x0, 0x83, 0xff, 0xff,
    0xff, 0xff, 0xff, 0xff, 0xff, 0x3a, 0xb2, 0xff,
    0xff, 0xff, 0xff, 0xff, 0xff, 0xfd, 0x3a, 0x16,
    0xcf, 0xff, 0xff, 0xff, 0xff, 0xff, 0xff, 0xfd,
    0x15, 0x7c, 0xff, 0xff, 0xff, 0xff, 0xff, 0xff,
    0xff, 0xff, 0xff, 0xff, 0xff, 0xff, 0xff, 0xff,
    0xff, 0xff, 0xb4, 0x0, 0x23, 0xf9, 0xff, 0xff,
    0xff, 0xff, 0xff, 0xff, 0xff, 0xff, 0xff, 0xff,
    0xff, 0xff, 0xff, 0xff, 0xf2, 0x21, 0x0, 0x0,
    0x73, 0xff, 0xff, 0xff, 0xff, 0xff, 0xff, 0xff,
    0xff, 0xff, 0xff, 0xff, 0xff, 0xff, 0xeb, 0x36,
    0x0, 0x0, 0x0, 0x0, 0x50, 0xd3, 0xff, 0xff,
    0xff, 0xff, 0xff, 0xff, 0xff, 0xff, 0xff, 0xf7,
    0x93, 0x1a, 0x0, 0x0, 0x0, 0x0, 0x0, 0x0,
    0x0, 0x2c, 0x6a, 0x92, 0xa8, 0xb1, 0xad, 0x9d,
    0x7f, 0x4f, 0xe, 0x0, 0x0, 0x0, 0x0, 0x0,

    /* U+0068 "h" */
    0x98, 0xff, 0xff, 0xff, 0xff, 0xff, 0xff, 0xff,
    0x4c, 0x0, 0x0, 0x0, 0x0, 0x0, 0x0, 0x0,
    0x0, 0x0, 0x0, 0x98, 0xff, 0xff, 0xff, 0xff,
    0xff, 0xff, 0xff, 0x4c, 0x0, 0x0, 0x0, 0x0,
    0x0, 0x0, 0x0, 0x0, 0x0, 0x0, 0x98, 0xff,
    0xff, 0xff, 0xff, 0xff, 0xff, 0xff, 0x4c, 0x0,
    0x0, 0x0, 0x0, 0x0, 0x0, 0x0, 0x0, 0x0,
    0x0, 0x98, 0xff, 0xff, 0xff, 0xff, 0xff, 0xff,
    0xff, 0x4c, 0x0, 0x0, 0x0, 0x0, 0x0, 0x0,
    0x0, 0x0, 0x0, 0x0, 0x98, 0xff, 0xff, 0xff,
    0xff, 0xff, 0xff, 0xff, 0x4c, 0x0, 0x0, 0x0,
    0x0, 0x0, 0x0, 0x0, 0x0, 0x0, 0x0, 0x98,
    0xff, 0xff, 0xff, 0xff, 0xff, 0xff, 0xff, 0x4c,
    0x10, 0x7d, 0xce, 0xf3, 0xf7, 0xd3, 0x7f, 0xd,
    0x0, 0x0, 0x98, 0xff, 0xff, 0xff, 0xff, 0xff,
    0xff, 0xff, 0x8b, 0xe9, 0xff, 0xff, 0xff, 0xff,
    0xff, 0xff, 0xde, 0x25, 0x0, 0x98, 0xff, 0xff,
    0xff, 0xff, 0xff, 0xff, 0xff, 0xff, 0xff, 0xff,
    0xff, 0xff, 0xff, 0xff, 0xff, 0xff, 0xd6, 0x5,
    0x98, 0xff, 0xff, 0xff, 0xff, 0xff, 0xff, 0xff,
    0xff, 0xff, 0xff, 0xff, 0xff, 0xff, 0xff, 0xff,
    0xff, 0xff, 0x48, 0x98, 0xff, 0xff, 0xff, 0xff,
    0xff, 0xff, 0xff, 0xfb, 0xc5, 0xf7, 0xff, 0xff,
    0xff, 0xff, 0xff, 0xff, 0xff, 0x77, 0x98, 0xff,
    0xff, 0xff, 0xff, 0xff, 0xff, 0xff, 0x8e, 0x0,
    0x78, 0xff, 0xff, 0xff, 0xff, 0xff, 0xff, 0xff,
    0x8f, 0x98, 0xff, 0xff, 0xff, 0xff, 0xff, 0xff,
    0xff, 0x5b, 0x0, 0x4b, 0xff, 0xff, 0xff, 0xff,
    0xff, 0xff, 0xff, 0x9c, 0x98, 0xff, 0xff, 0xff,
    0xff, 0xff, 0xff, 0xff, 0x4e, 0x0, 0x3f, 0xff,
    0xff, 0xff, 0xff, 0xff, 0xff, 0xff, 0xa3, 0x98,
    0xff, 0xff, 0xff, 0xff, 0xff, 0xff, 0xff, 0x4c,
    0x0, 0x3c, 0xff, 0xff, 0xff, 0xff, 0xff, 0xff,
    0xff, 0xa6, 0x98, 0xff, 0xff, 0xff, 0xff, 0xff,
    0xff, 0xff, 0x4c, 0x0, 0x3c, 0xff, 0xff, 0xff,
    0xff, 0xff, 0xff, 0xff, 0xa8, 0x98, 0xff, 0xff,
    0xff, 0xff, 0xff, 0xff, 0xff, 0x4c, 0x0, 0x3c,
    0xff, 0xff, 0xff, 0xff, 0xff, 0xff, 0xff, 0xa8,
    0x98, 0xff, 0xff, 0xff, 0xff, 0xff, 0xff, 0xff,
    0x4c, 0x0, 0x3c, 0xff, 0xff, 0xff, 0xff, 0xff,
    0xff, 0xff, 0xa8, 0x98, 0xff, 0xff, 0xff, 0xff,
    0xff, 0xff, 0xff, 0x4c, 0x0, 0x3c, 0xff, 0xff,
    0xff, 0xff, 0xff, 0xff, 0xff, 0xa8, 0x98, 0xff,
    0xff, 0xff, 0xff, 0xff, 0xff, 0xff, 0x4c, 0x0,
    0x3c, 0xff, 0xff, 0xff, 0xff, 0xff, 0xff, 0xff,
    0xa8, 0x98, 0xff, 0xff, 0xff, 0xff, 0xff, 0xff,
    0xff, 0x4c, 0x0, 0x3c, 0xff, 0xff, 0xff, 0xff,
    0xff, 0xff, 0xff, 0xa8, 0x98, 0xff, 0xff, 0xff,
    0xff, 0xff, 0xff, 0xff, 0x4c, 0x0, 0x3c, 0xff,
    0xff, 0xff, 0xff, 0xff, 0xff, 0xff, 0xa8, 0x98,
    0xff, 0xff, 0xff, 0xff, 0xff, 0xff, 0xff, 0x4c,
    0x0, 0x3c, 0xff, 0xff, 0xff, 0xff, 0xff, 0xff,
    0xff, 0xa8, 0x98, 0xff, 0xff, 0xff, 0xff, 0xff,
    0xff, 0xff, 0x4c, 0x0, 0x3c, 0xff, 0xff, 0xff,
    0xff, 0xff, 0xff, 0xff, 0xa8, 0x98, 0xff, 0xff,
    0xff, 0xff, 0xff, 0xff, 0xff, 0x4c, 0x0, 0x3c,
    0xff, 0xff, 0xff, 0xff, 0xff, 0xff, 0xff, 0xa8,
    0x98, 0xff, 0xff, 0xff, 0xff, 0xff, 0xff, 0xff,
    0x4c, 0x0, 0x3c, 0xff, 0xff, 0xff, 0xff, 0xff,
    0xff, 0xff, 0xa8, 0x98, 0xff, 0xff, 0xff, 0xff,
    0xff, 0xff, 0xff, 0x4c, 0x0, 0x3c, 0xff, 0xff,
    0xff, 0xff, 0xff, 0xff, 0xff, 0xa8, 0x98, 0xff,
    0xff, 0xff, 0xff, 0xff, 0xff, 0xff, 0x4c, 0x0,
    0x3c, 0xff, 0xff, 0xff, 0xff, 0xff, 0xff, 0xff,
    0xa8, 0x98, 0xff, 0xff, 0xff, 0xff, 0xff, 0xff,
    0xff, 0x4c, 0x0, 0x3c, 0xff, 0xff, 0xff, 0xff,
    0xff, 0xff, 0xff, 0xa8, 0x98, 0xff, 0xff, 0xff,
    0xff, 0xff, 0xff, 0xff, 0x4c, 0x0, 0x3c, 0xff,
    0xff, 0xff, 0xff, 0xff, 0xff, 0xff, 0xa8, 0x98,
    0xff, 0xff, 0xff, 0xff, 0xff, 0xff, 0xff, 0x4c,
    0x0, 0x3c, 0xff, 0xff, 0xff, 0xff, 0xff, 0xff,
    0xff, 0xa8, 0x98, 0xff, 0xff, 0xff, 0xff, 0xff,
    0xff, 0xff, 0x4c, 0x0, 0x3c, 0xff, 0xff, 0xff,
    0xff, 0xff, 0xff, 0xff, 0xa8, 0x98, 0xff, 0xff,
    0xff, 0xff, 0xff, 0xff, 0xff, 0x4c, 0x0, 0x3c,
    0xff, 0xff, 0xff, 0xff, 0xff, 0xff, 0xff, 0xa8,

    /* U+0069 "i" */
    0x98, 0xff, 0xff, 0xff, 0xff, 0xff, 0xff, 0xff,
    0x88, 0x98, 0xff, 0xff, 0xff, 0xff, 0xff, 0xff,
    0xff, 0x88, 0x98, 0xff, 0xff, 0xff, 0xff, 0xff,
    0xff, 0xff, 0x88, 0x98, 0xff, 0xff, 0xff, 0xff,
    0xff, 0xff, 0xff, 0x88, 0x1e, 0x34, 0x34, 0x34,
    0x34, 0x34, 0x34, 0x34, 0x1b, 0x98, 0xff, 0xff,
    0xff, 0xff, 0xff, 0xff, 0xff, 0x88, 0x98, 0xff,
    0xff, 0xff, 0xff, 0xff, 0xff, 0xff, 0x88, 0x98,
    0xff, 0xff, 0xff, 0xff, 0xff, 0xff, 0xff, 0x88,
    0x98, 0xff, 0xff, 0xff, 0xff, 0xff, 0xff, 0xff,
    0x88, 0x98, 0xff, 0xff, 0xff, 0xff, 0xff, 0xff,
    0xff, 0x88, 0x98, 0xff, 0xff, 0xff, 0xff, 0xff,
    0xff, 0xff, 0x88, 0x98, 0xff, 0xff, 0xff, 0xff,
    0xff, 0xff, 0xff, 0x88, 0x98, 0xff, 0xff, 0xff,
    0xff, 0xff, 0xff, 0xff, 0x88, 0x98, 0xff, 0xff,
    0xff, 0xff, 0xff, 0xff, 0xff, 0x88, 0x98, 0xff,
    0xff, 0xff, 0xff, 0xff, 0xff, 0xff, 0x88, 0x98,
    0xff, 0xff, 0xff, 0xff, 0xff, 0xff, 0xff, 0x88,
    0x98, 0xff, 0xff, 0xff, 0xff, 0xff, 0xff, 0xff,
    0x88, 0x98, 0xff, 0xff, 0xff, 0xff, 0xff, 0xff,
    0xff, 0x88, 0x98, 0xff, 0xff, 0xff, 0xff, 0xff,
    0xff, 0xff, 0x88, 0x98, 0xff, 0xff, 0xff, 0xff,
    0xff, 0xff, 0xff, 0x88, 0x98, 0xff, 0xff, 0xff,
    0xff, 0xff, 0xff, 0xff, 0x88, 0x98, 0xff, 0xff,
    0xff, 0xff, 0xff, 0xff, 0xff, 0x88, 0x98, 0xff,
    0xff, 0xff, 0xff, 0xff, 0xff, 0xff, 0x88, 0x98,
    0xff, 0xff, 0xff, 0xff, 0xff, 0xff, 0xff, 0x88,
    0x98, 0xff, 0xff, 0xff, 0xff, 0xff, 0xff, 0xff,
    0x88, 0x98, 0xff, 0xff, 0xff, 0xff, 0xff, 0xff,
    0xff, 0x88, 0x98, 0xff, 0xff, 0xff, 0xff, 0xff,
    0xff, 0xff, 0x88, 0x98, 0xff, 0xff, 0xff, 0xff,
    0xff, 0xff, 0xff, 0x88, 0x98, 0xff, 0xff, 0xff,
    0xff, 0xff, 0xff, 0xff, 0x88, 0x98, 0xff, 0xff,
    0xff, 0xff, 0xff, 0xff, 0xff, 0x88, 0x98, 0xff,
    0xff, 0xff, 0xff, 0xff, 0xff, 0xff, 0x88, 0x98,
    0xff, 0xff, 0xff, 0xff, 0xff, 0xff, 0xff, 0x88,

    /* U+006A "j" */
    0x0, 0x0, 0x5c, 0xff, 0xff, 0xff, 0xff, 0xff,
    0xff, 0xff, 0xc4, 0x0, 0x0, 0x5c, 0xff, 0xff,
    0xff, 0xff, 0xff, 0xff, 0xff, 0xc4, 0x0, 0x0,
    0x5c, 0xff, 0xff, 0xff, 0xff, 0xff, 0xff, 0xff,
    0xc4, 0x0, 0x0, 0x5c, 0xff, 0xff, 0xff, 0xff,
    0xff, 0xff, 0xff, 0xc4, 0x0, 0x0, 0x12, 0x34,
    0x34, 0x34, 0x34, 0x34, 0x34, 0x34, 0x27, 0x0,
    0x0, 0x5c, 0xff, 0xff, 0xff, 0xff, 0xff, 0xff,
    0xff, 0xc4, 0x0, 0x0, 0x5c, 0xff, 0xff, 0xff,
    0xff, 0xff, 0xff, 0xff, 0xc4, 0x0, 0x0, 0x5c,
    0xff, 0xff, 0xff, 0xff, 0xff, 0xff, 0xff, 0xc4,
    0x0, 0x0, 0x5c, 0xff, 0xff, 0xff, 0xff, 0xff,
    0xff, 0xff, 0xc4, 0x0, 0x0, 0x5c, 0xff, 0xff,
    0xff, 0xff, 0xff, 0xff, 0xff, 0xc4, 0x0, 0x0,
    0x5c, 0xff, 0xff, 0xff, 0xff, 0xff, 0xff, 0xff,
    0xc4, 0x0, 0x0, 0x5c, 0xff, 0xff, 0xff, 0xff,
    0xff, 0xff, 0xff, 0xc4, 0x0, 0x0, 0x5c, 0xff,
    0xff, 0xff, 0xff, 0xff, 0xff, 0xff, 0xc4, 0x0,
    0x0, 0x5c, 0xff, 0xff, 0xff, 0xff, 0xff, 0xff,
    0xff, 0xc4, 0x0, 0x0, 0x5c, 0xff, 0xff, 0xff,
    0xff, 0xff, 0xff, 0xff, 0xc4, 0x0, 0x0, 0x5c,
    0xff, 0xff, 0xff, 0xff, 0xff, 0xff, 0xff, 0xc4,
    0x0, 0x0, 0x5c, 0xff, 0xff, 0xff, 0xff, 0xff,
    0xff, 0xff, 0xc4, 0x0, 0x0, 0x5c, 0xff, 0xff,
    0xff, 0xff, 0xff, 0xff, 0xff, 0xc4, 0x0, 0x0,
    0x5c, 0xff, 0xff, 0xff, 0xff, 0xff, 0xff, 0xff,
    0xc4, 0x0, 0x0, 0x5c, 0xff, 0xff, 0xff, 0xff,
    0xff, 0xff, 0xff, 0xc4, 0x0, 0x0, 0x5c, 0xff,
    0xff, 0xff, 0xff, 0xff, 0xff, 0xff, 0xc4, 0x0,
    0x0, 0x5c, 0xff, 0xff, 0xff, 0xff, 0xff, 0xff,
    0xff, 0xc4, 0x0, 0x0, 0x5c, 0xff, 0xff, 0xff,
    0xff, 0xff, 0xff, 0xff, 0xc4, 0x0, 0x0, 0x5c,
    0xff, 0xff, 0xff, 0xff, 0xff, 0xff, 0xff, 0xc4,
    0x0, 0x0, 0x5c, 0xff, 0xff, 0xff, 0xff, 0xff,
    0xff, 0xff, 0xc4, 0x0, 0x0, 0x5c, 0xff, 0xff,
    0xff, 0xff, 0xff, 0xff, 0xff, 0xc3, 0x0, 0x0,
    0x5c, 0xff, 0xff, 0xff, 0xff, 0xff, 0xff, 0xff,
    0xc2, 0x0, 0x0, 0x5e, 0xff, 0xff, 0xff, 0xff,
    0xff, 0xff, 0xff, 0xc1, 0x0, 0x0, 0x60, 0xff,
    0xff, 0xff, 0xff, 0xff, 0xff, 0xff, 0xbc, 0x0,
    0x0, 0x68, 0xff, 0xff, 0xff, 0xff, 0xff, 0xff,
    0xff, 0xb4, 0x0, 0x7, 0x91, 0xff, 0xff, 0xff,
    0xff, 0xff, 0xff, 0xff, 0xa6, 0x20, 0xff, 0xff,
    0xff, 0xff, 0xff, 0xff, 0xff, 0xff, 0xff, 0x7c,
    0x20, 0xff, 0xff, 0xff, 0xff, 0xff, 0xff, 0xff,
    0xff, 0xfc, 0x29, 0x20, 0xff, 0xff, 0xff, 0xff,
    0xff, 0xff, 0xff, 0xff, 0x7a, 0x0, 0x20, 0xff,
    0xff, 0xff, 0xff, 0xff, 0xff, 0xcd, 0x51, 0x0,
    0x0, 0x7, 0x3c, 0x3c, 0x3c, 0x39, 0x2c, 0xd,
    0x0, 0x0, 0x0, 0x0,

    /* U+006B "k" */
    0x98, 0xff, 0xff, 0xff, 0xff, 0xff, 0xff, 0xff,
    0x4c, 0x0, 0x0, 0x0, 0x0, 0x0, 0x0, 0x0,
    0x0, 0x0, 0x0, 0x98, 0xff, 0xff, 0xff, 0xff,
    0xff, 0xff, 0xff, 0x4c, 0x0, 0x0, 0x0, 0x0,
    0x0, 0x0, 0x0, 0x0, 0x0, 0x0, 0x98, 0xff,
    0xff, 0xff, 0xff, 0xff, 0xff, 0xff, 0x4c, 0x0,
    0x0, 0x0, 0x0, 0x0, 0x0, 0x0, 0x0, 0x0,
    0x0, 0x98, 0xff, 0xff, 0xff, 0xff, 0xff, 0xff,
    0xff, 0x4c, 0x0, 0x0, 0x0, 0x0, 0x0, 0x0,
    0x0, 0x0, 0x0, 0x0, 0x98, 0xff, 0xff, 0xff,
    0xff, 0xff, 0xff, 0xff, 0x4c, 0x0, 0x0, 0x0,
    0x0, 0x0, 0x0, 0x0, 0x0, 0x0, 0x0, 0x98,
    0xff, 0xff, 0xff, 0xff, 0xff, 0xff, 0xff, 0x4c,
    0x0, 0x65, 0xff, 0xff, 0xff, 0xff, 0xff, 0xff,
    0x41, 0x0, 0x98, 0xff, 0xff, 0xff, 0xff, 0xff,
    0xff, 0xff, 0x4c, 0x0, 0xb5, 0xff, 0xff, 0xff,
    0xff, 0xff, 0xf0, 0x4, 0x0, 0x98, 0xff, 0xff,
    0xff, 0xff, 0xff, 0xff, 0xff, 0x4c, 0xc, 0xf8,
    0xff, 0xff, 0xff, 0xff, 0xff, 0xa9, 0x0, 0x0,
    0x98, 0xff, 0xff, 0xff, 0xff, 0xff, 0xff, 0xff,
    0x4c, 0x55, 0xff, 0xff, 0xff, 0xff, 0xff, 0xff,
    0x5d, 0x0, 0x0, 0x98, 0xff, 0xff, 0xff, 0xff,
    0xff, 0xff, 0xff, 0x4c, 0xa5, 0xff, 0xff, 0xff,
    0xff, 0xff, 0xfd, 0x13, 0x0, 0x0, 0x98, 0xff,
    0xff, 0xff, 0xff, 0xff, 0xff, 0xff, 0x51, 0xef,
    0xff, 0xff, 0xff, 0xff, 0xff, 0xc4, 0x0, 0x0,
    0x0, 0x98, 0xff, 0xff, 0xff, 0xff, 0xff, 0xff,
    0xff, 0x91, 0xff, 0xff, 0xff, 0xff, 0xff, 0xff,
    0x78, 0x0, 0x0, 0x0, 0x98, 0xff, 0xff, 0xff,
    0xff, 0xff, 0xff, 0xff, 0xe0, 0xff, 0xff, 0xff,
    0xff, 0xff, 0xff, 0x2c, 0x0, 0x0, 0x0, 0x98,
    0xff, 0xff, 0xff, 0xff, 0xff, 0xff, 0xff, 0xff,
    0xff, 0xff, 0xff, 0xff, 0xff, 0xe0, 0x0, 0x0,
    0x0, 0x0, 0x98, 0xff, 0xff, 0xff, 0xff, 0xff,
    0xff, 0xff, 0xff, 0xff, 0xff, 0xff, 0xff, 0xff,
    0x94, 0x0, 0x0, 0x0, 0x0, 0x98, 0xff, 0xff,
    0xff, 0xff, 0xff, 0xff, 0xff, 0xff, 0xff, 0xff,
    0xff, 0xff, 0xff, 0x4b, 0x0, 0x0, 0x0, 0x0,
    0x98, 0xff, 0xff, 0xff, 0xff, 0xff, 0xff, 0xff,
    0xff, 0xff, 0xff, 0xff, 0xff, 0xff, 0x63, 0x0,
    0x0, 0x0, 0x0, 0x98, 0xff, 0xff, 0xff, 0xff,
    0xff, 0xff, 0xff, 0xff, 0xff, 0xff, 0xff, 0xff,
    0xff, 0xa5, 0x0, 0x0, 0x0, 0x0, 0x98, 0xff,
    0xff, 0xff, 0xff, 0xff, 0xff, 0xff, 0xff, 0xff,
    0xff, 0xff, 0xff, 0xff, 0xe6, 0x0, 0x0, 0x0,
    0x0, 0x98, 0xff, 0xff, 0xff, 0xff, 0xff, 0xff,
    0xff, 0xff, 0xff, 0xff, 0xff, 0xff, 0xff, 0xff,
    0x28, 0x0, 0x0, 0x0, 0x98, 0xff, 0xff, 0xff,
    0xff, 0xff, 0xff, 0xff, 0xf0, 0xff, 0xff, 0xff,
    0xff, 0xff, 0xff, 0x6a, 0x0, 0x0, 0x0, 0x98,
    0xff, 0xff, 0xff, 0xff, 0xff, 0xff, 0xff, 0xbc,
    0xff, 0xff, 0xff, 0xff, 0xff, 0xff, 0xab, 0x0,
    0x0, 0x0, 0x98, 0xff, 0xff, 0xff, 0xff, 0xff,
    0xff, 0xff, 0x87, 0xff, 0xff, 0xff, 0xff, 0xff,
    0xff, 0xeb, 0x1, 0x0, 0x0, 0x98, 0xff, 0xff,
    0xff, 0xff, 0xff, 0xff, 0xff, 0x55, 0xfb, 0xff,
    0xff, 0xff, 0xff, 0xff, 0xff, 0x2e, 0x0, 0x0,
    0x98, 0xff, 0xff, 0xff, 0xff, 0xff, 0xff, 0xff,
    0x4c, 0xcf, 0xff, 0xff, 0xff, 0xff, 0xff, 0xff,
    0x70, 0x0, 0x0, 0x98, 0xff, 0xff, 0xff, 0xff,
    0xff, 0xff, 0xff, 0x4c, 0x9a, 0xff, 0xff, 0xff,
    0xff, 0xff, 0xff, 0xb1, 0x0, 0x0, 0x98, 0xff,
    0xff, 0xff, 0xff, 0xff, 0xff, 0xff, 0x4c, 0x64,
    0xff, 0xff, 0xff, 0xff, 0xff, 0xff, 0xf0, 0x3,
    0x0, 0x98, 0xff, 0xff, 0xff, 0xff, 0xff, 0xff,
    0xff, 0x4c, 0x2e, 0xff, 0xff, 0xff, 0xff, 0xff,
    0xff, 0xff, 0x34, 0x0, 0x98, 0xff, 0xff, 0xff,
    0xff, 0xff, 0xff, 0xff, 0x4c, 0x3, 0xf4, 0xff,
    0xff, 0xff, 0xff, 0xff, 0xff, 0x76, 0x0, 0x98,
    0xff, 0xff, 0xff, 0xff, 0xff, 0xff, 0xff, 0x4c,
    0x0, 0xc3, 0xff, 0xff, 0xff, 0xff, 0xff, 0xff,
    0xb7, 0x0, 0x98, 0xff, 0xff, 0xff, 0xff, 0xff,
    0xff, 0xff, 0x4c, 0x0, 0x8d, 0xff, 0xff, 0xff,
    0xff, 0xff, 0xff, 0xf4, 0x5, 0x98, 0xff, 0xff,
    0xff, 0xff, 0xff, 0xff, 0xff, 0x4c, 0x0, 0x57,
    0xff, 0xff, 0xff, 0xff, 0xff, 0xff, 0xff, 0x3b,

    /* U+006C "l" */
    0x98, 0xff, 0xff, 0xff, 0xff, 0xff, 0xff, 0xff,
    0x88, 0x98, 0xff, 0xff, 0xff, 0xff, 0xff, 0xff,
    0xff, 0x88, 0x98, 0xff, 0xff, 0xff, 0xff, 0xff,
    0xff, 0xff, 0x88, 0x98, 0xff, 0xff, 0xff, 0xff,
    0xff, 0xff, 0xff, 0x88, 0x98, 0xff, 0xff, 0xff,
    0xff, 0xff, 0xff, 0xff, 0x88, 0x98, 0xff, 0xff,
    0xff, 0xff, 0xff, 0xff, 0xff, 0x88, 0x98, 0xff,
    0xff, 0xff, 0xff, 0xff, 0xff, 0xff, 0x88, 0x98,
    0xff, 0xff, 0xff, 0xff, 0xff, 0xff, 0xff, 0x88,
    0x98, 0xff, 0xff, 0xff, 0xff, 0xff, 0xff, 0xff,
    0x88, 0x98, 0xff, 0xff, 0xff, 0xff, 0xff, 0xff,
    0xff, 0x88, 0x98, 0xff, 0xff, 0xff, 0xff, 0xff,
    0xff, 0xff, 0x88, 0x98, 0xff, 0xff, 0xff, 0xff,
    0xff, 0xff, 0xff, 0x88, 0x98, 0xff, 0xff, 0xff,
    0xff, 0xff, 0xff, 0xff, 0x88, 0x98, 0xff, 0xff,
    0xff, 0xff, 0xff, 0xff, 0xff, 0x88, 0x98, 0xff,
    0xff, 0xff, 0xff, 0xff, 0xff, 0xff, 0x88, 0x98,
    0xff, 0xff, 0xff, 0xff, 0xff, 0xff, 0xff, 0x88,
    0x98, 0xff, 0xff, 0xff, 0xff, 0xff, 0xff, 0xff,
    0x88, 0x98, 0xff, 0xff, 0xff, 0xff, 0xff, 0xff,
    0xff, 0x88, 0x98, 0xff, 0xff, 0xff, 0xff, 0xff,
    0xff, 0xff, 0x88, 0x98, 0xff, 0xff, 0xff, 0xff,
    0xff, 0xff, 0xff, 0x88, 0x98, 0xff, 0xff, 0xff,
    0xff, 0xff, 0xff, 0xff, 0x88, 0x98, 0xff, 0xff,
    0xff, 0xff, 0xff, 0xff, 0xff, 0x88, 0x98, 0xff,
    0xff, 0xff, 0xff, 0xff, 0xff, 0xff, 0x88, 0x98,
    0xff, 0xff, 0xff, 0xff, 0xff, 0xff, 0xff, 0x88,
    0x98, 0xff, 0xff, 0xff, 0xff, 0xff, 0xff, 0xff,
    0x88, 0x98, 0xff, 0xff, 0xff, 0xff, 0xff, 0xff,
    0xff, 0x88, 0x98, 0xff, 0xff, 0xff, 0xff, 0xff,
    0xff, 0xff, 0x88, 0x98, 0xff, 0xff, 0xff, 0xff,
    0xff, 0xff, 0xff, 0x88, 0x98, 0xff, 0xff, 0xff,
    0xff, 0xff, 0xff, 0xff, 0x88, 0x98, 0xff, 0xff,
    0xff, 0xff, 0xff, 0xff, 0xff, 0x88, 0x98, 0xff,
    0xff, 0xff, 0xff, 0xff, 0xff, 0xff, 0x88, 0x98,
    0xff, 0xff, 0xff, 0xff, 0xff, 0xff, 0xff, 0x88,

    /* U+006D "m" */
    0x98, 0xff, 0xff, 0xff, 0xff, 0xff, 0xff, 0xff,
    0x2c, 0x6, 0x70, 0xc8, 0xee, 0xf5, 0xd6, 0x87,
    0x15, 0x0, 0x0, 0x2, 0x61, 0xc1, 0xed, 0xf2,
    0xd0, 0x7c, 0xe, 0x0, 0x0, 0x98, 0xff, 0xff,
    0xff, 0xff, 0xff, 0xff, 0xff, 0x38, 0xd2, 0xff,
    0xff, 0xff, 0xff, 0xff, 0xff, 0xe9, 0x37, 0xf,
    0xc1, 0xff, 0xff, 0xff, 0xff, 0xff, 0xff, 0xda,
    0x19, 0x0, 0x98, 0xff, 0xff, 0xff, 0xff, 0xff,
    0xff, 0xff, 0xdd, 0xff, 0xff, 0xff, 0xff, 0xff,
    0xff, 0xff, 0xff, 0xeb, 0xca, 0xff, 0xff, 0xff,
    0xff, 0xff, 0xff, 0xff, 0xff, 0xb9, 0x0, 0x98,
    0xff, 0xff, 0xff, 0xff, 0xff, 0xff, 0xff, 0xff,
    0xff, 0xff, 0xff, 0xff, 0xff, 0xff, 0xff, 0xff,
    0xff, 0xff, 0xff, 0xff, 0xff, 0xff, 0xff, 0xff,
    0xff, 0xff, 0xff, 0x24, 0x98, 0xff, 0xff, 0xff,
    0xff, 0xff, 0xff, 0xff, 0xbf, 0x5e, 0xe1, 0xff,
    0xff, 0xff, 0xff, 0xff, 0xff, 0xff, 0xdf, 0x60,
    0xc7, 0xff, 0xff, 0xff, 0xff, 0xff, 0xff, 0xff,
    0x56, 0x98, 0xff, 0xff, 0xff, 0xff, 0xff, 0xff,
    0xff, 0x29, 0x0, 0x83, 0xff, 0xff, 0xff, 0xff,
    0xff, 0xff, 0xff, 0x73, 0x0, 0x4d, 0xff, 0xff,
    0xff, 0xff, 0xff, 0xff, 0xff, 0x70, 0x98, 0xff,
    0xff, 0xff, 0xff, 0xff, 0xff, 0xff, 0x12, 0x0,
    0x6f, 0xff, 0xff, 0xff, 0xff, 0xff, 0xff, 0xff,
    0x59, 0x0, 0x32, 0xff, 0xff, 0xff, 0xff, 0xff,
    0xff, 0xff, 0x7e, 0x98, 0xff, 0xff, 0xff, 0xff,
    0xff, 0xff, 0xff, 0x10, 0x0, 0x67, 0xff, 0xff,
    0xff, 0xff, 0xff, 0xff, 0xff, 0x4e, 0x0, 0x27,
    0xff, 0xff, 0xff, 0xff, 0xff, 0xff, 0xff, 0x85,
    0x98, 0xff, 0xff, 0xff, 0xff, 0xff, 0xff, 0xff,
    0x10, 0x0, 0x62, 0xff, 0xff, 0xff, 0xff, 0xff,
    0xff, 0xff, 0x49, 0x0, 0x23, 0xff, 0xff, 0xff,
    0xff, 0xff, 0xff, 0xff, 0x87, 0x98, 0xff, 0xff,
    0xff, 0xff, 0xff, 0xff, 0xff, 0x10, 0x0, 0x60,
    0xff, 0xff, 0xff, 0xff, 0xff, 0xff, 0xff, 0x48,
    0x0, 0x20, 0xff, 0xff, 0xff, 0xff, 0xff, 0xff,
    0xff, 0x88, 0x98, 0xff, 0xff, 0xff, 0xff, 0xff,
    0xff, 0xff, 0x10, 0x0, 0x60, 0xff, 0xff, 0xff,
    0xff, 0xff, 0xff, 0xff, 0x48, 0x0, 0x20, 0xff,
    0xff, 0xff, 0xff, 0xff, 0xff, 0xff, 0x88, 0x98,
    0xff, 0xff, 0xff, 0xff, 0xff, 0xff, 0xff, 0x10,
    0x0, 0x60, 0xff, 0xff, 0xff, 0xff, 0xff, 0xff,
    0xff, 0x48, 0x0, 0x20, 0xff, 0xff, 0xff, 0xff,
    0xff, 0xff, 0xff, 0x88, 0x98, 0xff, 0xff, 0xff,
    0xff, 0xff, 0xff, 0xff, 0x10, 0x0, 0x60, 0xff,
    0xff, 0xff, 0xff, 0xff, 0xff, 0xff, 0x48, 0x0,
    0x20, 0xff, 0xff, 0xff, 0xff, 0xff, 0xff, 0xff,
    0x88, 0x98, 0xff, 0xff, 0xff, 0xff, 0xff, 0xff,
    0xff, 0x10, 0x0, 0x60, 0xff, 0xff, 0xff, 0xff,
    0xff, 0xff, 0xff, 0x48, 0x0, 0x20, 0xff, 0xff,
    0xff, 0xff, 0xff, 0xff, 0xff, 0x88, 0x98, 0xff,
    0xff, 0xff, 0xff, 0xff, 0xff, 0xff, 0x10, 0x0,
    0x60, 0xff, 0xff, 0xff, 0xff, 0xff, 0xff, 0xff,
    0x48, 0x0, 0x20, 0xff, 0xff, 0xff, 0xff, 0xff,
    0xff, 0xff, 0x88, 0x98, 0xff, 0xff, 0xff, 0xff,
    0xff, 0xff, 0xff, 0x10, 0x0, 0x60, 0xff, 0xff,
    0xff, 0xff, 0xff, 0xff, 0xff, 0x48, 0x0, 0x20,
    0xff, 0xff, 0xff, 0xff, 0xff, 0xff, 0xff, 0x88,
    0x98, 0xff, 0xff, 0xff, 0xff, 0xff, 0xff, 0xff,
    0x10, 0x0, 0x60, 0xff, 0xff, 0xff, 0xff, 0xff,
    0xff, 0xff, 0x48, 0x0, 0x20, 0xff, 0xff, 0xff,
    0xff, 0xff, 0xff, 0xff, 0x88, 0x98, 0xff, 0xff,
    0xff, 0xff, 0xff, 0xff, 0xff, 0x10, 0x0, 0x60,
    0xff, 0xff, 0xff, 0xff, 0xff, 0xff, 0xff, 0x48,
    0x0, 0x20, 0xff, 0xff, 0xff, 0xff, 0xff, 0xff,
    0xff, 0x88, 0x98, 0xff, 0xff, 0xff, 0xff, 0xff,
    0xff, 0xff, 0x10, 0x0, 0x60, 0xff, 0xff, 0xff,
    0xff, 0xff, 0xff, 0xff, 0x48, 0x0, 0x20, 0xff,
    0xff, 0xff, 0xff, 0xff, 0xff, 0xff, 0x88, 0x98,
    0xff, 0xff, 0xff, 0xff, 0xff, 0xff, 0xff, 0x10,
    0x0, 0x60, 0xff, 0xff, 0xff, 0xff, 0xff, 0xff,
    0xff, 0x48, 0x0, 0x20, 0xff, 0xff, 0xff, 0xff,
    0xff, 0xff, 0xff, 0x88, 0x98, 0xff, 0xff, 0xff,
    0xff, 0xff, 0xff, 0xff, 0x10, 0x0, 0x60, 0xff,
    0xff, 0xff, 0xff, 0xff, 0xff, 0xff, 0x48, 0x0,
    0x20, 0xff, 0xff, 0xff, 0xff, 0xff, 0xff, 0xff,
    0x88, 0x98, 0xff, 0xff, 0xff, 0xff, 0xff, 0xff,
    0xff, 0x10, 0x0, 0x60, 0xff, 0xff, 0xff, 0xff,
    0xff, 0xff, 0xff, 0x48, 0x0, 0x20, 0xff, 0xff,
    0xff, 0xff, 0xff, 0xff, 0xff, 0x88, 0x98, 0xff,
    0xff, 0xff, 0xff, 0xff, 0xff, 0xff, 0x10, 0x0,
    0x60, 0xff, 0xff, 0xff, 0xff, 0xff, 0xff, 0xff,
    0x48, 0x0, 0x20, 0xff, 0xff, 0xff, 0xff, 0xff,
    0xff, 0xff, 0x88, 0x98, 0xff, 0xff, 0xff, 0xff,
    0xff, 0xff, 0xff, 0x10, 0x0, 0x60, 0xff, 0xff,
    0xff, 0xff, 0xff, 0xff, 0xff, 0x48, 0x0, 0x20,
    0xff, 0xff, 0xff, 0xff, 0xff, 0xff, 0xff, 0x88,
    0x98, 0xff, 0xff, 0xff, 0xff, 0xff, 0xff, 0xff,
    0x10, 0x0, 0x60, 0xff, 0xff, 0xff, 0xff, 0xff,
    0xff, 0xff, 0x48, 0x0, 0x20, 0xff, 0xff, 0xff,
    0xff, 0xff, 0xff, 0xff, 0x88, 0x98, 0xff, 0xff,
    0xff, 0xff, 0xff, 0xff, 0xff, 0x10, 0x0, 0x60,
    0xff, 0xff, 0xff, 0xff, 0xff, 0xff, 0xff, 0x48,
    0x0, 0x20, 0xff, 0xff, 0xff, 0xff, 0xff, 0xff,
    0xff, 0x88, 0x98, 0xff, 0xff, 0xff, 0xff, 0xff,
    0xff, 0xff, 0x10, 0x0, 0x60, 0xff, 0xff, 0xff,
    0xff, 0xff, 0xff, 0xff, 0x48, 0x0, 0x20, 0xff,
    0xff, 0xff, 0xff, 0xff, 0xff, 0xff, 0x88,

    /* U+006E "n" */
    0x98, 0xff, 0xff, 0xff, 0xff, 0xff, 0xff, 0xff,
    0x68, 0x2, 0x62, 0xc0, 0xeb, 0xf5, 0xd5, 0x8d,
    0x17, 0x0, 0x0, 0x98, 0xff, 0xff, 0xff, 0xff,
    0xff, 0xff, 0xff, 0x65, 0xbe, 0xff, 0xff, 0xff,
    0xff, 0xff, 0xff, 0xe9, 0x28, 0x0, 0x98, 0xff,
    0xff, 0xff, 0xff, 0xff, 0xff, 0xff, 0xe7, 0xff,
    0xff, 0xff, 0xff, 0xff, 0xff, 0xff, 0xff, 0xd0,
    0x0, 0x98, 0xff, 0xff, 0xff, 0xff, 0xff, 0xff,
    0xff, 0xff, 0xff, 0xff, 0xff, 0xff, 0xff, 0xff,
    0xff, 0xff, 0xff, 0x37, 0x98, 0xff, 0xff, 0xff,
    0xff, 0xff, 0xff, 0xff, 0xd7, 0x5c, 0xc4, 0xff,
    0xff, 0xff, 0xff, 0xff, 0xff, 0xff, 0x69, 0x98,
    0xff, 0xff, 0xff, 0xff, 0xff, 0xff, 0xff, 0x6e,
    0x0, 0x5f, 0xff, 0xff, 0xff, 0xff, 0xff, 0xff,
    0xff, 0x83, 0x98, 0xff, 0xff, 0xff, 0xff, 0xff,
    0xff, 0xff, 0x58, 0x0, 0x4f, 0xff, 0xff, 0xff,
    0xff, 0xff, 0xff, 0xff, 0x91, 0x98, 0xff, 0xff,
    0xff, 0xff, 0xff, 0xff, 0xff, 0x4e, 0x0, 0x4a,
    0xff, 0xff, 0xff, 0xff, 0xff, 0xff, 0xff, 0x98,
    0x98, 0xff, 0xff, 0xff, 0xff, 0xff, 0xff, 0xff,
    0x4c, 0x0, 0x48, 0xff, 0xff, 0xff, 0xff, 0xff,
    0xff, 0xff, 0x9b, 0x98, 0xff, 0xff, 0xff, 0xff,
    0xff, 0xff, 0xff, 0x4c, 0x0, 0x48, 0xff, 0xff,
    0xff, 0xff, 0xff, 0xff, 0xff, 0x9c, 0x98, 0xff,
    0xff, 0xff, 0xff, 0xff, 0xff, 0xff, 0x4c, 0x0,
    0x48, 0xff, 0xff, 0xff, 0xff, 0xff, 0xff, 0xff,
    0x9c, 0x98, 0xff, 0xff, 0xff, 0xff, 0xff, 0xff,
    0xff, 0x4c, 0x0, 0x48, 0xff, 0xff, 0xff, 0xff,
    0xff, 0xff, 0xff, 0x9c, 0x98, 0xff, 0xff, 0xff,
    0xff, 0xff, 0xff, 0xff, 0x4c, 0x0, 0x48, 0xff,
    0xff, 0xff, 0xff, 0xff, 0xff, 0xff, 0x9c, 0x98,
    0xff, 0xff, 0xff, 0xff, 0xff, 0xff, 0xff, 0x4c,
    0x0, 0x48, 0xff, 0xff, 0xff, 0xff, 0xff, 0xff,
    0xff, 0x9c, 0x98, 0xff, 0xff, 0xff, 0xff, 0xff,
    0xff, 0xff, 0x4c, 0x0, 0x48, 0xff, 0xff, 0xff,
    0xff, 0xff, 0xff, 0xff, 0x9c, 0x98, 0xff, 0xff,
    0xff, 0xff, 0xff, 0xff, 0xff, 0x4c, 0x0, 0x48,
    0xff, 0xff, 0xff, 0xff, 0xff, 0xff, 0xff, 0x9c,
    0x98, 0xff, 0xff, 0xff, 0xff, 0xff, 0xff, 0xff,
    0x4c, 0x0, 0x48, 0xff, 0xff, 0xff, 0xff, 0xff,
    0xff, 0xff, 0x9c, 0x98, 0xff, 0xff, 0xff, 0xff,
    0xff, 0xff, 0xff, 0x4c, 0x0, 0x48, 0xff, 0xff,
    0xff, 0xff, 0xff, 0xff, 0xff, 0x9c, 0x98, 0xff,
    0xff, 0xff, 0xff, 0xff, 0xff, 0xff, 0x4c, 0x0,
    0x48, 0xff, 0xff, 0xff, 0xff, 0xff, 0xff, 0xff,
    0x9c, 0x98, 0xff, 0xff, 0xff, 0xff, 0xff, 0xff,
    0xff, 0x4c, 0x0, 0x48, 0xff, 0xff, 0xff, 0xff,
    0xff, 0xff, 0xff, 0x9c, 0x98, 0xff, 0xff, 0xff,
    0xff, 0xff, 0xff, 0xff, 0x4c, 0x0, 0x48, 0xff,
    0xff, 0xff, 0xff, 0xff, 0xff, 0xff, 0x9c, 0x98,
    0xff, 0xff, 0xff, 0xff, 0xff, 0xff, 0xff, 0x4c,
    0x0, 0x48, 0xff, 0xff, 0xff, 0xff, 0xff, 0xff,
    0xff, 0x9c, 0x98, 0xff, 0xff, 0xff, 0xff, 0xff,
    0xff, 0xff, 0x4c, 0x0, 0x48, 0xff, 0xff, 0xff,
    0xff, 0xff, 0xff, 0xff, 0x9c, 0x98, 0xff, 0xff,
    0xff, 0xff, 0xff, 0xff, 0xff, 0x4c, 0x0, 0x48,
    0xff, 0xff, 0xff, 0xff, 0xff, 0xff, 0xff, 0x9c,
    0x98, 0xff, 0xff, 0xff, 0xff, 0xff, 0xff, 0xff,
    0x4c, 0x0, 0x48, 0xff, 0xff, 0xff, 0xff, 0xff,
    0xff, 0xff, 0x9c, 0x98, 0xff, 0xff, 0xff, 0xff,
    0xff, 0xff, 0xff, 0x4c, 0x0, 0x48, 0xff, 0xff,
    0xff, 0xff, 0xff, 0xff, 0xff, 0x9c, 0x98, 0xff,
    0xff, 0xff, 0xff, 0xff, 0xff, 0xff, 0x4c, 0x0,
    0x48, 0xff, 0xff, 0xff, 0xff, 0xff, 0xff, 0xff,
    0x9c,

    /* U+006F "o" */
    0x0, 0x0, 0x0, 0x0, 0x24, 0x81, 0xc2, 0xe9,
    0xf9, 0xf4, 0xdf, 0xc2, 0x7e, 0x2e, 0x0, 0x0,
    0x0, 0x0, 0x0, 0x0, 0x0, 0x8, 0x91, 0xfc,
    0xff, 0xff, 0xff, 0xff, 0xff, 0xff, 0xff, 0xff,
    0xff, 0xaa, 0x1c, 0x0, 0x0, 0x0, 0x0, 0x6,
    0xbd, 0xff, 0xff, 0xff, 0xff, 0xff, 0xff, 0xff,
    0xff, 0xff, 0xff, 0xff, 0xff, 0xe3, 0x28, 0x0,
    0x0, 0x0, 0x86, 0xff, 0xff, 0xff, 0xff, 0xff,
    0xff, 0xff, 0xff, 0xff, 0xff, 0xff, 0xff, 0xff,
    0xff, 0xd7, 0x8, 0x0, 0xf, 0xf5, 0xff, 0xff,
    0xff, 0xff, 0xff, 0xff, 0xea, 0xca, 0xff, 0xff,
    0xff, 0xff, 0xff, 0xff, 0xff, 0x76, 0x0, 0x57,
    0xff, 0xff, 0xff, 0xff, 0xff, 0xff, 0xff, 0x3d,
    0x0, 0xcb, 0xff, 0xff, 0xff, 0xff, 0xff, 0xff,
    0xd9, 0x0, 0x8d, 0xff, 0xff, 0xff, 0xff, 0xff,
    0xff, 0xff, 0x18, 0x0, 0xa8, 0xff, 0xff, 0xff,
    0xff, 0xff, 0xff, 0xff, 0x11, 0xb0, 0xff, 0xff,
    0xff, 0xff, 0xff, 0xff, 0xff, 0x10, 0x0, 0xa1,
    0xff, 0xff, 0xff, 0xff, 0xff, 0xff, 0xff, 0x2e,
    0xc6, 0xff, 0xff, 0xff, 0xff, 0xff, 0xff, 0xff,
    0x10, 0x0, 0xa0, 0xff, 0xff, 0xff, 0xff, 0xff,
    0xff, 0xff, 0x3d, 0xcf, 0xff, 0xff, 0xff, 0xff,
    0xff, 0xff, 0xff, 0x10, 0x0, 0xa0, 0xff, 0xff,
    0xff, 0xff, 0xff, 0xff, 0xff, 0x42, 0xd3, 0xff,
    0xff, 0xff, 0xff, 0xff, 0xff, 0xff, 0x10, 0x0,
    0xa0, 0xff, 0xff, 0xff, 0xff, 0xff, 0xff, 0xff,
    0x44, 0xd4, 0xff, 0xff, 0xff, 0xff, 0xff, 0xff,
    0xff, 0x10, 0x0, 0xa0, 0xff, 0xff, 0xff, 0xff,
    0xff, 0xff, 0xff, 0x44, 0xd4, 0xff, 0xff, 0xff,
    0xff, 0xff, 0xff, 0xff, 0x10, 0x0, 0xa0, 0xff,
    0xff, 0xff, 0xff, 0xff, 0xff, 0xff, 0x44, 0xd4,
    0xff, 0xff, 0xff, 0xff, 0xff, 0xff, 0xff, 0x10,
    0x0, 0xa0, 0xff, 0xff, 0xff, 0xff, 0xff, 0xff,
    0xff, 0x44, 0xd4, 0xff, 0xff, 0xff, 0xff, 0xff,
    0xff, 0xff, 0x10, 0x0, 0xa0, 0xff, 0xff, 0xff,
    0xff, 0xff, 0xff, 0xff, 0x44, 0xd4, 0xff, 0xff,
    0xff, 0xff, 0xff, 0xff, 0xff, 0x10, 0x0, 0xa0,
    0xff, 0xff, 0xff, 0xff, 0xff, 0xff, 0xff, 0x44,
    0xd4, 0xff, 0xff, 0xff, 0xff, 0xff, 0xff, 0xff,
    0x10, 0x0, 0xa0, 0xff, 0xff, 0xff, 0xff, 0xff,
    0xff, 0xff, 0x42, 0xd2, 0xff, 0xff, 0xff, 0xff,
    0xff, 0xff, 0xff, 0x10, 0x0, 0xa0, 0xff, 0xff,
    0xff, 0xff, 0xff, 0xff, 0xff, 0x3d, 0xcc, 0xff,
    0xff, 0xff, 0xff, 0xff, 0xff, 0xff, 0x10, 0x0,
    0xa0, 0xff, 0xff, 0xff, 0xff, 0xff, 0xff, 0xff,
    0x33, 0xbd, 0xff, 0xff, 0xff, 0xff, 0xff, 0xff,
    0xff, 0x10, 0x0, 0xa0, 0xff, 0xff, 0xff, 0xff,
    0xff, 0xff, 0xff, 0x21, 0xa4, 0xff, 0xff, 0xff,
    0xff, 0xff, 0xff, 0xff, 0x18, 0x0, 0xa6, 0xff,
    0xff, 0xff, 0xff, 0xff, 0xff, 0xfc, 0x7, 0x79,
    0xff, 0xff, 0xff, 0xff, 0xff, 0xff, 0xff, 0x40,
    0x0, 0xcb, 0xff, 0xff, 0xff, 0xff, 0xff, 0xff,
    0xc8, 0x0, 0x29, 0xff, 0xff, 0xff, 0xff, 0xff,
    0xff, 0xff, 0xea, 0xca, 0xff, 0xff, 0xff, 0xff,
    0xff, 0xff, 0xff, 0x6e, 0x0, 0x0, 0xba, 0xff,
    0xff, 0xff, 0xff, 0xff, 0xff, 0xff, 0xff, 0xff,
    0xff, 0xff, 0xff, 0xff, 0xff, 0xd7, 0x7, 0x0,
    0x0, 0x21, 0xec, 0xff, 0xff, 0xff, 0xff, 0xff,
    0xff, 0xff, 0xff, 0xff, 0xff, 0xff, 0xff, 0xea,
    0x2e, 0x0, 0x0, 0x0, 0x0, 0x23, 0xca, 0xff,
    0xff, 0xff, 0xff, 0xff, 0xff, 0xff, 0xff, 0xff,
    0xff, 0xc3, 0x26, 0x0, 0x0, 0x0, 0x0, 0x0,
    0x0, 0x0, 0x41, 0x8f, 0xc6, 0xe5, 0xf4, 0xfa,
    0xe9, 0xcf, 0x93, 0x45, 0x0, 0x0, 0x0, 0x0,
    0x0,

    /* U+0070 "p" */
    0x98, 0xff, 0xff, 0xff, 0xff, 0xff, 0xff, 0xff,
    0x67, 0x0, 0x50, 0xb3, 0xe8, 0xf6, 0xd6, 0x8b,
    0x14, 0x0, 0x0, 0x98, 0xff, 0xff, 0xff, 0xff,
    0xff, 0xff, 0xff, 0x65, 0xb4, 0xff, 0xff, 0xff,
    0xff, 0xff, 0xff, 0xeb, 0x32, 0x0, 0x98, 0xff,
    0xff, 0xff, 0xff, 0xff, 0xff, 0xff, 0xf0, 0xff,
    0xff, 0xff, 0xff, 0xff, 0xff, 0xff, 0xff, 0xdf,
    0x5, 0x98, 0xff, 0xff, 0xff, 0xff, 0xff, 0xff,
    0xff, 0xff, 0xff, 0xff, 0xff, 0xff, 0xff, 0xff,
    0xff, 0xff, 0xff, 0x44, 0x98, 0xff, 0xff, 0xff,
    0xff, 0xff, 0xff, 0xff, 0xc6, 0x46, 0xba, 0xff,
    0xff, 0xff, 0xff, 0xff, 0xff, 0xff, 0x6e, 0x98,
    0xff, 0xff, 0xff, 0xff, 0xff, 0xff, 0xff, 0x64,
    0x0, 0x62, 0xff, 0xff, 0xff, 0xff, 0xff, 0xff,
    0xff, 0x83, 0x98, 0xff, 0xff, 0xff, 0xff, 0xff,
    0xff, 0xff, 0x51, 0x0, 0x54, 0xff, 0xff, 0xff,
    0xff, 0xff, 0xff, 0xff, 0x8e, 0x98, 0xff, 0xff,
    0xff, 0xff, 0xff, 0xff, 0xff, 0x4c, 0x0, 0x50,
    0xff, 0xff, 0xff, 0xff, 0xff, 0xff, 0xff, 0x92,
    0x98, 0xff, 0xff, 0xff, 0xff, 0xff, 0xff, 0xff,
    0x4c, 0x0, 0x50, 0xff, 0xff, 0xff, 0xff, 0xff,
    0xff, 0xff, 0x94, 0x98, 0xff, 0xff, 0xff, 0xff,
    0xff, 0xff, 0xff, 0x4c, 0x0, 0x50, 0xff, 0xff,
    0xff, 0xff, 0xff, 0xff, 0xff, 0x94, 0x98, 0xff,
    0xff, 0xff, 0xff, 0xff, 0xff, 0xff, 0x4c, 0x0,
    0x50, 0xff, 0xff, 0xff, 0xff, 0xff, 0xff, 0xff,
    0x94, 0x98, 0xff, 0xff, 0xff, 0xff, 0xff, 0xff,
    0xff, 0x4c, 0x0, 0x50, 0xff, 0xff, 0xff, 0xff,
    0xff, 0xff, 0xff, 0x94, 0x98, 0xff, 0xff, 0xff,
    0xff, 0xff, 0xff, 0xff, 0x4c, 0x0, 0x50, 0xff,
    0xff, 0xff, 0xff, 0xff, 0xff, 0xff, 0x94, 0x98,
    0xff, 0xff, 0xff, 0xff, 0xff, 0xff, 0xff, 0x4c,
    0x0, 0x50, 0xff, 0xff, 0xff, 0xff, 0xff, 0xff,
    0xff, 0x94, 0x98, 0xff, 0xff, 0xff, 0xff, 0xff,
    0xff, 0xff, 0x4c, 0x0, 0x50, 0xff, 0xff, 0xff,
    0xff, 0xff, 0xff, 0xff, 0x94, 0x98, 0xff, 0xff,
    0xff, 0xff, 0xff, 0xff, 0xff, 0x4c, 0x0, 0x50,
    0xff, 0xff, 0xff, 0xff, 0xff, 0xff, 0xff, 0x94,
    0x98, 0xff, 0xff, 0xff, 0xff, 0xff, 0xff, 0xff,
    0x4c, 0x0, 0x50, 0xff, 0xff, 0xff, 0xff, 0xff,
    0xff, 0xff, 0x94, 0x98, 0xff, 0xff, 0xff, 0xff,
    0xff, 0xff, 0xff, 0x4c, 0x0, 0x50, 0xff, 0xff,
    0xff, 0xff, 0xff, 0xff, 0xff, 0x94, 0x98, 0xff,
    0xff, 0xff, 0xff, 0xff, 0xff, 0xff, 0x4c, 0x0,
    0x50, 0xff, 0xff, 0xff, 0xff, 0xff, 0xff, 0xff,
    0x93, 0x98, 0xff, 0xff, 0xff, 0xff, 0xff, 0xff,
    0xff, 0x4e, 0x0, 0x51, 0xff, 0xff, 0xff, 0xff,
    0xff, 0xff, 0xff, 0x90, 0x98, 0xff, 0xff, 0xff,
    0xff, 0xff, 0xff, 0xff, 0x59, 0x0, 0x58, 0xff,
    0xff, 0xff, 0xff, 0xff, 0xff, 0xff, 0x89, 0x98,
    0xff, 0xff, 0xff, 0xff, 0xff, 0xff, 0xff, 0x82,
    0x0, 0x78, 0xff, 0xff, 0xff, 0xff, 0xff, 0xff,
    0xff, 0x7a, 0x98, 0xff, 0xff, 0xff, 0xff, 0xff,
    0xff, 0xff, 0xf9, 0xc2, 0xf5, 0xff, 0xff, 0xff,
    0xff, 0xff, 0xff, 0xff, 0x60, 0x98, 0xff, 0xff,
    0xff, 0xff, 0xff, 0xff, 0xff, 0xff, 0xff, 0xff,
    0xff, 0xff, 0xff, 0xff, 0xff, 0xff, 0xff, 0x2f,
    0x98, 0xff, 0xff, 0xff, 0xff, 0xff, 0xff, 0xff,
    0xba, 0xff, 0xff, 0xff, 0xff, 0xff, 0xff, 0xff,
    0xff, 0xc7, 0x0, 0x98, 0xff, 0xff, 0xff, 0xff,
    0xff, 0xff, 0xff, 0x4c, 0x7c, 0xfd, 0xff, 0xff,
    0xff, 0xff, 0xff, 0xe6, 0x28, 0x0, 0x98, 0xff,
    0xff, 0xff, 0xff, 0xff, 0xff, 0xff, 0x4c, 0x0,
    0x38, 0xab, 0xe7, 0xf6, 0xd8, 0x8c, 0x19, 0x0,
    0x0, 0x98, 0xff, 0xff, 0xff, 0xff, 0xff, 0xff,
    0xff, 0x4c, 0x0, 0x0, 0x0, 0x0, 0x0, 0x0,
    0x0, 0x0, 0x0, 0x0, 0x98, 0xff, 0xff, 0xff,
    0xff, 0xff, 0xff, 0xff, 0x4c, 0x0, 0x0, 0x0,
    0x0, 0x0, 0x0, 0x0, 0x0, 0x0, 0x0, 0x98,
    0xff, 0xff, 0xff, 0xff, 0xff, 0xff, 0xff, 0x4c,
    0x0, 0x0, 0x0, 0x0, 0x0, 0x0, 0x0, 0x0,
    0x0, 0x0, 0x2d, 0x4c, 0x4c, 0x4c, 0x4c, 0x4c,
    0x4c, 0x4c, 0x16, 0x0, 0x0, 0x0, 0x0, 0x0,
    0x0, 0x0, 0x0, 0x0, 0x0,

    /* U+0071 "q" */
    0x0, 0x0, 0x2b, 0xa5, 0xdf, 0xf8, 0xe2, 0xa3,
    0x37, 0x0, 0x7c, 0xff, 0xff, 0xff, 0xff, 0xff,
    0xff, 0xff, 0x4c, 0x0, 0x58, 0xfb, 0xff, 0xff,
    0xff, 0xff, 0xff, 0xfe, 0x8c, 0x8d, 0xff, 0xff,
    0xff, 0xff, 0xff, 0xff, 0xff, 0x4c, 0x20, 0xfb,
    0xff, 0xff, 0xff, 0xff, 0xff, 0xff, 0xff, 0xff,
    0xf5, 0xff, 0xff, 0xff, 0xff, 0xff, 0xff, 0xff,
    0x4c, 0x85, 0xff, 0xff, 0xff, 0xff, 0xff, 0xff,
    0xff, 0xff, 0xff, 0xff, 0xff, 0xff, 0xff, 0xff,
    0xff, 0xff, 0xff, 0x4c, 0xb2, 0xff, 0xff, 0xff,
    0xff, 0xff, 0xff, 0xff, 0x97, 0x56, 0xf6, 0xff,
    0xff, 0xff, 0xff, 0xff, 0xff, 0xff, 0x4c, 0xc7,
    0xff, 0xff, 0xff, 0xff, 0xff, 0xff, 0xff, 0x25,
    0x0, 0xb5, 0xff, 0xff, 0xff, 0xff, 0xff, 0xff,
    0xff, 0x4c, 0xd2, 0xff, 0xff, 0xff, 0xff, 0xff,
    0xff, 0xff, 0x12, 0x0, 0x9d, 0xff, 0xff, 0xff,
    0xff, 0xff, 0xff, 0xff, 0x4c, 0xd4, 0xff, 0xff,
    0xff, 0xff, 0xff, 0xff, 0xff, 0x10, 0x0, 0x98,
    0xff, 0xff, 0xff, 0xff, 0xff, 0xff, 0xff, 0x4c,
    0xd4, 0xff, 0xff, 0xff, 0xff, 0xff, 0xff, 0xff,
    0x10, 0x0, 0x98, 0xff, 0xff, 0xff, 0xff, 0xff,
    0xff, 0xff, 0x4c, 0xd4, 0xff, 0xff, 0xff, 0xff,
    0xff, 0xff, 0xff, 0x10, 0x0, 0x98, 0xff, 0xff,
    0xff, 0xff, 0xff, 0xff, 0xff, 0x4c, 0xd4, 0xff,
    0xff, 0xff, 0xff, 0xff, 0xff, 0xff, 0x10, 0x0,
    0x98, 0xff, 0xff, 0xff, 0xff, 0xff, 0xff, 0xff,
    0x4c, 0xd4, 0xff, 0xff, 0xff, 0xff, 0xff, 0xff,
    0xff, 0x10, 0x0, 0x98, 0xff, 0xff, 0xff, 0xff,
    0xff, 0xff, 0xff, 0x4c, 0xd4, 0xff, 0xff, 0xff,
    0xff, 0xff, 0xff, 0xff, 0x10, 0x0, 0x98, 0xff,
    0xff, 0xff, 0xff, 0xff, 0xff, 0xff, 0x4c, 0xd4,
    0xff, 0xff, 0xff, 0xff, 0xff, 0xff, 0xff, 0x10,
    0x0, 0x98, 0xff, 0xff, 0xff, 0xff, 0xff, 0xff,
    0xff, 0x4c, 0xd4, 0xff, 0xff, 0xff, 0xff, 0xff,
    0xff, 0xff, 0x10, 0x0, 0x98, 0xff, 0xff, 0xff,
    0xff, 0xff, 0xff, 0xff, 0x4c, 0xd4, 0xff, 0xff,
    0xff, 0xff, 0xff, 0xff, 0xff, 0x10, 0x0, 0x98,
    0xff, 0xff, 0xff, 0xff, 0xff, 0xff, 0xff, 0x4c,
    0xd4, 0xff, 0xff, 0xff, 0xff, 0xff, 0xff, 0xff,
    0x10, 0x0, 0x98, 0xff, 0xff, 0xff, 0xff, 0xff,
    0xff, 0xff, 0x4c, 0xd4, 0xff, 0xff, 0xff, 0xff,
    0xff, 0xff, 0xff, 0x10, 0x0, 0x98, 0xff, 0xff,
    0xff, 0xff, 0xff, 0xff, 0xff, 0x4c, 0xd3, 0xff,
    0xff, 0xff, 0xff, 0xff, 0xff, 0xff, 0x10, 0x0,
    0x98, 0xff, 0xff, 0xff, 0xff, 0xff, 0xff, 0xff,
    0x4c, 0xd0, 0xff, 0xff, 0xff, 0xff, 0xff, 0xff,
    0xff, 0x11, 0x0, 0x99, 0xff, 0xff, 0xff, 0xff,
    0xff, 0xff, 0xff, 0x4c, 0xc7, 0xff, 0xff, 0xff,
    0xff, 0xff, 0xff, 0xff, 0x1b, 0x0, 0xa3, 0xff,
    0xff, 0xff, 0xff, 0xff, 0xff, 0xff, 0x4c, 0xb3,
    0xff, 0xff, 0xff, 0xff, 0xff, 0xff, 0xff, 0x43,
    0x0, 0xcc, 0xff, 0xff, 0xff, 0xff, 0xff, 0xff,
    0xff, 0x4c, 0x91, 0xff, 0xff, 0xff, 0xff, 0xff,
    0xff, 0xff, 0xeb, 0xcb, 0xff, 0xff, 0xff, 0xff,
    0xff, 0xff, 0xff, 0xff, 0x4c, 0x51, 0xff, 0xff,
    0xff, 0xff, 0xff, 0xff, 0xff, 0xff, 0xff, 0xff,
    0xff, 0xff, 0xff, 0xff, 0xff, 0xff, 0xff, 0x4c,
    0x2, 0xd7, 0xff, 0xff, 0xff, 0xff, 0xff, 0xff,
    0xff, 0xff, 0xdc, 0xff, 0xff, 0xff, 0xff, 0xff,
    0xff, 0xff, 0x4c, 0x0, 0x27, 0xe6, 0xff, 0xff,
    0xff, 0xff, 0xff, 0xff, 0x87, 0x98, 0xff, 0xff,
    0xff, 0xff, 0xff, 0xff, 0xff, 0x4c, 0x0, 0x0,
    0x13, 0x83, 0xd1, 0xf2, 0xf3, 0xca, 0x64, 0x0,
    0x98, 0xff, 0xff, 0xff, 0xff, 0xff, 0xff, 0xff,
    0x4c, 0x0, 0x0, 0x0, 0x0, 0x0, 0x0, 0x0,
    0x0, 0x0, 0x0, 0x98, 0xff, 0xff, 0xff, 0xff,
    0xff, 0xff, 0xff, 0x4c, 0x0, 0x0, 0x0, 0x0,
    0x0, 0x0, 0x0, 0x0, 0x0, 0x0, 0x98, 0xff,
    0xff, 0xff, 0xff, 0xff, 0xff, 0xff, 0x4c, 0x0,
    0x0, 0x0, 0x0, 0x0, 0x0, 0x0, 0x0, 0x0,
    0x0, 0x98, 0xff, 0xff, 0xff, 0xff, 0xff, 0xff,
    0xff, 0x4c, 0x0, 0x0, 0x0, 0x0, 0x0, 0x0,
    0x0, 0x0, 0x0, 0x0, 0x2d, 0x4c, 0x4c, 0x4c,
    0x4c, 0x4c, 0x4c, 0x4c, 0x16,

    /* U+0072 "r" */
    0x98, 0xff, 0xff, 0xff, 0xff, 0xff, 0xff, 0xff,
    0x40, 0x0, 0x4d, 0xbf, 0xe6, 0x98, 0xff, 0xff,
    0xff, 0xff, 0xff, 0xff, 0xff, 0x2a, 0x84, 0xff,
    0xff, 0xf8, 0x98, 0xff, 0xff, 0xff, 0xff, 0xff,
    0xff, 0xff, 0x6c, 0xff, 0xff, 0xff, 0xf8, 0x98,
    0xff, 0xff, 0xff, 0xff, 0xff, 0xff, 0xff, 0xe7,
    0xff, 0xff, 0xff, 0xf8, 0x98, 0xff, 0xff, 0xff,
    0xff, 0xff, 0xff, 0xff, 0xff, 0xff, 0xff, 0xff,
    0xf8, 0x98, 0xff, 0xff, 0xff, 0xff, 0xff, 0xff,
    0xff, 0xff, 0xff, 0xff, 0xff, 0xf8, 0x98, 0xff,
    0xff, 0xff, 0xff, 0xff, 0xff, 0xff, 0xff, 0xff,
    0xff, 0xff, 0xf8, 0x98, 0xff, 0xff, 0xff, 0xff,
    0xff, 0xff, 0xff, 0xff, 0xff, 0xff, 0xff, 0xf8,
    0x98, 0xff, 0xff, 0xff, 0xff, 0xff, 0xff, 0xff,
    0xff, 0xff, 0xff, 0xff, 0xf8, 0x98, 0xff, 0xff,
    0xff, 0xff, 0xff, 0xff, 0xff, 0xff, 0xed, 0x85,
    0x4d, 0x37, 0x98, 0xff, 0xff, 0xff, 0xff, 0xff,
    0xff, 0xff, 0xef, 0x24, 0x0, 0x0, 0x0, 0x98,
    0xff, 0xff, 0xff, 0xff, 0xff, 0xff, 0xff, 0x91,
    0x0, 0x0, 0x0, 0x0, 0x98, 0xff, 0xff, 0xff,
    0xff, 0xff, 0xff, 0xff, 0x68, 0x0, 0x0, 0x0,
    0x0, 0x98, 0xff, 0xff, 0xff, 0xff, 0xff, 0xff,
    0xff, 0x59, 0x0, 0x0, 0x0, 0x0, 0x98, 0xff,
    0xff, 0xff, 0xff, 0xff, 0xff, 0xff, 0x50, 0x0,
    0x0, 0x0, 0x0, 0x98, 0xff, 0xff, 0xff, 0xff,
    0xff, 0xff, 0xff, 0x4d, 0x0, 0x0, 0x0, 0x0,
    0x98, 0xff, 0xff, 0xff, 0xff, 0xff, 0xff, 0xff,
    0x4c, 0x0, 0x0, 0x0, 0x0, 0x98, 0xff, 0xff,
    0xff, 0xff, 0xff, 0xff, 0xff, 0x4c, 0x0, 0x0,
    0x0, 0x0, 0x98, 0xff, 0xff, 0xff, 0xff, 0xff,
    0xff, 0xff, 0x4c, 0x0, 0x0, 0x0, 0x0, 0x98,
    0xff, 0xff, 0xff, 0xff, 0xff, 0xff, 0xff, 0x4c,
    0x0, 0x0, 0x0, 0x0, 0x98, 0xff, 0xff, 0xff,
    0xff, 0xff, 0xff, 0xff, 0x4c, 0x0, 0x0, 0x0,
    0x0, 0x98, 0xff, 0xff, 0xff, 0xff, 0xff, 0xff,
    0xff, 0x4c, 0x0, 0x0, 0x0, 0x0, 0x98, 0xff,
    0xff, 0xff, 0xff, 0xff, 0xff, 0xff, 0x4c, 0x0,
    0x0, 0x0, 0x0, 0x98, 0xff, 0xff, 0xff, 0xff,
    0xff, 0xff, 0xff, 0x4c, 0x0, 0x0, 0x0, 0x0,
    0x98, 0xff, 0xff, 0xff, 0xff, 0xff, 0xff, 0xff,
    0x4c, 0x0, 0x0, 0x0, 0x0, 0x98, 0xff, 0xff,
    0xff, 0xff, 0xff, 0xff, 0xff, 0x4c, 0x0, 0x0,
    0x0, 0x0, 0x98, 0xff, 0xff, 0xff, 0xff, 0xff,
    0xff, 0xff, 0x4c, 0x0, 0x0, 0x0, 0x0,

    /* U+0073 "s" */
    0x0, 0x0, 0x0, 0x0, 0x31, 0x7e, 0xc2, 0xdf,
    0xf5, 0xf6, 0xe4, 0xc9, 0x8b, 0x3e, 0x0, 0x0,
    0x0, 0x0, 0x0, 0x0, 0x0, 0x19, 0xb6, 0xff,
    0xff, 0xff, 0xff, 0xff, 0xff, 0xff, 0xff, 0xff,
    0xff, 0xc8, 0x2a, 0x0, 0x0, 0x0, 0x0, 0x10,
    0xdc, 0xff, 0xff, 0xff, 0xff, 0xff, 0xff, 0xff,
    0xff, 0xff, 0xff, 0xff, 0xff, 0xf1, 0x36, 0x0,
    0x0, 0x0, 0x87, 0xff, 0xff, 0xff, 0xff, 0xff,
    0xff, 0xff, 0xff, 0xff, 0xff, 0xff, 0xff, 0xff,
    0xff, 0xdf, 0x5, 0x0, 0x0, 0xda, 0xff, 0xff,
    0xff, 0xff, 0xff, 0xff, 0xea, 0xc1, 0xfd, 0xff,
    0xff, 0xff, 0xff, 0xff, 0xff, 0x4c, 0x0, 0x9,
    0xff, 0xff, 0xff, 0xff, 0xff, 0xff, 0xff, 0x29,
    0x0, 0x9c, 0xff, 0xff, 0xff, 0xff, 0xff, 0xff,
    0x72, 0x0, 0x21, 0xff, 0xff, 0xff, 0xff, 0xff,
    0xff, 0xfb, 0x0, 0x0, 0x7e, 0xff, 0xff, 0xff,
    0xff, 0xff, 0xff, 0x7f, 0x0, 0x28, 0xff, 0xff,
    0xff, 0xff, 0xff, 0xff, 0xff, 0x6, 0x0, 0x78,
    0xff, 0xff, 0xff, 0xff, 0xff, 0xff, 0x83, 0x0,
    0x19, 0xff, 0xff, 0xff, 0xff, 0xff, 0xff, 0xff,
    0x4e, 0x0, 0x65, 0xd8, 0xd8, 0xd8, 0xd8, 0xd8,
    0xd8, 0x6f, 0x0, 0x3, 0xfb, 0xff, 0xff, 0xff,
    0xff, 0xff, 0xff, 0xf2, 0x4f, 0x0, 0x0, 0x0,
    0x0, 0x0, 0x0, 0x0, 0x0, 0x0, 0x0, 0xbb,
    0xff, 0xff, 0xff, 0xff, 0xff, 0xff, 0xff, 0xff,
    0xb3, 0x2b, 0x0, 0x0, 0x0, 0x0, 0x0, 0x0,
    0x0, 0x0, 0x5b, 0xff, 0xff, 0xff, 0xff, 0xff,
    0xff, 0xff, 0xff, 0xff, 0xfd, 0xa5, 0x24, 0x0,
    0x0, 0x0, 0x0, 0x0, 0x0, 0x0, 0x9f, 0xff,
    0xff, 0xff, 0xff, 0xff, 0xff, 0xff, 0xff, 0xff,
    0xff, 0xfb, 0x8e, 0xc, 0x0, 0x0, 0x0, 0x0,
    0x0, 0x1, 0x7d, 0xfc, 0xff, 0xff, 0xff, 0xff,
    0xff, 0xff, 0xff, 0xff, 0xff, 0xff, 0xd9, 0x28,
    0x0, 0x0, 0x0, 0x0, 0x0, 0x0, 0x34, 0xcb,
    0xff, 0xff, 0xff, 0xff, 0xff, 0xff, 0xff, 0xff,
    0xff, 0xff, 0xe5, 0x15, 0x0, 0x0, 0x0, 0x0,
    0x0, 0x0, 0x2, 0x62, 0xe7, 0xff, 0xff, 0xff,
    0xff, 0xff, 0xff, 0xff, 0xff, 0xff, 0x8c, 0x0,
    0x0, 0x0, 0x0, 0x0, 0x0, 0x0, 0x0, 0xc,
    0x89, 0xf9, 0xff, 0xff, 0xff, 0xff, 0xff, 0xff,
    0xff, 0xde, 0x0, 0x0, 0xa2, 0xa8, 0xa8, 0xa8,
    0xa8, 0xa8, 0xa8, 0x5, 0x2b, 0xd5, 0xff, 0xff,
    0xff, 0xff, 0xff, 0xff, 0xff, 0xa, 0x0, 0xf7,
    0xff, 0xff, 0xff, 0xff, 0xff, 0xff, 0x8, 0x0,
    0x4e, 0xff, 0xff, 0xff, 0xff, 0xff, 0xff, 0xff,
    0x1a, 0x0, 0xf1, 0xff, 0xff, 0xff, 0xff, 0xff,
    0xff, 0xa, 0x0, 0x2e, 0xff, 0xff, 0xff, 0xff,
    0xff, 0xff, 0xff, 0x19, 0x0, 0xe1, 0xff, 0xff,
    0xff, 0xff, 0xff, 0xff, 0x16, 0x0, 0x30, 0xff,
    0xff, 0xff, 0xff, 0xff, 0xff, 0xff, 0xc, 0x0,
    0xc0, 0xff, 0xff, 0xff, 0xff, 0xff, 0xff, 0x48,
    0x0, 0x5e, 0xff, 0xff, 0xff, 0xff, 0xff, 0xff,
    0xed, 0x0, 0x0, 0x87, 0xff, 0xff, 0xff, 0xff,
    0xff, 0xff, 0xef, 0xbf, 0xf6, 0xff, 0xff, 0xff,
    0xff, 0xff, 0xff, 0xb5, 0x0, 0x0, 0x28, 0xfb,
    0xff, 0xff, 0xff, 0xff, 0xff, 0xff, 0xff, 0xff,
    0xff, 0xff, 0xff, 0xff, 0xff, 0xff, 0x56, 0x0,
    0x0, 0x0, 0x72, 0xff, 0xff, 0xff, 0xff, 0xff,
    0xff, 0xff, 0xff, 0xff, 0xff, 0xff, 0xff, 0xff,
    0xb3, 0x1, 0x0, 0x0, 0x0, 0x0, 0x54, 0xe2,
    0xff, 0xff, 0xff, 0xff, 0xff, 0xff, 0xff, 0xff,
    0xff, 0xfd, 0x96, 0x8, 0x0, 0x0, 0x0, 0x0,
    0x0, 0x0, 0x6, 0x47, 0x94, 0xcb, 0xe2, 0xf7,
    0xf4, 0xdd, 0xbd, 0x74, 0x22, 0x0, 0x0, 0x0,
    0x0,

    /* U+0074 "t" */
    0x0, 0x30, 0xff, 0xff, 0xff, 0xff, 0xff, 0xff,
    0xff, 0xbc, 0x0, 0x0, 0x0, 0x0, 0x30, 0xff,
    0xff, 0xff, 0xff, 0xff, 0xff, 0xff, 0xbc, 0x0,
    0x0, 0x0, 0x0, 0x30, 0xff, 0xff, 0xff, 0xff,
    0xff, 0xff, 0xff, 0xbc, 0x0, 0x0, 0x0, 0x0,
    0x30, 0xff, 0xff, 0xff, 0xff, 0xff, 0xff, 0xff,
    0xbc, 0x0, 0x0, 0x0, 0xe0, 0xff, 0xff, 0xff,
    0xff, 0xff, 0xff, 0xff, 0xff, 0xff, 0xff, 0xdc,
    0x0, 0xe0, 0xff, 0xff, 0xff, 0xff, 0xff, 0xff,
    0xff, 0xff, 0xff, 0xff, 0xdc, 0x0, 0xe0, 0xff,
    0xff, 0xff, 0xff, 0xff, 0xff, 0xff, 0xff, 0xff,
    0xff, 0xdc, 0x0, 0xe0, 0xff, 0xff, 0xff, 0xff,
    0xff, 0xff, 0xff, 0xff, 0xff, 0xff, 0xdc, 0x0,
    0x2a, 0x57, 0xff, 0xff, 0xff, 0xff, 0xff, 0xff,
    0xff, 0xc8, 0x30, 0x29, 0x0, 0x0, 0x30, 0xff,
    0xff, 0xff, 0xff, 0xff, 0xff, 0xff, 0xbc, 0x0,
    0x0, 0x0, 0x0, 0x30, 0xff, 0xff, 0xff, 0xff,
    0xff, 0xff, 0xff, 0xbc, 0x0, 0x0, 0x0, 0x0,
    0x30, 0xff, 0xff, 0xff, 0xff, 0xff, 0xff, 0xff,
    0xbc, 0x0, 0x0, 0x0, 0x0, 0x30, 0xff, 0xff,
    0xff, 0xff, 0xff, 0xff, 0xff, 0xbc, 0x0, 0x0,
    0x0, 0x0, 0x30, 0xff, 0xff, 0xff, 0xff, 0xff,
    0xff, 0xff, 0xbc, 0x0, 0x0, 0x0, 0x0, 0x30,
    0xff, 0xff, 0xff, 0xff, 0xff, 0xff, 0xff, 0xbc,
    0x0, 0x0, 0x0, 0x0, 0x30, 0xff, 0xff, 0xff,
    0xff, 0xff, 0xff, 0xff, 0xbc, 0x0, 0x0, 0x0,
    0x0, 0x30, 0xff, 0xff, 0xff, 0xff, 0xff, 0xff,
    0xff, 0xbc, 0x0, 0x0, 0x0, 0x0, 0x30, 0xff,
    0xff, 0xff, 0xff, 0xff, 0xff, 0xff, 0xbc, 0x0,
    0x0, 0x0, 0x0, 0x30, 0xff, 0xff, 0xff, 0xff,
    0xff, 0xff, 0xff, 0xbc, 0x0, 0x0, 0x0, 0x0,
    0x30, 0xff, 0xff, 0xff, 0xff, 0xff, 0xff, 0xff,
    0xbc, 0x0, 0x0, 0x0, 0x0, 0x30, 0xff, 0xff,
    0xff, 0xff, 0xff, 0xff, 0xff, 0xbc, 0x0, 0x0,
    0x0, 0x0, 0x30, 0xff, 0xff, 0xff, 0xff, 0xff,
    0xff, 0xff, 0xbc, 0x0, 0x0, 0x0, 0x0, 0x2f,
    0xff, 0xff, 0xff, 0xff, 0xff, 0xff, 0xff, 0xbc,
    0x0, 0x0, 0x0, 0x0, 0x2c, 0xff, 0xff, 0xff,
    0xff, 0xff, 0xff, 0xff, 0xbf, 0x0, 0x0, 0x0,
    0x0, 0x25, 0xff, 0xff, 0xff, 0xff, 0xff, 0xff,
    0xff, 0xcd, 0x0, 0x0, 0x0, 0x0, 0x1a, 0xff,
    0xff, 0xff, 0xff, 0xff, 0xff, 0xff, 0xf6, 0x67,
    0x4b, 0xd, 0x0, 0x5, 0xfb, 0xff, 0xff, 0xff,
    0xff, 0xff, 0xff, 0xff, 0xff, 0xff, 0x30, 0x0,
    0x0, 0xb1, 0xff, 0xff, 0xff, 0xff, 0xff, 0xff,
    0xff, 0xff, 0xff, 0x30, 0x0, 0x0, 0x1e, 0xe4,
    0xff, 0xff, 0xff, 0xff, 0xff, 0xff, 0xff, 0xff,
    0x30, 0x0, 0x0, 0x0, 0x14, 0x8c, 0xd3, 0xee,
    0xfa, 0xff, 0xff, 0xff, 0xff, 0x30,

    /* U+0075 "u" */
    0xb4, 0xff, 0xff, 0xff, 0xff, 0xff, 0xff, 0xff,
    0x30, 0x0, 0x6c, 0xff, 0xff, 0xff, 0xff, 0xff,
    0xff, 0xff, 0x78, 0xb4, 0xff, 0xff, 0xff, 0xff,
    0xff, 0xff, 0xff, 0x30, 0x0, 0x6c, 0xff, 0xff,
    0xff, 0xff, 0xff, 0xff, 0xff, 0x78, 0xb4, 0xff,
    0xff, 0xff, 0xff, 0xff, 0xff, 0xff, 0x30, 0x0,
    0x6c, 0xff, 0xff, 0xff, 0xff, 0xff, 0xff, 0xff,
    0x78, 0xb4, 0xff, 0xff, 0xff, 0xff, 0xff, 0xff,
    0xff, 0x30, 0x0, 0x6c, 0xff, 0xff, 0xff, 0xff,
    0xff, 0xff, 0xff, 0x78, 0xb4, 0xff, 0xff, 0xff,
    0xff, 0xff, 0xff, 0xff, 0x30, 0x0, 0x6c, 0xff,
    0xff, 0xff, 0xff, 0xff, 0xff, 0xff, 0x78, 0xb4,
    0xff, 0xff, 0xff, 0xff, 0xff, 0xff, 0xff, 0x30,
    0x0, 0x6c, 0xff, 0xff, 0xff, 0xff, 0xff, 0xff,
    0xff, 0x78, 0xb4, 0xff, 0xff, 0xff, 0xff, 0xff,
    0xff, 0xff, 0x30, 0x0, 0x6c, 0xff, 0xff, 0xff,
    0xff, 0xff, 0xff, 0xff, 0x78, 0xb4, 0xff, 0xff,
    0xff, 0xff, 0xff, 0xff, 0xff, 0x30, 0x0, 0x6c,
    0xff, 0xff, 0xff, 0xff, 0xff, 0xff, 0xff, 0x78,
    0xb4, 0xff, 0xff, 0xff, 0xff, 0xff, 0xff, 0xff,
    0x30, 0x0, 0x6c, 0xff, 0xff, 0xff, 0xff, 0xff,
    0xff, 0xff, 0x78, 0xb4, 0xff, 0xff, 0xff, 0xff,
    0xff, 0xff, 0xff, 0x30, 0x0, 0x6c, 0xff, 0xff,
    0xff, 0xff, 0xff, 0xff, 0xff, 0x78, 0xb4, 0xff,
    0xff, 0xff, 0xff, 0xff, 0xff, 0xff, 0x30, 0x0,
    0x6c, 0xff, 0xff, 0xff, 0xff, 0xff, 0xff, 0xff,
    0x78, 0xb4, 0xff, 0xff, 0xff, 0xff, 0xff, 0xff,
    0xff, 0x30, 0x0, 0x6c, 0xff, 0xff, 0xff, 0xff,
    0xff, 0xff, 0xff, 0x78, 0xb4, 0xff, 0xff, 0xff,
    0xff, 0xff, 0xff, 0xff, 0x30, 0x0, 0x6c, 0xff,
    0xff, 0xff, 0xff, 0xff, 0xff, 0xff, 0x78, 0xb4,
    0xff, 0xff, 0xff, 0xff, 0xff, 0xff, 0xff, 0x30,
    0x0, 0x6c, 0xff, 0xff, 0xff, 0xff, 0xff, 0xff,
    0xff, 0x78, 0xb4, 0xff, 0xff, 0xff, 0xff, 0xff,
    0xff, 0xff, 0x30, 0x0, 0x6c, 0xff, 0xff, 0xff,
    0xff, 0xff, 0xff, 0xff, 0x78, 0xb4, 0xff, 0xff,
    0xff, 0xff, 0xff, 0xff, 0xff, 0x30, 0x0, 0x6c,
    0xff, 0xff, 0xff, 0xff, 0xff, 0xff, 0xff, 0x78,
    0xb4, 0xff, 0xff, 0xff, 0xff, 0xff, 0xff, 0xff,
    0x30, 0x0, 0x6c, 0xff, 0xff, 0xff, 0xff, 0xff,
    0xff, 0xff, 0x78, 0xb4, 0xff, 0xff, 0xff, 0xff,
    0xff, 0xff, 0xff, 0x30, 0x0, 0x6c, 0xff, 0xff,
    0xff, 0xff, 0xff, 0xff, 0xff, 0x78, 0xb3, 0xff,
    0xff, 0xff, 0xff, 0xff, 0xff, 0xff, 0x30, 0x0,
    0x6c, 0xff, 0xff, 0xff, 0xff, 0xff, 0xff, 0xff,
    0x78, 0xb1, 0xff, 0xff, 0xff, 0xff, 0xff, 0xff,
    0xff, 0x31, 0x0, 0x6f, 0xff, 0xff, 0xff, 0xff,
    0xff, 0xff, 0xff, 0x78, 0xad, 0xff, 0xff, 0xff,
    0xff, 0xff, 0xff, 0xff, 0x37, 0x0, 0x75, 0xff,
    0xff, 0xff, 0xff, 0xff, 0xff, 0xff, 0x78, 0xa4,
    0xff, 0xff, 0xff, 0xff, 0xff, 0xff, 0xff, 0x46,
    0x0, 0x84, 0xff, 0xff, 0xff, 0xff, 0xff, 0xff,
    0xff, 0x78, 0x8d, 0xff, 0xff, 0xff, 0xff, 0xff,
    0xff, 0xff, 0xb4, 0x5a, 0xda, 0xff, 0xff, 0xff,
    0xff, 0xff, 0xff, 0xff, 0x78, 0x55, 0xff, 0xff,
    0xff, 0xff, 0xff, 0xff, 0xff, 0xff, 0xff, 0xff,
    0xff, 0xff, 0xff, 0xff, 0xff, 0xff, 0xff, 0x78,
    0x8, 0xe7, 0xff, 0xff, 0xff, 0xff, 0xff, 0xff,
    0xff, 0xff, 0xf9, 0xff, 0xff, 0xff, 0xff, 0xff,
    0xff, 0xff, 0x78, 0x0, 0x42, 0xf4, 0xff, 0xff,
    0xff, 0xff, 0xff, 0xff, 0xcf, 0x89, 0xff, 0xff,
    0xff, 0xff, 0xff, 0xff, 0xff, 0x78, 0x0, 0x0,
    0x26, 0x99, 0xde, 0xf7, 0xf0, 0xc8, 0x71, 0x6,
    0x85, 0xff, 0xff, 0xff, 0xff, 0xff, 0xff, 0xff,
    0x78,

    /* U+0076 "v" */
    0x2a, 0xff, 0xff, 0xff, 0xff, 0xff, 0xff, 0xdd,
    0x0, 0x0, 0x0, 0x60, 0xff, 0xff, 0xff, 0xff,
    0xff, 0xff, 0xa6, 0x6, 0xfc, 0xff, 0xff, 0xff,
    0xff, 0xff, 0xf9, 0x1, 0x0, 0x0, 0x78, 0xff,
    0xff, 0xff, 0xff, 0xff, 0xff, 0x83, 0x0, 0xde,
    0xff, 0xff, 0xff, 0xff, 0xff, 0xff, 0x17, 0x0,
    0x0, 0x8f, 0xff, 0xff, 0xff, 0xff, 0xff, 0xff,
    0x60, 0x0, 0xb9, 0xff, 0xff, 0xff, 0xff, 0xff,
    0xff, 0x34, 0x0, 0x0, 0xa7, 0xff, 0xff, 0xff,
    0xff, 0xff, 0xff, 0x3d, 0x0, 0x93, 0xff, 0xff,
    0xff, 0xff, 0xff, 0xff, 0x51, 0x0, 0x0, 0xbe,
    0xff, 0xff, 0xff, 0xff, 0xff, 0xff, 0x1a, 0x0,
    0x6d, 0xff, 0xff, 0xff, 0xff, 0xff, 0xff, 0x6e,
    0x0, 0x0, 0xd3, 0xff, 0xff, 0xff, 0xff, 0xff,
    0xf6, 0x1, 0x0, 0x48, 0xff, 0xff, 0xff, 0xff,
    0xff, 0xff, 0x8a, 0x0, 0x0, 0xe7, 0xff, 0xff,
    0xff, 0xff, 0xff, 0xd4, 0x0, 0x0, 0x22, 0xff,
    0xff, 0xff, 0xff, 0xff, 0xff, 0xa7, 0x0, 0x0,
    0xfa, 0xff, 0xff, 0xff, 0xff, 0xff, 0xb1, 0x0,
    0x0, 0x2, 0xf9, 0xff, 0xff, 0xff, 0xff, 0xff,
    0xc4, 0x0, 0x10, 0xff, 0xff, 0xff, 0xff, 0xff,
    0xff, 0x8e, 0x0, 0x0, 0x0, 0xd7, 0xff, 0xff,
    0xff, 0xff, 0xff, 0xe1, 0x0, 0x23, 0xff, 0xff,
    0xff, 0xff, 0xff, 0xff, 0x6b, 0x0, 0x0, 0x0,
    0xb1, 0xff, 0xff, 0xff, 0xff, 0xff, 0xfb, 0x2,
    0x36, 0xff, 0xff, 0xff, 0xff, 0xff, 0xff, 0x48,
    0x0, 0x0, 0x0, 0x8c, 0xff, 0xff, 0xff, 0xff,
    0xff, 0xff, 0x1b, 0x49, 0xff, 0xff, 0xff, 0xff,
    0xff, 0xff, 0x25, 0x0, 0x0, 0x0, 0x66, 0xff,
    0xff, 0xff, 0xff, 0xff, 0xff, 0x37, 0x5c, 0xff,
    0xff, 0xff, 0xff, 0xff, 0xfc, 0x5, 0x0, 0x0,
    0x0, 0x40, 0xff, 0xff, 0xff, 0xff, 0xff, 0xff,
    0x54, 0x70, 0xff, 0xff, 0xff, 0xff, 0xff, 0xdf,
    0x0, 0x0, 0x0, 0x0, 0x1b, 0xff, 0xff, 0xff,
    0xff, 0xff, 0xff, 0x71, 0x83, 0xff, 0xff, 0xff,
    0xff, 0xff, 0xbc, 0x0, 0x0, 0x0, 0x0, 0x0,
    0xf4, 0xff, 0xff, 0xff, 0xff, 0xff, 0x8e, 0x97,
    0xff, 0xff, 0xff, 0xff, 0xff, 0x99, 0x0, 0x0,
    0x0, 0x0, 0x0, 0xcf, 0xff, 0xff, 0xff, 0xff,
    0xff, 0xab, 0xad, 0xff, 0xff, 0xff, 0xff, 0xff,
    0x76, 0x0, 0x0, 0x0, 0x0, 0x0, 0xaa, 0xff,
    0xff, 0xff, 0xff, 0xff, 0xc8, 0xc2, 0xff, 0xff,
    0xff, 0xff, 0xff, 0x53, 0x0, 0x0, 0x0, 0x0,
    0x0, 0x84, 0xff, 0xff, 0xff, 0xff, 0xff, 0xe4,
    0xd9, 0xff, 0xff, 0xff, 0xff, 0xff, 0x30, 0x0,
    0x0, 0x0, 0x0, 0x0, 0x5f, 0xff, 0xff, 0xff,
    0xff, 0xff, 0xfd, 0xf4, 0xff, 0xff, 0xff, 0xff,
    0xff, 0xe, 0x0, 0x0, 0x0, 0x0, 0x0, 0x39,
    0xff, 0xff, 0xff, 0xff, 0xff, 0xff, 0xff, 0xff,
    0xff, 0xff, 0xff, 0xea, 0x0, 0x0, 0x0, 0x0,
    0x0, 0x0, 0x13, 0xff, 0xff, 0xff, 0xff, 0xff,
    0xff, 0xff, 0xff, 0xff, 0xff, 0xff, 0xc7, 0x0,
    0x0, 0x0, 0x0, 0x0, 0x0, 0x0, 0xed, 0xff,
    0xff, 0xff, 0xff, 0xff, 0xff, 0xff, 0xff, 0xff,
    0xff, 0xa4, 0x0, 0x0, 0x0, 0x0, 0x0, 0x0,
    0x0, 0xc8, 0xff, 0xff, 0xff, 0xff, 0xff, 0xff,
    0xff, 0xff, 0xff, 0xff, 0x81, 0x0, 0x0, 0x0,
    0x0, 0x0, 0x0, 0x0, 0xa2, 0xff, 0xff, 0xff,
    0xff, 0xff, 0xff, 0xff, 0xff, 0xff, 0xff, 0x5e,
    0x0, 0x0, 0x0, 0x0, 0x0, 0x0, 0x0, 0x7d,
    0xff, 0xff, 0xff, 0xff, 0xff, 0xff, 0xff, 0xff,
    0xff, 0xff, 0x3b, 0x0, 0x0, 0x0, 0x0, 0x0,
    0x0, 0x0, 0x57, 0xff, 0xff, 0xff, 0xff, 0xff,
    0xff, 0xff, 0xff, 0xff, 0xff, 0x19, 0x0, 0x0,
    0x0,

    /* U+0077 "w" */
    0x11, 0xff, 0xff, 0xff, 0xff, 0xff, 0xff, 0xbb,
    0x0, 0x0, 0x0, 0xe8, 0xff, 0xff, 0xff, 0xff,
    0xff, 0xc0, 0x0, 0x0, 0x3, 0xf8, 0xff, 0xff,
    0xff, 0xff, 0xff, 0xd4, 0x0, 0xf0, 0xff, 0xff,
    0xff, 0xff, 0xff, 0xd6, 0x0, 0x0, 0x6, 0xfe,
    0xff, 0xff, 0xff, 0xff, 0xff, 0xdb, 0x0, 0x0,
    0x23, 0xff, 0xff, 0xff, 0xff, 0xff, 0xff, 0xb7,
    0x0, 0xd1, 0xff, 0xff, 0xff, 0xff, 0xff, 0xf2,
    0x0, 0x0, 0x24, 0xff, 0xff, 0xff, 0xff, 0xff,
    0xff, 0xf5, 0x0, 0x0, 0x4a, 0xff, 0xff, 0xff,
    0xff, 0xff, 0xff, 0x99, 0x0, 0xb1, 0xff, 0xff,
    0xff, 0xff, 0xff, 0xff, 0xe, 0x0, 0x41, 0xff,
    0xff, 0xff, 0xff, 0xff, 0xff, 0xff, 0x10, 0x0,
    0x72, 0xff, 0xff, 0xff, 0xff, 0xff, 0xff, 0x7b,
    0x0, 0x92, 0xff, 0xff, 0xff, 0xff, 0xff, 0xff,
    0x2b, 0x0, 0x5f, 0xff, 0xff, 0xff, 0xff, 0xff,
    0xff, 0xff, 0x2a, 0x0, 0x97, 0xff, 0xff, 0xff,
    0xff, 0xff, 0xff, 0x5d, 0x0, 0x72, 0xff, 0xff,
    0xff, 0xff, 0xff, 0xff, 0x47, 0x0, 0x7d, 0xff,
    0xff, 0xff, 0xff, 0xff, 0xff, 0xff, 0x45, 0x0,
    0xb8, 0xff, 0xff, 0xff, 0xff, 0xff, 0xff, 0x40,
    0x0, 0x52, 0xff, 0xff, 0xff, 0xff, 0xff, 0xff,
    0x64, 0x0, 0x9a, 0xff, 0xff, 0xff, 0xff, 0xff,
    0xff, 0xff, 0x5f, 0x0, 0xd9, 0xff, 0xff, 0xff,
    0xff, 0xff, 0xff, 0x22, 0x0, 0x33, 0xff, 0xff,
    0xff, 0xff, 0xff, 0xff, 0x80, 0x0, 0xb8, 0xff,
    0xff, 0xff, 0xff, 0xff, 0xff, 0xff, 0x7a, 0x1,
    0xf8, 0xff, 0xff, 0xff, 0xff, 0xff, 0xfe, 0x6,
    0x0, 0x13, 0xff, 0xff, 0xff, 0xff, 0xff, 0xff,
    0x9d, 0x0, 0xd5, 0xff, 0xff, 0xff, 0xff, 0xff,
    0xff, 0xff, 0x94, 0x19, 0xff, 0xff, 0xff, 0xff,
    0xff, 0xff, 0xe6, 0x0, 0x0, 0x0, 0xf2, 0xff,
    0xff, 0xff, 0xff, 0xff, 0xba, 0x0, 0xf3, 0xff,
    0xff, 0xff, 0xff, 0xff, 0xff, 0xff, 0xae, 0x34,
    0xff, 0xff, 0xff, 0xff, 0xff, 0xff, 0xc8, 0x0,
    0x0, 0x0, 0xd3, 0xff, 0xff, 0xff, 0xff, 0xff,
    0xd7, 0x10, 0xff, 0xff, 0xff, 0xff, 0xff, 0xff,
    0xff, 0xff, 0xc9, 0x4e, 0xff, 0xff, 0xff, 0xff,
    0xff, 0xff, 0xab, 0x0, 0x0, 0x0, 0xb4, 0xff,
    0xff, 0xff, 0xff, 0xff, 0xf4, 0x2d, 0xff, 0xff,
    0xff, 0xff, 0xff, 0xff, 0xff, 0xff, 0xe3, 0x68,
    0xff, 0xff, 0xff, 0xff, 0xff, 0xff, 0x8d, 0x0,
    0x0, 0x0, 0x94, 0xff, 0xff, 0xff, 0xff, 0xff,
    0xff, 0x5b, 0xff, 0xff, 0xff, 0xff, 0xff, 0xff,
    0xff, 0xff, 0xfb, 0x81, 0xff, 0xff, 0xff, 0xff,
    0xff, 0xff, 0x6f, 0x0, 0x0, 0x0, 0x74, 0xff,
    0xff, 0xff, 0xff, 0xff, 0xff, 0x94, 0xff, 0xff,
    0xff, 0xff, 0xff, 0xff, 0xff, 0xff, 0xff, 0xa9,
    0xff, 0xff, 0xff, 0xff, 0xff, 0xff, 0x51, 0x0,
    0x0, 0x0, 0x55, 0xff, 0xff, 0xff, 0xff, 0xff,
    0xff, 0xcd, 0xff, 0xff, 0xff, 0xff, 0xe3, 0xff,
    0xff, 0xff, 0xff, 0xd6, 0xff, 0xff, 0xff, 0xff,
    0xff, 0xff, 0x34, 0x0, 0x0, 0x0, 0x35, 0xff,
    0xff, 0xff, 0xff, 0xff, 0xff, 0xfa, 0xff, 0xff,
    0xff, 0xff, 0xaa, 0xff, 0xff, 0xff, 0xff, 0xfb,
    0xff, 0xff, 0xff, 0xff, 0xff, 0xff, 0x16, 0x0,
    0x0, 0x0, 0x15, 0xff, 0xff, 0xff, 0xff, 0xff,
    0xff, 0xff, 0xff, 0xff, 0xff, 0xff, 0x72, 0xff,
    0xff, 0xff, 0xff, 0xff, 0xff, 0xff, 0xff, 0xff,
    0xff, 0xf7, 0x0, 0x0, 0x0, 0x0, 0x0, 0xf5,
    0xff, 0xff, 0xff, 0xff, 0xff, 0xff, 0xff, 0xff,
    0xff, 0xff, 0x39, 0xff, 0xff, 0xff, 0xff, 0xff,
    0xff, 0xff, 0xff, 0xff, 0xff, 0xda, 0x0, 0x0,
    0x0, 0x0, 0x0, 0xd6, 0xff, 0xff, 0xff, 0xff,
    0xff, 0xff, 0xff, 0xff, 0xff, 0xff, 0xc, 0xeb,
    0xff, 0xff, 0xff, 0xff, 0xff, 0xff, 0xff, 0xff,
    0xff, 0xbc, 0x0, 0x0, 0x0, 0x0, 0x0, 0xb6,
    0xff, 0xff, 0xff, 0xff, 0xff, 0xff, 0xff, 0xff,
    0xff, 0xe7, 0x0, 0xcc, 0xff, 0xff, 0xff, 0xff,
    0xff, 0xff, 0xff, 0xff, 0xff, 0x9f, 0x0, 0x0,
    0x0, 0x0, 0x0, 0x96, 0xff, 0xff, 0xff, 0xff,
    0xff, 0xff, 0xff, 0xff, 0xff, 0xc3, 0x0, 0xad,
    0xff, 0xff, 0xff, 0xff, 0xff, 0xff, 0xff, 0xff,
    0xff, 0x81, 0x0, 0x0, 0x0, 0x0, 0x0, 0x77,
    0xff, 0xff, 0xff, 0xff, 0xff, 0xff, 0xff, 0xff,
    0xff, 0x9e, 0x0, 0x8d, 0xff, 0xff, 0xff, 0xff,
    0xff, 0xff, 0xff, 0xff, 0xff, 0x63, 0x0, 0x0,
    0x0, 0x0, 0x0, 0x57, 0xff, 0xff, 0xff, 0xff,
    0xff, 0xff, 0xff, 0xff, 0xff, 0x77, 0x0, 0x6e,
    0xff, 0xff, 0xff, 0xff, 0xff, 0xff, 0xff, 0xff,
    0xff, 0x45, 0x0, 0x0, 0x0, 0x0, 0x0, 0x37,
    0xff, 0xff, 0xff, 0xff, 0xff, 0xff, 0xff, 0xff,
    0xff, 0x51, 0x0, 0x4d, 0xff, 0xff, 0xff, 0xff,
    0xff, 0xff, 0xff, 0xff, 0xff, 0x28, 0x0, 0x0,
    0x0, 0x0, 0x0, 0x18, 0xff, 0xff, 0xff, 0xff,
    0xff, 0xff, 0xff, 0xff, 0xff, 0x2b, 0x0, 0x2c,
    0xff, 0xff, 0xff, 0xff, 0xff, 0xff, 0xff, 0xff,
    0xff, 0xa, 0x0, 0x0, 0x0, 0x0, 0x0, 0x0,
    0xf6, 0xff, 0xff, 0xff, 0xff, 0xff, 0xff, 0xff,
    0xfd, 0x7, 0x0, 0xa, 0xff, 0xff, 0xff, 0xff,
    0xff, 0xff, 0xff, 0xff, 0xec, 0x0, 0x0, 0x0,
    0x0, 0x0, 0x0, 0x0, 0xd8, 0xff, 0xff, 0xff,
    0xff, 0xff, 0xff, 0xff, 0xdf, 0x0, 0x0, 0x0,
    0xe6, 0xff, 0xff, 0xff, 0xff, 0xff, 0xff, 0xff,
    0xce, 0x0, 0x0, 0x0,

    /* U+0078 "x" */
    0xde, 0xff, 0xff, 0xff, 0xff, 0xff, 0xb3, 0x0,
    0x0, 0x18, 0xff, 0xff, 0xff, 0xff, 0xff, 0xff,
    0xe8, 0x0, 0x9b, 0xff, 0xff, 0xff, 0xff, 0xff,
    0xe4, 0x0, 0x0, 0x4e, 0xff, 0xff, 0xff, 0xff,
    0xff, 0xff, 0xaa, 0x0, 0x57, 0xff, 0xff, 0xff,
    0xff, 0xff, 0xff, 0x15, 0x0, 0x80, 0xff, 0xff,
    0xff, 0xff, 0xff, 0xff, 0x6c, 0x0, 0x15, 0xfe,
    0xff, 0xff, 0xff, 0xff, 0xff, 0x44, 0x0, 0xb0,
    0xff, 0xff, 0xff, 0xff, 0xff, 0xff, 0x2d, 0x0,
    0x0, 0xd0, 0xff, 0xff, 0xff, 0xff, 0xff, 0x74,
    0x0, 0xde, 0xff, 0xff, 0xff, 0xff, 0xff, 0xed,
    0x1, 0x0, 0x0, 0x8d, 0xff, 0xff, 0xff, 0xff,
    0xff, 0xa3, 0xc, 0xfe, 0xff, 0xff, 0xff, 0xff,
    0xff, 0xb1, 0x0, 0x0, 0x0, 0x49, 0xff, 0xff,
    0xff, 0xff, 0xff, 0xd2, 0x38, 0xff, 0xff, 0xff,
    0xff, 0xff, 0xff, 0x72, 0x0, 0x0, 0x0, 0xb,
    0xfa, 0xff, 0xff, 0xff, 0xff, 0xfa, 0x69, 0xff,
    0xff, 0xff, 0xff, 0xff, 0xff, 0x34, 0x0, 0x0,
    0x0, 0x0, 0xc2, 0xff, 0xff, 0xff, 0xff, 0xff,
    0xba, 0xff, 0xff, 0xff, 0xff, 0xff, 0xf2, 0x3,
    0x0, 0x0, 0x0, 0x0, 0x7e, 0xff, 0xff, 0xff,
    0xff, 0xff, 0xfa, 0xff, 0xff, 0xff, 0xff, 0xff,
    0xb8, 0x0, 0x0, 0x0, 0x0, 0x0, 0x3b, 0xff,
    0xff, 0xff, 0xff, 0xff, 0xff, 0xff, 0xff, 0xff,
    0xff, 0xff, 0x79, 0x0, 0x0, 0x0, 0x0, 0x0,
    0x4, 0xf2, 0xff, 0xff, 0xff, 0xff, 0xff, 0xff,
    0xff, 0xff, 0xff, 0xff, 0x3b, 0x0, 0x0, 0x0,
    0x0, 0x0, 0x0, 0xb4, 0xff, 0xff, 0xff, 0xff,
    0xff, 0xff, 0xff, 0xff, 0xff, 0xf7, 0x6, 0x0,
    0x0, 0x0, 0x0, 0x0, 0x0, 0xbd, 0xff, 0xff,
    0xff, 0xff, 0xff, 0xff, 0xff, 0xff, 0xff, 0xfc,
    0x10, 0x0, 0x0, 0x0, 0x0, 0x0, 0x5, 0xf5,
    0xff, 0xff, 0xff, 0xff, 0xff, 0xff, 0xff, 0xff,
    0xff, 0xff, 0x51, 0x0, 0x0, 0x0, 0x0, 0x0,
    0x39, 0xff, 0xff, 0xff, 0xff, 0xff, 0xff, 0xff,
    0xff, 0xff, 0xff, 0xff, 0x97, 0x0, 0x0, 0x0,
    0x0, 0x0, 0x77, 0xff, 0xff, 0xff, 0xff, 0xff,
    0xff, 0xff, 0xff, 0xff, 0xff, 0xff, 0xdc, 0x0,
    0x0, 0x0, 0x0, 0x0, 0xb5, 0xff, 0xff, 0xff,
    0xff, 0xff, 0xfe, 0xff, 0xff, 0xff, 0xff, 0xff,
    0xff, 0x21, 0x0, 0x0, 0x0, 0x2, 0xf0, 0xff,
    0xff, 0xff, 0xff, 0xff, 0xc6, 0xff, 0xff, 0xff,
    0xff, 0xff, 0xff, 0x66, 0x0, 0x0, 0x0, 0x30,
    0xff, 0xff, 0xff, 0xff, 0xff, 0xfb, 0x75, 0xff,
    0xff, 0xff, 0xff, 0xff, 0xff, 0xac, 0x0, 0x0,
    0x0, 0x6e, 0xff, 0xff, 0xff, 0xff, 0xff, 0xd5,
    0x42, 0xff, 0xff, 0xff, 0xff, 0xff, 0xff, 0xee,
    0x2, 0x0, 0x0, 0xac, 0xff, 0xff, 0xff, 0xff,
    0xff, 0xa9, 0x13, 0xff, 0xff, 0xff, 0xff, 0xff,
    0xff, 0xff, 0x36, 0x0, 0x0, 0xe9, 0xff, 0xff,
    0xff, 0xff, 0xff, 0x7b, 0x0, 0xe3, 0xff, 0xff,
    0xff, 0xff, 0xff, 0xff, 0x7b, 0x0, 0x28, 0xff,
    0xff, 0xff, 0xff, 0xff, 0xff, 0x4a, 0x0, 0xb2,
    0xff, 0xff, 0xff, 0xff, 0xff, 0xff, 0xc1, 0x0,
    0x66, 0xff, 0xff, 0xff, 0xff, 0xff, 0xff, 0x18,
    0x0, 0x80, 0xff, 0xff, 0xff, 0xff, 0xff, 0xff,
    0xfa, 0xc, 0xa4, 0xff, 0xff, 0xff, 0xff, 0xff,
    0xe6, 0x0, 0x0, 0x4b, 0xff, 0xff, 0xff, 0xff,
    0xff, 0xff, 0xff, 0x4b, 0xe1, 0xff, 0xff, 0xff,
    0xff, 0xff, 0xb4, 0x0, 0x0, 0x16, 0xff, 0xff,
    0xff, 0xff, 0xff, 0xff, 0xff, 0x91,

    /* U+0079 "y" */
    0x24, 0xff, 0xff, 0xff, 0xff, 0xff, 0xff, 0xfc,
    0x5, 0x0, 0x0, 0x45, 0xff, 0xff, 0xff, 0xff,
    0xff, 0xff, 0xe0, 0x1, 0xf0, 0xff, 0xff, 0xff,
    0xff, 0xff, 0xff, 0x26, 0x0, 0x0, 0x57, 0xff,
    0xff, 0xff, 0xff, 0xff, 0xff, 0xc2, 0x0, 0xc0,
    0xff, 0xff, 0xff, 0xff, 0xff, 0xff, 0x4b, 0x0,
    0x0, 0x69, 0xff, 0xff, 0xff, 0xff, 0xff, 0xff,
    0xa4, 0x0, 0x8e, 0xff, 0xff, 0xff, 0xff, 0xff,
    0xff, 0x70, 0x0, 0x0, 0x7b, 0xff, 0xff, 0xff,
    0xff, 0xff, 0xff, 0x86, 0x0, 0x5c, 0xff, 0xff,
    0xff, 0xff, 0xff, 0xff, 0x95, 0x0, 0x0, 0x8d,
    0xff, 0xff, 0xff, 0xff, 0xff, 0xff, 0x67, 0x0,
    0x2b, 0xff, 0xff, 0xff, 0xff, 0xff, 0xff, 0xba,
    0x0, 0x0, 0x9f, 0xff, 0xff, 0xff, 0xff, 0xff,
    0xff, 0x49, 0x0, 0x3, 0xf5, 0xff, 0xff, 0xff,
    0xff, 0xff, 0xdf, 0x0, 0x0, 0xb1, 0xff, 0xff,
    0xff, 0xff, 0xff, 0xff, 0x2b, 0x0, 0x0, 0xc7,
    0xff, 0xff, 0xff, 0xff, 0xff, 0xfd, 0x7, 0x0,
    0xc3, 0xff, 0xff, 0xff, 0xff, 0xff, 0xff, 0xd,
    0x0, 0x0, 0x95, 0xff, 0xff, 0xff, 0xff, 0xff,
    0xff, 0x29, 0x0, 0xd4, 0xff, 0xff, 0xff, 0xff,
    0xff, 0xee, 0x0, 0x0, 0x0, 0x63, 0xff, 0xff,
    0xff, 0xff, 0xff, 0xff, 0x4e, 0x0, 0xe6, 0xff,
    0xff, 0xff, 0xff, 0xff, 0xd0, 0x0, 0x0, 0x0,
    0x32, 0xff, 0xff, 0xff, 0xff, 0xff, 0xff, 0x72,
    0x0, 0xf7, 0xff, 0xff, 0xff, 0xff, 0xff, 0xb2,
    0x0, 0x0, 0x0, 0x6, 0xf9, 0xff, 0xff, 0xff,
    0xff, 0xff, 0x97, 0xa, 0xff, 0xff, 0xff, 0xff,
    0xff, 0xff, 0x94, 0x0, 0x0, 0x0, 0x0, 0xce,
    0xff, 0xff, 0xff, 0xff, 0xff, 0xbc, 0x1c, 0xff,
    0xff, 0xff, 0xff, 0xff, 0xff, 0x76, 0x0, 0x0,
    0x0, 0x0, 0x9c, 0xff, 0xff, 0xff, 0xff, 0xff,
    0xe1, 0x2e, 0xff, 0xff, 0xff, 0xff, 0xff, 0xff,
    0x57, 0x0, 0x0, 0x0, 0x0, 0x6a, 0xff, 0xff,
    0xff, 0xff, 0xff, 0xfe, 0x48, 0xff, 0xff, 0xff,
    0xff, 0xff, 0xff, 0x39, 0x0, 0x0, 0x0, 0x0,
    0x39, 0xff, 0xff, 0xff, 0xff, 0xff, 0xff, 0x7d,
    0xff, 0xff, 0xff, 0xff, 0xff, 0xff, 0x1b, 0x0,
    0x0, 0x0, 0x0, 0xa, 0xfc, 0xff, 0xff, 0xff,
    0xff, 0xff, 0xb4, 0xff, 0xff, 0xff, 0xff, 0xff,
    0xfa, 0x2, 0x0, 0x0, 0x0, 0x0, 0x0, 0xd5,
    0xff, 0xff, 0xff, 0xff, 0xff, 0xea, 0xff, 0xff,
    0xff, 0xff, 0xff, 0xde, 0x0, 0x0, 0x0, 0x0,
    0x0, 0x0, 0xa3, 0xff, 0xff, 0xff, 0xff, 0xff,
    0xff, 0xff, 0xff, 0xff, 0xff, 0xff, 0xc0, 0x0,
    0x0, 0x0, 0x0, 0x0, 0x0, 0x71, 0xff, 0xff,
    0xff, 0xff, 0xff, 0xff, 0xff, 0xff, 0xff, 0xff,
    0xff, 0xa1, 0x0, 0x0, 0x0, 0x0, 0x0, 0x0,
    0x40, 0xff, 0xff, 0xff, 0xff, 0xff, 0xff, 0xff,
    0xff, 0xff, 0xff, 0xff, 0x82, 0x0, 0x0, 0x0,
    0x0, 0x0, 0x0, 0xf, 0xfe, 0xff, 0xff, 0xff,
    0xff, 0xff, 0xff, 0xff, 0xff, 0xff, 0xff, 0x62,
    0x0, 0x0, 0x0, 0x0, 0x0, 0x0, 0x0, 0xdb,
    0xff, 0xff, 0xff, 0xff, 0xff, 0xff, 0xff, 0xff,
    0xff, 0xff, 0x40, 0x0, 0x0, 0x0, 0x0, 0x0,
    0x0, 0x0, 0xa9, 0xff, 0xff, 0xff, 0xff, 0xff,
    0xff, 0xff, 0xff, 0xff, 0xff, 0x1b, 0x0, 0x0,
    0x0, 0x0, 0x0, 0x0, 0x0, 0x7b, 0xff, 0xff,
    0xff, 0xff, 0xff, 0xff, 0xff, 0xff, 0xff, 0xf1,
    0x0, 0x0, 0x0, 0x0, 0x0, 0x0, 0x3, 0x16,
    0xab, 0xff, 0xff, 0xff, 0xff, 0xff, 0xff, 0xff,
    0xff, 0xff, 0xbd, 0x0, 0x0, 0x0, 0x0, 0x0,
    0x50, 0xff, 0xff, 0xff, 0xff, 0xff, 0xff, 0xff,
    0xff, 0xff, 0xff, 0xff, 0xff, 0x6e, 0x0, 0x0,
    0x0, 0x0, 0x0, 0x50, 0xff, 0xff, 0xff, 0xff,
    0xff, 0xff, 0xff, 0xff, 0xff, 0xff, 0xff, 0xe7,
    0xd, 0x0, 0x0, 0x0, 0x0, 0x0, 0x50, 0xff,
    0xff, 0xff, 0xff, 0xff, 0xff, 0xff, 0xff, 0xff,
    0xff, 0xf1, 0x3e, 0x0, 0x0, 0x0, 0x0, 0x0,
    0x0, 0x50, 0xff, 0xff, 0xff, 0xff, 0xff, 0xff,
    0xff, 0xff, 0xea, 0x99, 0x20, 0x0, 0x0, 0x0,
    0x0, 0x0, 0x0, 0x0, 0x12, 0x3c, 0x3c, 0x3c,
    0x3c, 0x3b, 0x36, 0x2b, 0x14, 0x0, 0x0, 0x0,
    0x0, 0x0, 0x0, 0x0, 0x0,

    /* U+007A "z" */
    0x28, 0xff, 0xff, 0xff, 0xff, 0xff, 0xff, 0xff,
    0xff, 0xff, 0xff, 0xff, 0xff, 0xb0, 0x28, 0xff,
    0xff, 0xff, 0xff, 0xff, 0xff, 0xff, 0xff, 0xff,
    0xff, 0xff, 0xff, 0xb0, 0x28, 0xff, 0xff, 0xff,
    0xff, 0xff, 0xff, 0xff, 0xff, 0xff, 0xff, 0xff,
    0xff, 0xb0, 0x28, 0xff, 0xff, 0xff, 0xff, 0xff,
    0xff, 0xff, 0xff, 0xff, 0xff, 0xff, 0xff, 0xb0,
    0x28, 0xff, 0xff, 0xff, 0xff, 0xff, 0xff, 0xff,
    0xff, 0xff, 0xff, 0xff, 0xff, 0xb0, 0xc, 0x50,
    0x50, 0x50, 0x50, 0x51, 0xf3, 0xff, 0xff, 0xff,
    0xff, 0xff, 0xff, 0xaf, 0x0, 0x0, 0x0, 0x0,
    0x0, 0x40, 0xff, 0xff, 0xff, 0xff, 0xff, 0xff,
    0xff, 0x76, 0x0, 0x0, 0x0, 0x0, 0x0, 0x9f,
    0xff, 0xff, 0xff, 0xff, 0xff, 0xff, 0xfd, 0x1b,
    0x0, 0x0, 0x0, 0x0, 0xa, 0xf2, 0xff, 0xff,
    0xff, 0xff, 0xff, 0xff, 0xba, 0x0, 0x0, 0x0,
    0x0, 0x0, 0x5c, 0xff, 0xff, 0xff, 0xff, 0xff,
    0xff, 0xff, 0x5b, 0x0, 0x0, 0x0, 0x0, 0x0,
    0xbb, 0xff, 0xff, 0xff, 0xff, 0xff, 0xff, 0xf3,
    0xa, 0x0, 0x0, 0x0, 0x0, 0x1b, 0xfd, 0xff,
    0xff, 0xff, 0xff, 0xff, 0xff, 0x9f, 0x0, 0x0,
    0x0, 0x0, 0x0, 0x78, 0xff, 0xff, 0xff, 0xff,
    0xff, 0xff, 0xff, 0x41, 0x0, 0x0, 0x0, 0x0,
    0x0, 0xd5, 0xff, 0xff, 0xff, 0xff, 0xff, 0xff,
    0xe1, 0x1, 0x0, 0x0, 0x0, 0x0, 0x35, 0xff,
    0xff, 0xff, 0xff, 0xff, 0xff, 0xff, 0x84, 0x0,
    0x0, 0x0, 0x0, 0x0, 0x93, 0xff, 0xff, 0xff,
    0xff, 0xff, 0xff, 0xff, 0x26, 0x0, 0x0, 0x0,
    0x0, 0x5, 0xeb, 0xff, 0xff, 0xff, 0xff, 0xff,
    0xff, 0xc8, 0x0, 0x0, 0x0, 0x0, 0x0, 0x50,
    0xff, 0xff, 0xff, 0xff, 0xff, 0xff, 0xff, 0x6a,
    0x0, 0x0, 0x0, 0x0, 0x0, 0xaf, 0xff, 0xff,
    0xff, 0xff, 0xff, 0xff, 0xf9, 0x12, 0x0, 0x0,
    0x0, 0x0, 0x13, 0xf9, 0xff, 0xff, 0xff, 0xff,
    0xff, 0xff, 0xad, 0x0, 0x0, 0x0, 0x0, 0x0,
    0x6c, 0xff, 0xff, 0xff, 0xff, 0xff, 0xff, 0xff,
    0x4f, 0x0, 0x0, 0x0, 0x0, 0x0, 0xbb, 0xff,
    0xff, 0xff, 0xff, 0xff, 0xff, 0xfa, 0x55, 0x50,
    0x50, 0x50, 0x50, 0x37, 0xc4, 0xff, 0xff, 0xff,
    0xff, 0xff, 0xff, 0xff, 0xff, 0xff, 0xff, 0xff,
    0xff, 0xb0, 0xc4, 0xff, 0xff, 0xff, 0xff, 0xff,
    0xff, 0xff, 0xff, 0xff, 0xff, 0xff, 0xff, 0xb0,
    0xc4, 0xff, 0xff, 0xff, 0xff, 0xff, 0xff, 0xff,
    0xff, 0xff, 0xff, 0xff, 0xff, 0xb0, 0xc4, 0xff,
    0xff, 0xff, 0xff, 0xff, 0xff, 0xff, 0xff, 0xff,
    0xff, 0xff, 0xff, 0xb0, 0xc4, 0xff, 0xff, 0xff,
    0xff, 0xff, 0xff, 0xff, 0xff, 0xff, 0xff, 0xff,
    0xff, 0xb0,

    /* U+007B "{" */
    0x0, 0x0, 0x0, 0x0, 0x0, 0x0, 0x0, 0x2,
    0x56, 0xab, 0xd9, 0xf2, 0xfc, 0xff, 0x10, 0x0,
    0x0, 0x0, 0x0, 0x0, 0x0, 0x19, 0xcd, 0xff,
    0xff, 0xff, 0xff, 0xff, 0xff, 0x10, 0x0, 0x0,
    0x0, 0x0, 0x0, 0x4, 0xd0, 0xff, 0xff, 0xff,
    0xff, 0xff, 0xff, 0xff, 0x10, 0x0, 0x0, 0x0,
    0x0, 0x0, 0x61, 0xff, 0xff, 0xff, 0xff, 0xff,
    0xff, 0xff, 0xff, 0x10, 0x0, 0x0, 0x0, 0x0,
    0x0, 0xae, 0xff, 0xff, 0xff, 0xff, 0xff, 0xf8,
    0xd7, 0xc9, 0xc, 0x0, 0x0, 0x0, 0x0, 0x0,
    0xda, 0xff, 0xff, 0xff, 0xff, 0xa5, 0x9, 0x0,
    0x0, 0x0, 0x0, 0x0, 0x0, 0x0, 0x0, 0xee,
    0xff, 0xff, 0xff, 0xff, 0x37, 0x0, 0x0, 0x0,
    0x0, 0x0, 0x0, 0x0, 0x0, 0x0, 0xfa, 0xff,
    0xff, 0xff, 0xff, 0x18, 0x0, 0x0, 0x0, 0x0,
    0x0, 0x0, 0x0, 0x0, 0x1, 0xff, 0xff, 0xff,
    0xff, 0xff, 0xe, 0x0, 0x0, 0x0, 0x0, 0x0,
    0x0, 0x0, 0x0, 0x3, 0xff, 0xff, 0xff, 0xff,
    0xff, 0x6, 0x0, 0x0, 0x0, 0x0, 0x0, 0x0,
    0x0, 0x0, 0x9, 0xff, 0xff, 0xff, 0xff, 0xfe,
    0x0, 0x0, 0x0, 0x0, 0x0, 0x0, 0x0, 0x0,
    0x0, 0x12, 0xff, 0xff, 0xff, 0xff, 0xf5, 0x0,
    0x0, 0x0, 0x0, 0x0, 0x0, 0x0, 0x0, 0x0,
    0x26, 0xff, 0xff, 0xff, 0xff, 0xe7, 0x0, 0x0,
    0x0, 0x0, 0x0, 0x0, 0x0, 0x0, 0x0, 0x48,
    0xff, 0xff, 0xff, 0xff, 0xd5, 0x0, 0x0, 0x0,
    0x0, 0x0, 0x0, 0x0, 0x0, 0x0, 0x87, 0xff,
    0xff, 0xff, 0xff, 0xb0, 0x0, 0x0, 0x0, 0x0,
    0x0, 0x0, 0x0, 0x0, 0x13, 0xea, 0xff, 0xff,
    0xff, 0xff, 0x72, 0x0, 0x0, 0x0, 0x0, 0x0,
    0x0, 0x11, 0x53, 0xd9, 0xff, 0xff, 0xff, 0xff,
    0xf9, 0x17, 0x0, 0x0, 0x0, 0x0, 0x0, 0x4c,
    0xff, 0xff, 0xff, 0xff, 0xff, 0xff, 0xff, 0x7e,
    0x0, 0x0, 0x0, 0x0, 0x0, 0x0, 0x4c, 0xff,
    0xff, 0xff, 0xff, 0xff, 0xff, 0x90, 0x1, 0x0,
    0x0, 0x0, 0x0, 0x0, 0x0, 0x4c, 0xff, 0xff,
    0xff, 0xff, 0xff, 0xbb, 0x2, 0x0, 0x0, 0x0,
    0x0, 0x0, 0x0, 0x0, 0x4c, 0xff, 0xff, 0xff,
    0xff, 0xff, 0xff, 0xb5, 0x6, 0x0, 0x0, 0x0,
    0x0, 0x0, 0x0, 0x40, 0xe6, 0xff, 0xff, 0xff,
    0xff, 0xff, 0xff, 0x8f, 0x0, 0x0, 0x0, 0x0,
    0x0, 0x0, 0x0, 0x0, 0x1c, 0xae, 0xff, 0xff,
    0xff, 0xff, 0xfe, 0x25, 0x0, 0x0, 0x0, 0x0,
    0x0, 0x0, 0x0, 0x0, 0xa, 0xdd, 0xff, 0xff,
    0xff, 0xff, 0x76, 0x0, 0x0, 0x0, 0x0, 0x0,
    0x0, 0x0, 0x0, 0x0, 0x73, 0xff, 0xff, 0xff,
    0xff, 0xaa, 0x0, 0x0, 0x0, 0x0, 0x0, 0x0,
    0x0, 0x0, 0x0, 0x35, 0xff, 0xff, 0xff, 0xff,
    0xca, 0x0, 0x0, 0x0, 0x0, 0x0, 0x0, 0x0,
    0x0, 0x0, 0x1c, 0xff, 0xff, 0xff, 0xff, 0xdc,
    0x0, 0x0, 0x0, 0x0, 0x0, 0x0, 0x0, 0x0,
    0x0, 0x10, 0xff, 0xff, 0xff, 0xff, 0xe9, 0x0,
    0x0, 0x0, 0x0, 0x0, 0x0, 0x0, 0x0, 0x0,
    0x9, 0xff, 0xff, 0xff, 0xff, 0xf6, 0x0, 0x0,
    0x0, 0x0, 0x0, 0x0, 0x0, 0x0, 0x0, 0x6,
    0xff, 0xff, 0xff, 0xff, 0xff, 0x4, 0x0, 0x0,
    0x0, 0x0, 0x0, 0x0, 0x0, 0x0, 0x2, 0xff,
    0xff, 0xff, 0xff, 0xff, 0x10, 0x0, 0x0, 0x0,
    0x0, 0x0, 0x0, 0x0, 0x0, 0x0, 0xfb, 0xff,
    0xff, 0xff, 0xff, 0x1d, 0x0, 0x0, 0x0, 0x0,
    0x0, 0x0, 0x0, 0x0, 0x0, 0xeb, 0xff, 0xff,
    0xff, 0xff, 0x41, 0x0, 0x0, 0x0, 0x0, 0x0,
    0x0, 0x0, 0x0, 0x0, 0xce, 0xff, 0xff, 0xff,
    0xff, 0xd5, 0x40, 0x12, 0x3, 0x0, 0x0, 0x0,
    0x0, 0x0, 0x0, 0x9e, 0xff, 0xff, 0xff, 0xff,
    0xff, 0xff, 0xff, 0xff, 0xc, 0x0, 0x0, 0x0,
    0x0, 0x0, 0x4a, 0xff, 0xff, 0xff, 0xff, 0xff,
    0xff, 0xff, 0xff, 0xc, 0x0, 0x0, 0x0, 0x0,
    0x0, 0x0, 0xab, 0xff, 0xff, 0xff, 0xff, 0xff,
    0xff, 0xff, 0xc, 0x0, 0x0, 0x0, 0x0, 0x0,
    0x0, 0xb, 0x95, 0xfe, 0xff, 0xff, 0xff, 0xff,
    0xff, 0xc, 0x0, 0x0, 0x0, 0x0, 0x0, 0x0,
    0x0, 0x0, 0x26, 0x71, 0x9f, 0xb9, 0xc4, 0xc8,
    0x9,

    /* U+007C "|" */
    0xb4, 0xff, 0xff, 0xff, 0x8c, 0xb4, 0xff, 0xff,
    0xff, 0x8c, 0xb4, 0xff, 0xff, 0xff, 0x8c, 0xb4,
    0xff, 0xff, 0xff, 0x8c, 0xb4, 0xff, 0xff, 0xff,
    0x8c, 0xb4, 0xff, 0xff, 0xff, 0x8c, 0xb4, 0xff,
    0xff, 0xff, 0x8c, 0xb4, 0xff, 0xff, 0xff, 0x8c,
    0xb4, 0xff, 0xff, 0xff, 0x8c, 0xb4, 0xff, 0xff,
    0xff, 0x8c, 0xb4, 0xff, 0xff, 0xff, 0x8c, 0xb4,
    0xff, 0xff, 0xff, 0x8c, 0xb4, 0xff, 0xff, 0xff,
    0x8c, 0xb4, 0xff, 0xff, 0xff, 0x8c, 0xb4, 0xff,
    0xff, 0xff, 0x8c, 0xb4, 0xff, 0xff, 0xff, 0x8c,
    0xb4, 0xff, 0xff, 0xff, 0x8c, 0xb4, 0xff, 0xff,
    0xff, 0x8c, 0xb4, 0xff, 0xff, 0xff, 0x8c, 0xb4,
    0xff, 0xff, 0xff, 0x8c, 0xb4, 0xff, 0xff, 0xff,
    0x8c, 0xb4, 0xff, 0xff, 0xff, 0x8c, 0xb4, 0xff,
    0xff, 0xff, 0x8c, 0xb4, 0xff, 0xff, 0xff, 0x8c,
    0xb4, 0xff, 0xff, 0xff, 0x8c, 0xb4, 0xff, 0xff,
    0xff, 0x8c, 0xb4, 0xff, 0xff, 0xff, 0x8c, 0xb4,
    0xff, 0xff, 0xff, 0x8c, 0xb4, 0xff, 0xff, 0xff,
    0x8c, 0xb4, 0xff, 0xff, 0xff, 0x8c, 0xb4, 0xff,
    0xff, 0xff, 0x8c, 0xb4, 0xff, 0xff, 0xff, 0x8c,
    0xb4, 0xff, 0xff, 0xff, 0x8c, 0xb4, 0xff, 0xff,
    0xff, 0x8c, 0xb4, 0xff, 0xff, 0xff, 0x8c, 0xb4,
    0xff, 0xff, 0xff, 0x8c, 0xb4, 0xff, 0xff, 0xff,
    0x8c, 0x73, 0xa4, 0xa4, 0xa4, 0x59,

    /* U+007D "}" */
    0x4c, 0xff, 0xf9, 0xea, 0xcc, 0x97, 0x3e, 0x0,
    0x0, 0x0, 0x0, 0x0, 0x0, 0x0, 0x0, 0x4c,
    0xff, 0xff, 0xff, 0xff, 0xff, 0xff, 0xa0, 0x8,
    0x0, 0x0, 0x0, 0x0, 0x0, 0x0, 0x4c, 0xff,
    0xff, 0xff, 0xff, 0xff, 0xff, 0xff, 0x8e, 0x0,
    0x0, 0x0, 0x0, 0x0, 0x0, 0x4c, 0xff, 0xff,
    0xff, 0xff, 0xff, 0xff, 0xff, 0xfd, 0x21, 0x0,
    0x0, 0x0, 0x0, 0x0, 0x3a, 0xc8, 0xda, 0xfb,
    0xff, 0xff, 0xff, 0xff, 0xff, 0x6a, 0x0, 0x0,
    0x0, 0x0, 0x0, 0x0, 0x0, 0x0, 0x17, 0xd0,
    0xff, 0xff, 0xff, 0xff, 0x98, 0x0, 0x0, 0x0,
    0x0, 0x0, 0x0, 0x0, 0x0, 0x0, 0x6e, 0xff,
    0xff, 0xff, 0xff, 0xb2, 0x0, 0x0, 0x0, 0x0,
    0x0, 0x0, 0x0, 0x0, 0x0, 0x58, 0xff, 0xff,
    0xff, 0xff, 0xbf, 0x0, 0x0, 0x0, 0x0, 0x0,
    0x0, 0x0, 0x0, 0x0, 0x4b, 0xff, 0xff, 0xff,
    0xff, 0xc6, 0x0, 0x0, 0x0, 0x0, 0x0, 0x0,
    0x0, 0x0, 0x0, 0x41, 0xff, 0xff, 0xff, 0xff,
    0xc9, 0x0, 0x0, 0x0, 0x0, 0x0, 0x0, 0x0,
    0x0, 0x0, 0x37, 0xff, 0xff, 0xff, 0xff, 0xcc,
    0x0, 0x0, 0x0, 0x0, 0x0, 0x0, 0x0, 0x0,
    0x0, 0x2c, 0xff, 0xff, 0xff, 0xff, 0xd4, 0x0,
    0x0, 0x0, 0x0, 0x0, 0x0, 0x0, 0x0, 0x0,
    0x1c, 0xff, 0xff, 0xff, 0xff, 0xe2, 0x0, 0x0,
    0x0, 0x0, 0x0, 0x0, 0x0, 0x0, 0x0, 0x9,
    0xff, 0xff, 0xff, 0xff, 0xf8, 0x3, 0x0, 0x0,
    0x0, 0x0, 0x0, 0x0, 0x0, 0x0, 0x0, 0xea,
    0xff, 0xff, 0xff, 0xff, 0x42, 0x0, 0x0, 0x0,
    0x0, 0x0, 0x0, 0x0, 0x0, 0x0, 0xb0, 0xff,
    0xff, 0xff, 0xff, 0xc2, 0x1, 0x0, 0x0, 0x0,
    0x0, 0x0, 0x0, 0x0, 0x0, 0x53, 0xff, 0xff,
    0xff, 0xff, 0xff, 0xa7, 0x30, 0x7, 0x0, 0x0,
    0x0, 0x0, 0x0, 0x0, 0x1, 0xb9, 0xff, 0xff,
    0xff, 0xff, 0xff, 0xff, 0xff, 0x10, 0x0, 0x0,
    0x0, 0x0, 0x0, 0x0, 0xf, 0xbe, 0xff, 0xff,
    0xff, 0xff, 0xff, 0xff, 0x10, 0x0, 0x0, 0x0,
    0x0, 0x0, 0x0, 0x0, 0x12, 0xe6, 0xff, 0xff,
    0xff, 0xff, 0xff, 0x10, 0x0, 0x0, 0x0, 0x0,
    0x0, 0x0, 0x1e, 0xdb, 0xff, 0xff, 0xff, 0xff,
    0xff, 0xff, 0x10, 0x0, 0x0, 0x0, 0x0, 0x0,
    0x3, 0xcb, 0xff, 0xff, 0xff, 0xff, 0xff, 0xff,
    0xe8, 0xd, 0x0, 0x0, 0x0, 0x0, 0x0, 0x58,
    0xff, 0xff, 0xff, 0xff, 0xff, 0x9c, 0x1b, 0x0,
    0x0, 0x0, 0x0, 0x0, 0x0, 0x0, 0xb4, 0xff,
    0xff, 0xff, 0xff, 0xac, 0x0, 0x0, 0x0, 0x0,
    0x0, 0x0, 0x0, 0x0, 0x0, 0xf0, 0xff, 0xff,
    0xff, 0xff, 0x3f, 0x0, 0x0, 0x0, 0x0, 0x0,
    0x0, 0x0, 0x0, 0xe, 0xff, 0xff, 0xff, 0xff,
    0xfd, 0x7, 0x0, 0x0, 0x0, 0x0, 0x0, 0x0,
    0x0, 0x0, 0x20, 0xff, 0xff, 0xff, 0xff, 0xe4,
    0x0, 0x0, 0x0, 0x0, 0x0, 0x0, 0x0, 0x0,
    0x0, 0x2e, 0xff, 0xff, 0xff, 0xff, 0xd3, 0x0,
    0x0, 0x0, 0x0, 0x0, 0x0, 0x0, 0x0, 0x0,
    0x39, 0xff, 0xff, 0xff, 0xff, 0xcb, 0x0, 0x0,
    0x0, 0x0, 0x0, 0x0, 0x0, 0x0, 0x0, 0x41,
    0xff, 0xff, 0xff, 0xff, 0xc6, 0x0, 0x0, 0x0,
    0x0, 0x0, 0x0, 0x0, 0x0, 0x0, 0x48, 0xff,
    0xff, 0xff, 0xff, 0xc2, 0x0, 0x0, 0x0, 0x0,
    0x0, 0x0, 0x0, 0x0, 0x0, 0x54, 0xff, 0xff,
    0xff, 0xff, 0xbb, 0x0, 0x0, 0x0, 0x0, 0x0,
    0x0, 0x0, 0x0, 0x0, 0x7f, 0xff, 0xff, 0xff,
    0xff, 0xae, 0x0, 0x0, 0x0, 0x0, 0x0, 0x0,
    0x5, 0x19, 0x54, 0xeb, 0xff, 0xff, 0xff, 0xff,
    0x98, 0x0, 0x0, 0x0, 0x0, 0x0, 0x48, 0xff,
    0xff, 0xff, 0xff, 0xff, 0xff, 0xff, 0xff, 0x65,
    0x0, 0x0, 0x0, 0x0, 0x0, 0x48, 0xff, 0xff,
    0xff, 0xff, 0xff, 0xff, 0xff, 0xf7, 0x1a, 0x0,
    0x0, 0x0, 0x0, 0x0, 0x48, 0xff, 0xff, 0xff,
    0xff, 0xff, 0xff, 0xff, 0x77, 0x0, 0x0, 0x0,
    0x0, 0x0, 0x0, 0x48, 0xff, 0xff, 0xff, 0xff,
    0xff, 0xf4, 0x73, 0x0, 0x0, 0x0, 0x0, 0x0,
    0x0, 0x0, 0x38, 0xc7, 0xc4, 0xb7, 0x9b, 0x6a,
    0x14, 0x0, 0x0, 0x0, 0x0, 0x0, 0x0, 0x0,
    0x0,

    /* U+007E "~" */
    0x0, 0x0, 0x0, 0x0, 0x0, 0x0, 0x0, 0x0,
    0x0, 0x0, 0x0, 0x0, 0x0, 0x0, 0x0, 0x0,
    0x0, 0x0, 0x24, 0x0, 0x0, 0x3, 0x53, 0xab,
    0xd0, 0xc3, 0x82, 0x21, 0x0, 0x0, 0x0, 0x0,
    0x0, 0x0, 0x0, 0x0, 0x35, 0xd3, 0x0, 0x2b,
    0xcb, 0xff, 0xff, 0xff, 0xff, 0xff, 0xfd, 0xa2,
    0x21, 0x0, 0x0, 0x0, 0x0, 0x0, 0x44, 0xf2,
    0xe4, 0x42, 0xf2, 0xff, 0xff, 0xff, 0xff, 0xff,
    0xff, 0xff, 0xff, 0xf9, 0x94, 0x26, 0x0, 0x13,
    0x84, 0xfb, 0xff, 0xe4, 0xe1, 0xff, 0xff, 0xff,
    0xff, 0xff, 0xff, 0xff, 0xff, 0xff, 0xff, 0xff,
    0xff, 0xed, 0xfe, 0xff, 0xff, 0xff, 0xe4, 0xe4,
    0xff, 0xff, 0xff, 0xff, 0xff, 0xff, 0xff, 0xff,
    0xff, 0xff, 0xff, 0xff, 0xff, 0xff, 0xff, 0xff,
    0xff, 0xe3, 0xe4, 0xff, 0xff, 0xb9, 0x3e, 0xb,
    0x37, 0xa6, 0xfe, 0xff, 0xff, 0xff, 0xff, 0xff,
    0xff, 0xff, 0xff, 0xf7, 0x52, 0xe4, 0xfa, 0x6c,
    0x0, 0x0, 0x0, 0x0, 0x0, 0x2f, 0xb7, 0xff,
    0xff, 0xff, 0xff, 0xff, 0xff, 0xd8, 0x36, 0x0,
    0xdc, 0x49, 0x0, 0x0, 0x0, 0x0, 0x0, 0x0,
    0x0, 0x0, 0x32, 0x99, 0xe1, 0xf6, 0xcf, 0x6f,
    0x8, 0x0, 0x0, 0x36, 0x0, 0x0, 0x0, 0x0,
    0x0, 0x0, 0x0, 0x0, 0x0, 0x0, 0x0, 0x0,
    0x0, 0x0, 0x0, 0x0, 0x0, 0x0,

    /* U+00B0 "°" */
    0x0, 0x0, 0x0, 0x8, 0x74, 0xcd, 0xf4, 0xf1,
    0xc6, 0x68, 0x4, 0x0, 0x0, 0x0, 0x0, 0x0,
    0x22, 0xd7, 0xff, 0xff, 0xff, 0xff, 0xff, 0xff,
    0xc7, 0x14, 0x0, 0x0, 0x0, 0x11, 0xdc, 0xff,
    0xff, 0xff, 0xff, 0xff, 0xff, 0xff, 0xff, 0xc6,
    0x6, 0x0, 0x0, 0x90, 0xff, 0xff, 0xff, 0xc5,
    0x6b, 0x72, 0xd5, 0xff, 0xff, 0xff, 0x70, 0x0,
    0x4, 0xf1, 0xff, 0xff, 0xb2, 0x3, 0x0, 0x0,
    0x9, 0xca, 0xff, 0xff, 0xd9, 0x0, 0x31, 0xff,
    0xff, 0xff, 0x26, 0x0, 0x0, 0x0, 0x0, 0x47,
    0xff, 0xff, 0xff, 0x13, 0x46, 0xff, 0xff, 0xfc,
    0x2, 0x0, 0x0, 0x0, 0x0, 0x1f, 0xff, 0xff,
    0xff, 0x26, 0x37, 0xff, 0xff, 0xff, 0x27, 0x0,
    0x0, 0x0, 0x0, 0x46, 0xff, 0xff, 0xff, 0x13,
    0x8, 0xf4, 0xff, 0xff, 0xac, 0x2, 0x0, 0x0,
    0x8, 0xc9, 0xff, 0xff, 0xda, 0x0, 0x0, 0x92,
    0xff, 0xff, 0xff, 0xc1, 0x66, 0x6d, 0xd2, 0xff,
    0xff, 0xff, 0x72, 0x0, 0x0, 0x10, 0xdf, 0xff,
    0xff, 0xff, 0xff, 0xff, 0xff, 0xff, 0xff, 0xc9,
    0x7, 0x0, 0x0, 0x0, 0x26, 0xdf, 0xff, 0xff,
    0xff, 0xff, 0xff, 0xff, 0xc9, 0x16, 0x0, 0x0,
    0x0, 0x0, 0x0, 0xc, 0x7e, 0xd2, 0xf5, 0xf3,
    0xc8, 0x6a, 0x4, 0x0, 0x0, 0x0
};


/*---------------------
 *  GLYPH DESCRIPTION
 *--------------------*/

static const lv_font_fmt_txt_glyph_dsc_t glyph_dsc[] = {
    {.bitmap_index = 0, .adv_w = 0, .box_w = 0, .box_h = 0, .ofs_x = 0, .ofs_y = 0} /* id = 0 reserved */,
    {.bitmap_index = 0, .adv_w = 113, .box_w = 0, .box_h = 0, .ofs_x = 0, .ofs_y = 0},
    {.bitmap_index = 0, .adv_w = 173, .box_w = 10, .box_h = 32, .ofs_x = 1, .ofs_y = 0},
    {.bitmap_index = 320, .adv_w = 237, .box_w = 15, .box_h = 11, .ofs_x = 0, .ofs_y = 21},
    {.bitmap_index = 485, .adv_w = 401, .box_w = 25, .box_h = 29, .ofs_x = 0, .ofs_y = 0},
    {.bitmap_index = 1210, .adv_w = 350, .box_w = 20, .box_h = 39, .ofs_x = 1, .ofs_y = -3},
    {.bitmap_index = 1990, .adv_w = 443, .box_w = 28, .box_h = 34, .ofs_x = 0, .ofs_y = -1},
    {.bitmap_index = 2942, .adv_w = 369, .box_w = 24, .box_h = 29, .ofs_x = 0, .ofs_y = -1},
    {.bitmap_index = 3638, .adv_w = 118, .box_w = 7, .box_h = 11, .ofs_x = 0, .ofs_y = 21},
    {.bitmap_index = 3715, .adv_w = 201, .box_w = 11, .box_h = 32, .ofs_x = 1, .ofs_y = 0},
    {.bitmap_index = 4067, .adv_w = 201, .box_w = 11, .box_h = 32, .ofs_x = 0, .ofs_y = 0},
    {.bitmap_index = 4419, .adv_w = 180, .box_w = 11, .box_h = 10, .ofs_x = 0, .ofs_y = 22},
    {.bitmap_index = 4529, .adv_w = 341, .box_w = 20, .box_h = 20, .ofs_x = 1, .ofs_y = 7},
    {.bitmap_index = 4929, .adv_w = 108, .box_w = 6, .box_h = 12, .ofs_x = 0, .ofs_y = -5},
    {.bitmap_index = 5001, .adv_w = 188, .box_w = 12, .box_h = 6, .ofs_x = 0, .ofs_y = 10},
    {.bitmap_index = 5073, .adv_w = 118, .box_w = 7, .box_h = 7, .ofs_x = 0, .ofs_y = 0},
    {.bitmap_index = 5122, .adv_w = 253, .box_w = 16, .box_h = 34, .ofs_x = 0, .ofs_y = -1},
    {.bitmap_index = 5666, .adv_w = 343, .box_w = 20, .box_h = 34, .ofs_x = 1, .ofs_y = -1},
    {.bitmap_index = 6346, .adv_w = 244, .box_w = 14, .box_h = 32, .ofs_x = 0, .ofs_y = 0},
    {.bitmap_index = 6794, .adv_w = 321, .box_w = 19, .box_h = 33, .ofs_x = 1, .ofs_y = 0},
    {.bitmap_index = 7421, .adv_w = 339, .box_w = 19, .box_h = 34, .ofs_x = 1, .ofs_y = -1},
    {.bitmap_index = 8067, .adv_w = 320, .box_w = 20, .box_h = 32, .ofs_x = 0, .ofs_y = 0},
    {.bitmap_index = 8707, .adv_w = 343, .box_w = 20, .box_h = 33, .ofs_x = 1, .ofs_y = -1},
    {.bitmap_index = 9367, .adv_w = 347, .box_w = 20, .box_h = 34, .ofs_x = 1, .ofs_y = -1},
    {.bitmap_index = 10047, .adv_w = 251, .box_w = 16, .box_h = 32, .ofs_x = 0, .ofs_y = 0},
    {.bitmap_index = 10559, .adv_w = 342, .box_w = 20, .box_h = 34, .ofs_x = 1, .ofs_y = -1},
    {.bitmap_index = 11239, .adv_w = 347, .box_w = 20, .box_h = 34, .ofs_x = 1, .ofs_y = -1},
    {.bitmap_index = 11919, .adv_w = 129, .box_w = 7, .box_h = 21, .ofs_x = 1, .ofs_y = 0},
    {.bitmap_index = 12066, .adv_w = 129, .box_w = 7, .box_h = 26, .ofs_x = 1, .ofs_y = -5},
    {.bitmap_index = 12248, .adv_w = 341, .box_w = 20, .box_h = 21, .ofs_x = 1, .ofs_y = 6},
    {.bitmap_index = 12668, .adv_w = 341, .box_w = 20, .box_h = 13, .ofs_x = 1, .ofs_y = 10},
    {.bitmap_index = 12928, .adv_w = 341, .box_w = 20, .box_h = 21, .ofs_x = 1, .ofs_y = 6},
    {.bitmap_index = 13348, .adv_w = 336, .box_w = 20, .box_h = 33, .ofs_x = 1, .ofs_y = 0},
    {.bitmap_index = 14008, .adv_w = 496, .box_w = 31, .box_h = 34, .ofs_x = 0, .ofs_y = -1},
    {.bitmap_index = 15062, .adv_w = 325, .box_w = 22, .box_h = 32, .ofs_x = -1, .ofs_y = 0},
    {.bitmap_index = 15766, .adv_w = 353, .box_w = 20, .box_h = 32, .ofs_x = 1, .ofs_y = 0},
    {.bitmap_index = 16406, .adv_w = 354, .box_w = 20, .box_h = 34, .ofs_x = 1, .ofs_y = -1},
    {.bitmap_index = 17086, .adv_w = 354, .box_w = 20, .box_h = 32, .ofs_x = 1, .ofs_y = 0},
    {.bitmap_index = 17726, .adv_w = 266, .box_w = 15, .box_h = 32, .ofs_x = 1, .ofs_y = 0},
    {.bitmap_index = 18206, .adv_w = 255, .box_w = 15, .box_h = 32, .ofs_x = 1, .ofs_y = 0},
    {.bitmap_index = 18686, .adv_w = 353, .box_w = 20, .box_h = 34, .ofs_x = 1, .ofs_y = -1},
    {.bitmap_index = 19366, .adv_w = 355, .box_w = 20, .box_h = 32, .ofs_x = 1, .ofs_y = 0},
    {.bitmap_index = 20006, .adv_w = 184, .box_w = 9, .box_h = 32, .ofs_x = 1, .ofs_y = 0},
    {.bitmap_index = 20294, .adv_w = 212, .box_w = 12, .box_h = 32, .ofs_x = 0, .ofs_y = 0},
    {.bitmap_index = 20678, .adv_w = 343, .box_w = 21, .box_h = 32, .ofs_x = 1, .ofs_y = 0},
    {.bitmap_index = 21350, .adv_w = 243, .box_w = 14, .box_h = 32, .ofs_x = 1, .ofs_y = 0},
    {.bitmap_index = 21798, .adv_w = 459, .box_w = 27, .box_h = 32, .ofs_x = 1, .ofs_y = 0},
    {.bitmap_index = 22662, .adv_w = 347, .box_w = 19, .box_h = 32, .ofs_x = 1, .ofs_y = 0},
    {.bitmap_index = 23270, .adv_w = 350, .box_w = 20, .box_h = 34, .ofs_x = 1, .ofs_y = -1},
    {.bitmap_index = 23950, .adv_w = 321, .box_w = 19, .box_h = 32, .ofs_x = 1, .ofs_y = 0},
    {.bitmap_index = 24558, .adv_w = 350, .box_w = 20, .box_h = 37, .ofs_x = 1, .ofs_y = -4},
    {.bitmap_index = 25298, .adv_w = 345, .box_w = 19, .box_h = 32, .ofs_x = 1, .ofs_y = 0},
    {.bitmap_index = 25906, .adv_w = 331, .box_w = 20, .box_h = 34, .ofs_x = 0, .ofs_y = -1},
    {.bitmap_index = 26586, .adv_w = 295, .box_w = 19, .box_h = 32, .ofs_x = 0, .ofs_y = 0},
    {.bitmap_index = 27194, .adv_w = 350, .box_w = 20, .box_h = 33, .ofs_x = 1, .ofs_y = -1},
    {.bitmap_index = 27854, .adv_w = 335, .box_w = 23, .box_h = 32, .ofs_x = -1, .ofs_y = 0},
    {.bitmap_index = 28590, .adv_w = 521, .box_w = 33, .box_h = 32, .ofs_x = 0, .ofs_y = 0},
    {.bitmap_index = 29646, .adv_w = 309, .box_w = 20, .box_h = 32, .ofs_x = 0, .ofs_y = 0},
    {.bitmap_index = 30286, .adv_w = 303, .box_w = 21, .box_h = 32, .ofs_x = -1, .ofs_y = 0},
    {.bitmap_index = 30958, .adv_w = 254, .box_w = 16, .box_h = 32, .ofs_x = 0, .ofs_y = 0},
    {.bitmap_index = 31470, .adv_w = 181, .box_w = 10, .box_h = 32, .ofs_x = 1, .ofs_y = 0},
    {.bitmap_index = 31790, .adv_w = 253, .box_w = 16, .box_h = 34, .ofs_x = 0, .ofs_y = -1},
    {.bitmap_index = 32334, .adv_w = 181, .box_w = 10, .box_h = 32, .ofs_x = 0, .ofs_y = 0},
    {.bitmap_index = 32654, .adv_w = 309, .box_w = 20, .box_h = 16, .ofs_x = 0, .ofs_y = 16},
    {.bitmap_index = 32974, .adv_w = 353, .box_w = 24, .box_h = 3, .ofs_x = -1, .ofs_y = -5},
    {.bitmap_index = 33046, .adv_w = 213, .box_w = 11, .box_h = 6, .ofs_x = 0, .ofs_y = 30},
    {.bitmap_index = 33112, .adv_w = 323, .box_w = 18, .box_h = 27, .ofs_x = 1, .ofs_y = 0},
    {.bitmap_index = 33598, .adv_w = 333, .box_w = 19, .box_h = 32, .ofs_x = 1, .ofs_y = 0},
    {.bitmap_index = 34206, .adv_w = 317, .box_w = 18, .box_h = 27, .ofs_x = 1, .ofs_y = 0},
    {.bitmap_index = 34692, .adv_w = 333, .box_w = 19, .box_h = 32, .ofs_x = 1, .ofs_y = 0},
    {.bitmap_index = 35300, .adv_w = 327, .box_w = 19, .box_h = 27, .ofs_x = 1, .ofs_y = 0},
    {.bitmap_index = 35813, .adv_w = 185, .box_w = 12, .box_h = 32, .ofs_x = 0, .ofs_y = 0},
    {.bitmap_index = 36197, .adv_w = 332, .box_w = 19, .box_h = 32, .ofs_x = 1, .ofs_y = -5},
    {.bitmap_index = 36805, .adv_w = 335, .box_w = 19, .box_h = 32, .ofs_x = 1, .ofs_y = 0},
    {.bitmap_index = 37413, .adv_w = 175, .box_w = 9, .box_h = 32, .ofs_x = 1, .ofs_y = 0},
    {.bitmap_index = 37701, .adv_w = 179, .box_w = 11, .box_h = 36, .ofs_x = -1, .ofs_y = -4},
    {.bitmap_index = 38097, .adv_w = 306, .box_w = 19, .box_h = 32, .ofs_x = 1, .ofs_y = 0},
    {.bitmap_index = 38705, .adv_w = 175, .box_w = 9, .box_h = 32, .ofs_x = 1, .ofs_y = 0},
    {.bitmap_index = 38993, .adv_w = 493, .box_w = 29, .box_h = 27, .ofs_x = 1, .ofs_y = 0},
    {.bitmap_index = 39776, .adv_w = 335, .box_w = 19, .box_h = 27, .ofs_x = 1, .ofs_y = 0},
    {.bitmap_index = 40289, .adv_w = 327, .box_w = 19, .box_h = 27, .ofs_x = 1, .ofs_y = 0},
    {.bitmap_index = 40802, .adv_w = 332, .box_w = 19, .box_h = 31, .ofs_x = 1, .ofs_y = -4},
    {.bitmap_index = 41391, .adv_w = 332, .box_w = 19, .box_h = 31, .ofs_x = 1, .ofs_y = -4},
    {.bitmap_index = 41980, .adv_w = 229, .box_w = 13, .box_h = 27, .ofs_x = 1, .ofs_y = 0},
    {.bitmap_index = 42331, .adv_w = 301, .box_w = 19, .box_h = 27, .ofs_x = 0, .ofs_y = 0},
    {.bitmap_index = 42844, .adv_w = 195, .box_w = 13, .box_h = 30, .ofs_x = 0, .ofs_y = 0},
    {.bitmap_index = 43234, .adv_w = 334, .box_w = 19, .box_h = 27, .ofs_x = 1, .ofs_y = 0},
    {.bitmap_index = 43747, .adv_w = 280, .box_w = 19, .box_h = 27, .ofs_x = -1, .ofs_y = 0},
    {.bitmap_index = 44260, .adv_w = 428, .box_w = 28, .box_h = 27, .ofs_x = -1, .ofs_y = 0},
    {.bitmap_index = 45016, .adv_w = 278, .box_w = 18, .box_h = 27, .ofs_x = 0, .ofs_y = 0},
    {.bitmap_index = 45502, .adv_w = 287, .box_w = 19, .box_h = 31, .ofs_x = -1, .ofs_y = -4},
    {.bitmap_index = 46091, .adv_w = 225, .box_w = 14, .box_h = 27, .ofs_x = 0, .ofs_y = 0},
    {.bitmap_index = 46469, .adv_w = 237, .box_w = 15, .box_h = 39, .ofs_x = 0, .ofs_y = -7},
    {.bitmap_index = 47054, .adv_w = 173, .box_w = 5, .box_h = 38, .ofs_x = 3, .ofs_y = -6},
    {.bitmap_index = 47244, .adv_w = 237, .box_w = 15, .box_h = 39, .ofs_x = 0, .ofs_y = -7},
    {.bitmap_index = 47829, .adv_w = 336, .box_w = 19, .box_h = 10, .ofs_x = 1, .ofs_y = 12},
    {.bitmap_index = 48019, .adv_w = 222, .box_w = 14, .box_h = 13, .ofs_x = 0, .ofs_y = 20}
};

/*---------------------
 *  CHARACTER MAPPING
 *--------------------*/



/*Collect the unicode lists and glyph_id offsets*/
static const lv_font_fmt_txt_cmap_t cmaps[] =
{
    {
        .range_start = 32, .range_length = 95, .glyph_id_start = 1,
        .unicode_list = NULL, .glyph_id_ofs_list = NULL, .list_length = 0, .type = LV_FONT_FMT_TXT_CMAP_FORMAT0_TINY
    },
    {
        .range_start = 176, .range_length = 1, .glyph_id_start = 96,
        .unicode_list = NULL, .glyph_id_ofs_list = NULL, .list_length = 0, .type = LV_FONT_FMT_TXT_CMAP_FORMAT0_TINY
    }
};

/*-----------------
 *    KERNING
 *----------------*/


/*Pair left and right glyphs for kerning*/
static const uint8_t kern_pair_glyph_ids[] =
{
    9, 34,
    19, 21,
    20, 24,
    21, 18,
    21, 24,
    22, 18,
    22, 19,
    22, 24,
    23, 19,
    23, 24,
    24, 18,
    24, 20,
    24, 21,
    24, 24,
    34, 10,
    34, 13,
    34, 15,
    34, 16,
    34, 34,
    34, 43,
    34, 53,
    34, 55,
    34, 56,
    34, 57,
    34, 58,
    34, 59,
    34, 62,
    34, 89,
    34, 91,
    34, 94,
    38, 53,
    39, 13,
    39, 15,
    39, 34,
    39, 55,
    39, 56,
    39, 58,
    44, 10,
    44, 13,
    44, 15,
    44, 34,
    44, 36,
    44, 43,
    44, 48,
    44, 50,
    44, 52,
    44, 59,
    44, 62,
    44, 94,
    45, 13,
    45, 15,
    45, 34,
    45, 36,
    45, 40,
    45, 48,
    45, 50,
    45, 52,
    45, 53,
    45, 55,
    45, 56,
    45, 57,
    45, 58,
    45, 59,
    45, 90,
    49, 13,
    49, 15,
    49, 16,
    49, 34,
    49, 43,
    53, 13,
    53, 14,
    53, 15,
    53, 16,
    53, 34,
    53, 43,
    53, 55,
    53, 56,
    53, 58,
    53, 59,
    53, 66,
    53, 68,
    53, 70,
    53, 87,
    53, 88,
    53, 90,
    55, 13,
    55, 15,
    55, 16,
    55, 34,
    55, 43,
    55, 58,
    55, 90,
    56, 13,
    56, 15,
    56, 16,
    56, 34,
    56, 43,
    56, 58,
    56, 90,
    57, 13,
    57, 15,
    57, 34,
    57, 43,
    58, 13,
    58, 15,
    58, 16,
    58, 34,
    58, 43,
    58, 66,
    58, 68,
    58, 69,
    58, 70,
    58, 72,
    58, 80,
    58, 82,
    58, 84,
    59, 13,
    59, 15,
    59, 34,
    59, 90,
    60, 34,
    71, 87,
    71, 88,
    71, 90,
    83, 13,
    83, 15,
    83, 71,
    83, 85,
    83, 87,
    83, 88,
    83, 90,
    85, 13,
    85, 15,
    85, 87,
    85, 90,
    85, 91,
    87, 13,
    87, 15,
    87, 71,
    87, 85,
    87, 90,
    87, 91,
    88, 71,
    88, 90,
    88, 91,
    89, 13,
    89, 15,
    89, 90,
    90, 13,
    90, 15,
    90, 71,
    90, 85,
    90, 87,
    90, 89,
    90, 91,
    91, 13,
    91, 15,
    91, 71,
    91, 85,
    91, 87,
    91, 88,
    91, 90,
    91, 91,
    92, 34
};

/* Kerning between the respective left and right glyphs
 * 4.4 format which needs to scaled with `kern_scale`*/
static const int8_t kern_pair_values[] =
{
    16, -13, -6, -14, -12, -19, -13, -19,
    -6, -8, 14, 8, -13, 12, 16, 16,
    16, 16, 16, 16, -35, -14, -12, 16,
    -38, 16, 16, 16, 16, 16, -8, -34,
    -34, -13, 14, 13, 14, 10, 14, 14,
    13, -12, 8, -12, -12, -10, 12, 10,
    10, 17, 17, 16, -10, -8, -10, -10,
    -4, -46, -27, -22, 10, -42, 8, -16,
    -81, -81, -48, -16, -24, -53, -43, -53,
    -48, -26, -29, 16, 14, 16, -4, -27,
    -27, -27, 13, 13, 13, -24, -24, -22,
    -8, -17, 16, 13, -21, -21, -27, -6,
    -17, 12, 10, 23, 23, 16, 13, -54,
    -54, -53, -32, -29, -29, -29, -19, -29,
    -21, -29, -19, -21, 14, 14, 13, 16,
    16, 14, 13, 16, -45, -45, 12, 12,
    12, 12, 12, 19, 19, 12, 13, 14,
    -12, -12, 17, 17, 19, 6, 14, 16,
    4, 14, 14, 10, -12, -12, 13, 13,
    13, 13, 3, 14, 14, 10, 10, 16,
    13, 14, 12, 16
};

/*Collect the kern pair's data in one place*/
static const lv_font_fmt_txt_kern_pair_t kern_pairs =
{
    .glyph_ids = kern_pair_glyph_ids,
    .values = kern_pair_values,
    .pair_cnt = 164,
    .glyph_ids_size = 0
};

/*--------------------
 *  ALL CUSTOM DATA
 *--------------------*/

#if LVGL_VERSION_MAJOR == 8
/*Store all the custom data of the font*/
static  lv_font_fmt_txt_glyph_cache_t cache;
#endif

#if LVGL_VERSION_MAJOR >= 8
static const lv_font_fmt_txt_dsc_t font_dsc = {
#else
static lv_font_fmt_txt_dsc_t font_dsc = {
#endif
    .glyph_bitmap = glyph_bitmap,
    .glyph_dsc = glyph_dsc,
    .cmaps = cmaps,
    .kern_dsc = &kern_pairs,
    .kern_scale = 16,
    .cmap_num = 2,
    .bpp = 8,
    .kern_classes = 0,
    .bitmap_format = 0,
#if LVGL_VERSION_MAJOR == 8
    .cache = &cache
#endif
};



/*-----------------
 *  PUBLIC FONT
 *----------------*/

/*Initialize a public general font descriptor*/
#if LVGL_VERSION_MAJOR >= 8
const lv_font_t ui_font_impact_40 = {
#else
lv_font_t ui_font_impact_40 = {
#endif
    .get_glyph_dsc = lv_font_get_glyph_dsc_fmt_txt,    /*Function pointer to get glyph's data*/
    .get_glyph_bitmap = lv_font_get_bitmap_fmt_txt,    /*Function pointer to get glyph's bitmap*/
    .line_height = 43,          /*The maximum line height required by the font*/
    .base_line = 7,             /*Baseline measured from the bottom of the line*/
#if !(LVGL_VERSION_MAJOR == 6 && LVGL_VERSION_MINOR == 0)
    .subpx = LV_FONT_SUBPX_NONE,
#endif
#if LV_VERSION_CHECK(7, 4, 0) || LVGL_VERSION_MAJOR >= 8
    .underline_position = -4,
    .underline_thickness = 2,
#endif
    .dsc = &font_dsc,          /*The custom font data. Will be accessed by `get_glyph_bitmap/dsc` */
#if LV_VERSION_CHECK(8, 2, 0) || LVGL_VERSION_MAJOR >= 9
    .fallback = NULL,
#endif
    .user_data = NULL,
};



#endif /*#if UI_FONT_IMPACT_40*/

